Service,Votes,NumberIncluded,Description,Summary
GitHub,10300.0,270000.0,"Powerful collaboration, review, and code management for open source and private development projects","GitHub, Inc. () is a platform and cloud-based service for software development and version control using Git, allowing developers to store and manage their code. It provides the distributed version control of Git plus access control, bug tracking, software feature requests, task management, continuous integration, and wikis for every project. Headquartered in California, it has been a subsidiary of Microsoft since 2018.It is commonly used to host open source software development projects. As of January 2023, GitHub reported having over 100 million developers  and more than 372 million repositories, including at least 28 million public repositories. It is the world's largest source code host as of June 2023."
JavaScript,8039.999999999999,350000.0,"Lightweight, interpreted, object-oriented language with first-class functions","JavaScript (), often abbreviated as JS, is a programming language that is one of the core technologies of the World Wide Web, alongside HTML and CSS. As of 2023, 98.7% of websites use JavaScript on the client side for webpage behavior, often incorporating third-party libraries. All major web browsers have a dedicated JavaScript engine to execute the code on users' devices.
JavaScript is a high-level, often just-in-time compiled language that conforms to the ECMAScript standard. It has dynamic typing, prototype-based object-orientation, and first-class functions. It is multi-paradigm, supporting event-driven, functional, and imperative programming styles. It has application programming interfaces (APIs) for working with text, dates, regular expressions, standard data structures, and the Document Object Model (DOM).
The ECMAScript standard does not include any input/output (I/O), such as networking, storage, or graphics facilities. In practice, the web browser or other runtime system provides JavaScript APIs for I/O.
JavaScript engines were originally used only in web browsers, but are now core components of some servers and a variety of applications. The most popular runtime system for this usage is Node.js.
Although Java and JavaScript are similar in name, syntax, and respective standard libraries, the two languages are distinct and differ greatly in design."
Visual Studio Code,2280.0,168000.0,"Build and debug modern web and cloud applications, by Microsoft","Visual Studio Code, also commonly referred to as VS Code, is a source-code editor developed by Microsoft for Windows, Linux and macOS. Features include support for debugging, syntax highlighting, intelligent code completion, snippets, code refactoring, and embedded Git. Users can change the theme, keyboard shortcuts, preferences, and install extensions that add functionality.
In the Stack Overflow 2023 Developer Survey, Visual Studio Code was ranked the most popular developer environment tool among 86,544 respondents, with 73.71% reporting that they use it. The survey also found Visual Studio Code to be used more by those learning to code than by professional developers (78% vs. 74%)."
Python,6800.0,237000.0,"A clear and powerful object-oriented programming language, comparable to Perl, Ruby, Scheme, or Java.",Python may refer to:
Git,6590.0,291000.0,"Fast, scalable, distributed revision control system","Git () is a distributed version control system that tracks changes in any set of computer files, usually used for coordinating work among programmers who are collaboratively developing source code during software development. Its goals include speed, data integrity, and support for distributed, non-linear workflows (thousands of parallel branches running on different computers).Git was originally authored by Linus Torvalds in 2005 for development of the Linux kernel, with other kernel developers contributing to its initial development. Since 2005, Junio Hamano has been the core maintainer. As with most other distributed version control systems, and unlike most client–server systems, every Git directory on every computer is a full-fledged repository with complete history and full version-tracking abilities, independent of network access or a central server. Git is free and open-source software shared under the GPL-2.0-only license.
Since its creation, Git has become the most popular distributed version control system, with nearly 95% of developers reporting it as their primary version control system as of 2022. There are many popular offerings of Git repository services, including GitHub, SourceForge, Bitbucket and GitLab."
HTML5,2230.0,140000.0,5th major revision of the core language of the World Wide Web,"HTML5 (Hypertext Markup Language 5) is a markup language used for structuring and presenting content on the World Wide Web. It is the fifth and final major HTML version that is a World Wide Web Consortium (W3C) recommendation. The current specification is known as the HTML Living Standard. It is maintained by the Web Hypertext Application Technology Working Group (WHATWG), a consortium of the major browser vendors (Apple, Google, Mozilla, and Microsoft).
HTML5 was first released in a public-facing form on 22 January 2008, with a major update and ""W3C Recommendation"" status in October 2014. Its goals were to improve the language with support for the latest multimedia and other new features; to keep the language both easily readable by humans and consistently understood by computers and devices such as web browsers, parsers, etc., without XHTML's rigidity; and to remain backward-compatible with older software. HTML5 is intended to subsume not only HTML 4 but also XHTML 1 and DOM Level 2 HTML.HTML5 includes detailed processing models to encourage more interoperable implementations; it extends, improves, and rationalizes the markup available for documents and introduces markup and application programming interfaces (APIs) for complex web applications. For the same reasons, HTML5 is also a candidate for cross-platform mobile applications because it includes features designed with low-powered devices in mind.
Many new syntactic features are included. To natively include and handle multimedia and graphical content, the new <video>, <audio> and <canvas> elements were added, expandable sections are natively implemented through <summary>...</summary> and <details>...</details> rather than depending on CSS or JavaScript, and support for scalable vector graphics (SVG) content and MathML for mathematical formulas was also added. To enrich the semantic content of documents, new page structure elements such as <main>, <section>, <article>, <header>, <footer>, <aside>, <nav>, and <figure> are added. New attributes were introduced, some elements and attributes were removed, and others such as <a>, <cite>, and <menu> were changed, redefined, or standardized. The APIs and Document Object Model (DOM) are now fundamental parts of the HTML5 specification, and HTML5 also better defines the processing for any invalid documents."
Node.js,8530.0,183000.0,"A platform built on Chrome's JavaScript runtime for easily building fast, scalable network applications","Node.js is a cross-platform, open-source server environment that can run on Windows, Linux, Unix, macOS, and more. Node.js is a back-end JavaScript runtime environment, runs on the V8 JavaScript engine, and executes JavaScript code outside a web browser.
Node.js lets developers use JavaScript to write command line tools and for server-side scripting. The ability to run JavaScript code on the server is often used to generate dynamic web page content before the page is sent to the user's web browser. Consequently, Node.js represents a ""JavaScript everywhere"" paradigm, unifying web-application development around a single programming language, as opposed to using different languages for the server- versus client-side programming.
Node.js has an event-driven architecture capable of asynchronous I/O. These design choices aim to optimize throughput and scalability in web applications with many input/output operations, as well as for real-time Web applications (e.g., real-time communication programs and browser games).The Node.js distributed development project was previously governed by the Node.js Foundation, and has now merged with the JS Foundation to form the OpenJS Foundation. OpenJS Foundation is facilitated by the Linux Foundation's Collaborative Projects program."
Docker,3860.0,178000.0,Enterprise Container Platform for High-Velocity Innovation.,"Docker most often refers to:

A dockworker, a manual laborer who is involved in loading and unloading ships, also called a longshoreman or stevedoreDocker(s) may also refer to:"
React,4050.0,165000.0,A JavaScript library for building user interfaces,REACT or React may refer to:
MySQL,3740.0,120000.0,The world's most popular open source database,"MySQL () is an open-source relational database management system (RDBMS). Its name is a combination of ""My"", the name of co-founder Michael Widenius's daughter My, and ""SQL"", the acronym for Structured Query Language. A relational database organizes data into one or more data tables in which data may be related to each other; these relations help structure the data. SQL is a language that programmers use to create, modify and extract data from the relational database, as well as control user access to the database. In addition to relational databases and SQL, an RDBMS like MySQL works with an operating system to implement a relational database in a computer's storage system, manages users, allows for network access and facilitates testing database integrity and creation of backups.
MySQL is free and open-source software under the terms of the GNU General Public License, and is also available under a variety of proprietary licenses. MySQL was owned and sponsored by the Swedish company MySQL AB, which was bought by Sun Microsystems (now Oracle Corporation). In 2010, when Oracle acquired Sun, Widenius forked the open-source MySQL project to create MariaDB.MySQL has stand-alone clients that allow users to interact directly with a MySQL database using SQL, but more often, MySQL is used with other programs to implement applications that need relational database capability. MySQL is a component of the LAMP web application software stack (and others), which is an acronym for Linux, Apache, MySQL, Perl/PHP/Python. MySQL is used by many database-driven web applications, including Drupal, Joomla, phpBB, and WordPress. MySQL is also used by many popular websites, including Facebook, Flickr, MediaWiki, Twitter, and YouTube."
Gmail,32.0,121000.0,A free web-based e-mail service,"Gmail is a free email service provided by Google. As of 2019, it had 1.5 billion active users worldwide making it the largest email service in the world. It also provides a webmail interface, accessible through a web browser, and is also accessible through the official mobile application. Google also supports the use of third-party email clients via the POP and IMAP protocols.
At its launch in 2004, Gmail provided a storage capacity of one gigabyte per user, which was significantly higher than its competitors offered at the time. Today, the service comes with 15 gigabytes of storage for free, which is divided among other Google services, such as Google Drive, and Google Photos. Users in need of more storage can purchase Google One to increase this 15GB limit. Users can receive emails up to 50 megabytes in size, including attachments, while they can send emails up to 25 megabytes. In order to send larger files, users can insert files from Google Drive into the message. Gmail has a search-oriented interface and a ""conversation view"" similar to an Internet forum. The service is notable among website developers for its early adoption of Ajax.
Google's mail servers automatically scan emails for multiple purposes, including to filter spam and malware, and to add context-sensitive advertisements next to emails. This advertising practice has been significantly criticized by privacy advocates due to concerns over unlimited data retention, ease of monitoring by third parties, users of other email providers not having agreed to the policy upon sending emails to Gmail addresses, and the potential for Google to change its policies to further decrease privacy by combining information with other Google data usage. The company has been the subject of lawsuits concerning the issues. Google has stated that email users must ""necessarily expect"" their emails to be subject to automated processing and claims that the service refrains from displaying ads next to potentially sensitive messages, such as those mentioning race, religion, sexual orientation, health, or financial statements. In June 2017, Google announced the end to the use of contextual Gmail content for advertising purposes, relying instead on data gathered from the use of its other services."
PostgreSQL,3540.0,94800.0,"A powerful, open source object-relational database system","PostgreSQL (, POHST-gres kyoo el), also known as Postgres, is a free and open-source relational database management system (RDBMS) emphasizing extensibility and SQL compliance. It was originally named POSTGRES, referring to its origins as a successor to the Ingres database developed at the University of California, Berkeley. In 1996, the project was renamed to PostgreSQL to reflect its support for SQL. After a review in 2007, the development team decided to keep the name PostgreSQL and the alias Postgres.PostgreSQL features transactions with atomicity, consistency, isolation, durability (ACID) properties, automatically updatable views, materialized views, triggers, foreign keys, and stored procedures. It is designed to handle a range of workloads, from single machines to data warehouses or web services with many concurrent users. It was the default database for macOS Server and is also available for Linux, FreeBSD, OpenBSD, and Windows."
Java,3690.0,137000.0,"A concurrent, class-based, object-oriented, language specifically designed to have as few implementati...","Java (; Indonesian: Jawa, pronounced [ˈdʒawa]; Javanese: ꦗꦮ; Sundanese: ᮏᮝ) is one of the Greater Sunda Islands in Indonesia. It is bordered by the Indian Ocean to the south and the Java Sea to the north. With a population of 151.6 million people, Java is the world's most populous island, home to approximately 56% of the Indonesian population.Indonesia's capital city, Jakarta, is on Java's northwestern coast. Many of the best known events in Indonesian history took place on Java. It was the centre of powerful Hindu-Buddhist empires, the Islamic sultanates, and the core of the colonial Dutch East Indies. Java was also the center of the Indonesian struggle for independence during the 1930s and 1940s. Java dominates Indonesia politically, economically and culturally. Four of Indonesia's eight UNESCO world heritage sites are located in Java: Ujung Kulon National Park, Borobudur Temple, Prambanan Temple, and Sangiran Early Man Site.
Formed by volcanic eruptions due to geologic subduction of the Australian Plate under the Sunda Plate, Java is the 13th largest island in the world and the fifth largest in Indonesia by landmass at about 138,800 square kilometres (53,600 sq mi). A chain of volcanic mountains is the east–west spine of the island.
Four main languages are spoken on the island: Javanese, Sundanese, Madurese, and Betawi. Javanese and Sundanese are the most spoken. The ethnic groups native to the island are the Javanese in the central and eastern parts and Sundanese in the western parts. The Madurese in the Eastern salient of Java are migrants from Madura Island, while the Betawi in the capital city of Jakarta are hybrids from various ethnic groups in Indonesia. Most residents are bilingual, speaking Indonesian (the official language of Indonesia) as their first or second language. While the majority of the people of Java are Muslim, Java's population comprises people of diverse religious beliefs, ethnicities, and cultures.Java is divided into four administrative provinces: Banten, West Java, Central Java, and East Java, and two special regions, Jakarta and Yogyakarta."
TypeScript,499.0,93100.0,A superset of JavaScript that compiles to clean JavaScript output,"TypeScript is a free and open-source high-level programming language developed by Microsoft that adds static typing with optional type annotations to JavaScript. It is designed for the development of large applications and transpiles to JavaScript. Because TypeScript is a superset of JavaScript, all JavaScript programs are syntactically valid TypeScript, but they can fail to type-check for safety reasons.
TypeScript may be used to develop JavaScript applications for both client-side and server-side execution (as with Node.js or Deno). Multiple options are available for transpilation. The default TypeScript Compiler can be used, or the Babel compiler can be invoked to convert TypeScript to JavaScript.
TypeScript supports definition files that can contain type information of existing JavaScript libraries, much like C++ header files can describe the structure of existing object files. This enables other programs to use the values defined in the files as if they were statically typed TypeScript entities. There are third-party header files for popular libraries such as jQuery, MongoDB, and D3.js. TypeScript headers for the Node.js library modules are also available, allowing development of Node.js programs within TypeScript.The TypeScript compiler is itself written in TypeScript and compiled to JavaScript. It is licensed under the Apache License 2.0. Anders Hejlsberg, lead architect of C# and creator of Delphi and Turbo Pascal, has worked on the development of TypeScript."
CSS 3,0.0,75900.0,The latest evolution of the Cascading Style Sheets language,"Cascading Style Sheets (CSS) is a style sheet language used for describing the presentation of a document written in a markup language such as HTML or XML (including XML dialects such as SVG, MathML or XHTML). CSS is a cornerstone technology of the World Wide Web, alongside HTML and JavaScript.CSS is designed to enable the separation of content and presentation, including layout, colors, and fonts. This separation can improve content accessibility; provide more flexibility and control in the specification of presentation characteristics; enable multiple web pages to share formatting by specifying the relevant CSS in a separate .css file, which reduces complexity and repetition in the structural content; and enable the .css file to be cached to improve the page load speed between the pages that share the file and its formatting.
Separation of formatting and content also makes it feasible to present the same markup page in different styles for different rendering methods, such as on-screen, in print, by voice (via speech-based browser or screen reader), and on Braille-based tactile devices. CSS also has rules for alternate formatting if the content is accessed on a mobile device.The name cascading comes from the specified priority scheme to determine which style rule applies if more than one rule matches a particular element. This cascading priority scheme is predictable.
The CSS specifications are maintained by the World Wide Web Consortium (W3C). Internet media type (MIME type) text/css is registered for use with CSS by RFC 2318 (March 1998). The W3C operates a free CSS validation service for CSS documents.In addition to HTML, other markup languages support the use of CSS including XHTML, plain XML, SVG, and XUL. CSS is also used in the GTK widget toolkit."
npm,1630.0,121000.0,The package manager for JavaScript.,"npm is a package manager for the JavaScript programming language maintained by npm, Inc. npm is the default package manager for the JavaScript runtime environment Node.js and is included as a recommended feature in the Node.js installer.It consists of a command line client, also called npm, and an online database of public and paid-for private packages, called the npm registry. The registry is accessed via the client, and the available packages can be browsed and searched via the npm website. The package manager and the registry are managed by npm, Inc."
Postman,1800.0,90000.0,Only complete API development environment,"A mail carrier, also referred to as a mailman, mailwoman, postal carrier, postman, postwoman, postperson, letter carrier (in American English), or colloquially postie (in Australia, Canada, New Zealand, and the United Kingdom), is an employee of a post office or postal service who delivers mail and parcel post to residences and businesses. The term ""mail carrier"" came to be used as a gender-neutral substitute for ""mailman"" soon after women began performing the job.  In the Royal Mail, the official name changed from ""letter carrier"" to ""postman"" in 1883, and ""postwoman"" has also been used for many years."
Slack,6020.0,115000.0,Bring all your communication together in one place,Slack may refer to:
PHP,4600.0,140000.0,A popular general-purpose scripting language that is especially suited to web development,"PHP is a general-purpose scripting language geared towards web development. It was originally created by Danish-Canadian programmer Rasmus Lerdorf in 1993 and released in 1995. The PHP reference implementation is now produced by the PHP Group. PHP was originally an abbreviation of Personal Home Page, but it now stands for the recursive initialism PHP: Hypertext Preprocessor.PHP code is usually processed on a web server by a PHP interpreter implemented as a module, a daemon or a Common Gateway Interface (CGI) executable. On a web server, the result of the interpreted and executed PHP code—which may be any type of data, such as generated HTML or binary image data—would form the whole or part of an HTTP response. Various web template systems, web content management systems, and web frameworks exist that can be employed to orchestrate or facilitate the generation of that response. Additionally, PHP can be used for many programming tasks outside the web context, such as standalone graphical applications and robotic drone control. PHP code can also be directly executed from the command line.
The standard PHP interpreter, powered by the Zend Engine, is free software released under the PHP License. PHP has been widely ported and can be deployed on most web servers on a variety of operating systems and platforms.The PHP language evolved without a written formal specification or standard until 2014, with the original implementation acting as the de facto standard that other implementations aimed to follow. Since 2014, work has gone on to create a formal PHP specification.W3Techs reports that as of September 2023, ""PHP is used by 77.0% of all the websites whose server-side programming language we know."" It also reports that only 16.7% of PHP users use the currently supported 8.x versions. Most by far use the unsupported PHP 7, more specifically PHP 7.4, while 20% use PHP 5 (slightly more than use the supported PHP 8.x), which is not supported with security fixes and is known to have serious security vulnerabilities. This most likely indicates that these websites are vulnerable, those using 5.x, while it not does not necessarily indicate that for those using 7.x, since Linux distributions such as Ubuntu and Debian provide commercial support, and it may provide security patches for some unsupported 7.x versions such as 7.4 of PHP."
MongoDB,4130.0,90200.0,The database for giant ideas,"MongoDB is a source-available cross-platform document-oriented database program. Classified as a NoSQL database program, MongoDB uses JSON-like documents with optional schemas. MongoDB is developed by MongoDB Inc. and current versions are licensed under the Server Side Public License (SSPL) which is considered non-free by some organizations and distributions. MongoDB is a member of the MACH Alliance."
Google Drive,2130.0,77700.0,A safe place for all your files,"Google Drive is a file storage and synchronization service developed by Google. Launched on April 24, 2012, Google Drive allows users to store files in the cloud (on Google's servers), synchronize files across devices, and share files. In addition to a web interface, Google Drive offers apps with offline capabilities for Windows and macOS computers, and Android and iOS smartphones and tablets. Google Drive encompasses Google Docs, Google Sheets, and Google Slides, which are a part of the Google Docs Editors office suite that permits collaborative editing of documents, spreadsheets, presentations, drawings, forms, and more. Files created and edited through the Google Docs suite are saved in Google Drive.
Google Drive offers users 15 GB of free storage, sharing it with Gmail and Google Photos. Google Drive also offers 100 GB, 200 GB, and 2 TB through optional Google One paid plans. Files uploaded can be up to 750 GB in size. Users can change privacy settings for individual files and folders, including enabling sharing with other users or making content public. On the website, users can search for an image by describing its visuals, and use natural language to find specific files, such as ""find my budget spreadsheet from last December"".
The website and Android app offer a Backups section to see what Android devices have data backed up to the service, and a completely overhauled computer app released in July 2017 allows for backing up specific folders on the user's computer. A Quick Access feature can intelligently predict the files users need.
Google Drive is a key component of Google Workspace, Google's monthly subscription offering for businesses and organizations that operated as G Suite until October 2020. As part of select Google Workspace plans, Drive offers unlimited storage, advanced file audit reporting, enhanced administration controls, and greater collaboration tools for teams.
Following the launch of the service, Google Drive's privacy policy was heavily criticized by some members of the media. Google has one set of Terms of Service and Privacy Policy agreements that cover all of its services, meaning that the language in the agreements grants the company broad rights to reproduce, use, and create derivative works from content stored on Google Drive. While the policies also confirm that users retain intellectual property rights, privacy advocates raised concerns that the licenses grant Google the right to use the information and data to customize the advertising and other services Google provides. In contrast, other members of the media noted that the agreements were no worse than those of competing cloud storage services, but that the competition uses ""more artful language"" in the agreements, and also stated that Google needs the rights in order to ""move files around on its servers, cache your data, or make image thumbnails"".
As of July 2018, Google Drive had over one billion active users, and as of September 2015, it had over one million organizational paying users. As of May 2017, there were over two trillion files stored on the service."
GitLab,2470.0,59000.0,Open source self-hosted Git management software,"GitLab Inc. is an open-core company that operates GitLab, a DevOps software package that can develop, secure, and operate software. The open source software project was created by Ukrainian developer Dmytro Zaporozhets and Dutch developer Sytse Sijbrandij.  In 2018, GitLab Inc. was considered to be the first partly-Ukrainian unicorn.Since its founding, GitLab Inc. has promoted remote work, and is known as one of the largest all-remote companies in the world. GitLab has an estimated 30 million registered users, with 1 million being active licensed users."
NGINX,5490.0,111000.0,A high performance free open source web server powering busiest sites on the Internet.,"Nginx (pronounced ""engine x""   EN-jin-EKS, stylized as NGINX or nginx) is a web server that can also be used as a reverse proxy, load balancer, mail proxy and HTTP cache.  The software was created by Russian developer Igor Sysoev and publicly released in 2004. Nginx is free and open-source software, released under the terms of the 2-clause BSD license. A large fraction of web servers use Nginx, often as a load balancer.A company of the same name was founded in 2011 to provide support and NGINX Plus paid software. In March 2019, the company was acquired by F5, Inc. for $670 million."
Visual Studio,1090.0,55200.0,"State-of-the-art tools and services that you can use to create great apps for devices, the cloud, and ...","Visual Studio is an integrated development environment (IDE) from Microsoft. It is used to develop computer programs including websites, web apps, web services and mobile apps. Visual Studio uses Microsoft software development platforms such as Windows API, Windows Forms, Windows Presentation Foundation, Windows Store and Microsoft Silverlight. It can produce both native code and managed code.
Visual Studio includes a code editor supporting IntelliSense (the code completion component) as well as code refactoring. The integrated debugger works as both a source-level debugger and as a machine-level debugger. Other built-in tools include a code profiler, designer for building GUI applications, web designer, class designer, and database schema designer. It accepts plug-ins that expand the functionality at almost every level—including adding support for source control systems (like Subversion and Git) and adding new toolsets like editors and visual designers for domain-specific languages or toolsets for other aspects of the software development lifecycle (like the Azure DevOps client: Team Explorer).
Visual Studio supports 36 different programming languages and allows the code editor and debugger to support (to varying degrees) nearly any programming language, provided a language-specific service exists. Built-in languages include C, C++, C++/CLI, Visual Basic .NET, C#, F#, JavaScript, TypeScript, XML, XSLT, HTML, and CSS. Support for other languages such as Python, Ruby, Node.js, and M among others is available via plug-ins. Java (and J#) were supported in the past.
The most basic edition of Visual Studio, the Community edition, is available free of charge. The slogan for Visual Studio Community edition is ""Free, fully-featured IDE for students, open-source and individual developers"".
As of January 10, 2023, Visual Studio 2022 is a current production-ready version. Visual Studio 2013, 2015 and 2017 are on Extended Support, while 2019 is on Mainstream Support."
jQuery,6560.0,190000.0,"The Write Less, Do More, JavaScript Library.","jQuery is a JavaScript library designed to simplify HTML DOM tree traversal and manipulation, as well as event handling, CSS animation, and Ajax. It is free, open-source software using the permissive MIT License. As of August 2022, jQuery is used by 77% of the 10 million most popular websites. Web analysis indicates that it is the most widely deployed JavaScript library by a large margin, having at least 3 to 4 times more usage than any other JavaScript library.jQuery's syntax is designed to make it easier to navigate a document, select DOM elements, create animations, handle events, and develop Ajax applications. jQuery also provides capabilities for developers to create plug-ins on top of the JavaScript library. This enables developers to create abstractions for low-level interaction and animation, advanced effects and high-level, theme-able widgets. The modular approach to the jQuery library allows the creation of powerful dynamic web pages and Web applications.
The set of jQuery core features—DOM element selections, traversal, and manipulation—enabled by its selector engine (named ""Sizzle"" from v1.3), created a new ""programming style"", fusing algorithms and DOM data structures. This style influenced the architecture of other JavaScript frameworks like YUI v3 and Dojo, later stimulating the creation of the standard Selectors API.Microsoft and Nokia bundle jQuery on their platforms. Microsoft includes it with Visual Studio for use within Microsoft's ASP.NET AJAX and ASP.NET MVC frameworks while Nokia has integrated it into the Web Run-Time widget development platform."
Ubuntu,461.0,74900.0,"The leading OS for PC, tablet, phone and cloud","Ubuntu (  uu-BUUN-too) is a Linux distribution based on Debian and composed mostly of free and open-source software. Ubuntu is officially released in multiple editions: Desktop, Server, and Core for Internet of things devices and robots. All of the editions can run on a computer alone, or in a virtual machine. Ubuntu is a popular operating system for cloud computing, with support for OpenStack.An upgrade to Ubuntu is released every six months, with long-term support (LTS) releases every two years. As of October 2023, the most-recent release is 23.10 (""Mantic Minotaur""), and the current long-term support release is 22.04 (""Jammy Jellyfish"").
Ubuntu is developed by the British company Canonical, and a community of other developers, under a meritocratic governance model. Canonical provides security updates and support for each Ubuntu release, starting from the release date until the release reaches its designated end-of-life (EOL) date. Canonical generates revenue through the sale of premium services related to Ubuntu and donations from those who download the Ubuntu software.Ubuntu is named after the Nguni philosophy of ubuntu, which Canonical indicates means ""humanity to others"" with a connotation of ""I am what I am because of who we all are"".
Ubuntu is also supported by Microsoft, in Windows 10 and 11, by enabling WSL (or WSLg for GUI applications)."
Stack Overflow,893.0,66400.0,Question and answer site for professional and enthusiast programmers,"Stack Overflow is a question-and-answer website for programmers. It is the flagship site of the Stack Exchange Network. It was created in 2008 by Jeff Atwood and Joel Spolsky. It features questions and answers on certain computer programming topics. It was created to be a more open alternative to earlier question and answer websites such as Experts-Exchange. Stack Overflow was sold to Prosus, a Netherlands-based consumer internet conglomerate, on 2 June 2021 for $1.8 billion.The website serves as a platform for users to ask and answer questions, and, through membership and active participation, to vote questions and answers up or down similar to Reddit and edit questions and answers in a fashion similar to a wiki. Users of Stack Overflow can earn reputation points and ""badges""; for example, a person is awarded 10 reputation points for receiving an ""up"" vote on a question or an answer to a question, and can receive badges for their valued contributions, which represents a gamification of the traditional Q&A website. Users unlock new privileges with an increase in reputation like the ability to vote, comment, and even edit other people's posts.As of March 2022 Stack Overflow has over 20 million registered users, and has received over 24 million questions and 35 million answers. The site and similar programming question and answer sites have globally mostly replaced programming books for day-to-day programming reference in the 2000s, and today are an important part of computer programming. Based on the type of tags assigned to questions, the top eight most discussed topics on the site are: JavaScript, Java, C#, PHP, Android, Python, jQuery, and HTML."
C#,2120.0,54000.0,"Simple, general-purpose, object-oriented programming language for the .NET platform","C, or c, is the third letter in the Latin alphabet, used in the modern English alphabet, the alphabets of other western European languages and others worldwide. Its name in English is cee (pronounced ), plural cees."
ES6,165.0,68500.0,The next version of JavaScript,"ECMAScript is a JavaScript standard developed by Ecma International. Since 2015, major versions have been published every June.
ECMAScript 2023, the 14th and current version, was released in June 2023."
IntelliJ IDEA,1540.0,41300.0,Capable and Ergonomic IDE for JVM,"IntelliJ IDEA is an integrated development environment (IDE) written in Java for developing computer software written in Java, Kotlin, Groovy, and other JVM-based languages. It is developed by JetBrains (formerly known as IntelliJ) and is available as an Apache 2 Licensed community edition, and in a proprietary commercial edition. Both can be used for commercial development."
Django,4150.0,35900.0,The Web framework for perfectionists with deadlines,Django may refer to:
Kubernetes,673.0,56500.0,Manage a cluster of Linux containers as a single system to accelerate Dev and simplify Ops,"Kubernetes (, commonly abbreviated K8s) is an open-source container orchestration system for automating software deployment, scaling, and management. Originally designed by Google, the project is now maintained by the Cloud Native Computing Foundation.
The name Kubernetes originates from Ancient Greek, meaning 'helmsman' or 'pilot'. Kubernetes is often abbreviated as K8s, counting the eight letters between the K and the s (a numeronym).Kubernetes works with various container runtimes, such as containerd and CRI-O. Its suitability for running and managing large cloud-native workloads has led to widespread adoption of it in the data center. There are multiple distributions of this platform – from independent software vendors (ISVs) as well as hosted-on-cloud offerings from all the major public cloud vendors."
Vue.js,1550.0,51700.0,A progressive framework for building user interfaces,"Vue.js (commonly referred to as Vue; pronounced ""view"") is an open-source model–view–viewmodel front end JavaScript library for building user interfaces and single-page applications. It was created by Evan You, and is maintained by him and the rest of the active core team members."
Jenkins,2220.0,56200.0,An extendable open source continuous integration server,Jenkins may refer to:
PyCharm,450.0,26500.0,The Most Intelligent Python IDE,"PyCharm is an integrated development environment (IDE) used for programming in Python. It provides code analysis, a graphical debugger, an integrated unit tester, integration with version control systems, and supports web development with Django. PyCharm is developed by the Czech company JetBrains.It is cross-platform, working on Microsoft Windows, macOS and Linux. PyCharm has a Professional Edition, released under a proprietary license  and a Community Edition released under the Apache License. PyCharm Community Edition is less extensive than the Professional Edition."
VirtualBox,1130.0,29600.0,Run nearly any operating system on a single machine and to freely switch between OS instances running ...,"Oracle VM VirtualBox (formerly Sun VirtualBox, Sun xVM VirtualBox and InnoTek VirtualBox) is a type-2 hypervisor for x86 virtualization developed by Oracle Corporation. VirtualBox was originally created by InnoTek Systemberatung GmbH, which was acquired by Sun Microsystems in 2008, which was in turn acquired by Oracle in 2010.
VirtualBox may be installed on Microsoft Windows, macOS, Linux, Solaris and OpenSolaris. There are also ports to FreeBSD and Genode. It supports the creation and management of guest virtual machines running Windows, Linux, BSD, OS/2, Solaris, Haiku, and OSx86, as well as limited virtualization of macOS guests on Apple hardware. For some guest operating systems, a ""Guest Additions"" package of device drivers and system applications is available, which typically improves performance, especially that of graphics, and allows changing the resolution of the guest OS automatically when the window of the virtual machine on the host OS is resized.
Released under the terms of the GNU General Public License and, optionally, the CDDL for most files of the source distribution, VirtualBox is free and open-source software, though the Extension Pack is proprietary software, free of charge only to personal users. The License to VirtualBox was relicensed to GPLv3 with linking exceptions to the CDDL and other GPL-incompatible licenses."
AngularJS,5280.0,59300.0,Superheroic JavaScript MVW Framework,"AngularJS is a discontinued free and open-source JavaScript-based web framework for developing single-page applications. It was maintained mainly by Google and a community of individuals and corporations. It aimed to simplify both the development and the testing of such applications by providing a framework for client-side model–view–controller (MVC) and model–view–viewmodel (MVVM) architectures, along with components commonly used in web applications and progressive web applications.
AngularJS was used as the frontend of the MEAN stack, that consisted of MongoDB database, Express.js web application server framework, AngularJS itself (or Angular), and Node.js server runtime environment.
As of January 1, 2022, Google no longer updates AngularJS to fix security, browser compatibility, or jQuery issues. The Angular team recommends upgrading to Angular (v2+) as the best path forward, but they also provided some other options."
Google Maps,566.0,39500.0,Build highly customisable maps with your own content and imagery,"Google Maps is a web mapping platform and consumer application offered by Google. It offers satellite imagery, aerial photography, street maps, 360° interactive panoramic views of streets (Street View), real-time traffic conditions, and route planning for traveling by foot, car, bike, air (in beta) and public transportation. As of 2020, Google Maps was being used by over one billion people every month around the world.Google Maps began as a C++ desktop program developed by brothers Lars and Jens Rasmussen at Where 2 Technologies. In October 2004, the company was acquired by Google, which converted it into a web application. After additional acquisitions of a geospatial data visualization company and a real-time traffic analyzer, Google Maps was launched in February 2005. The service's front end utilizes JavaScript, XML, and Ajax. Google Maps offers an API that allows maps to be embedded on third-party websites, and offers a locator for businesses and other organizations in numerous countries around the world. Google Map Maker allowed users to collaboratively expand and update the service's mapping worldwide but was discontinued from March 2017. However, crowdsourced contributions to Google Maps were not discontinued as the company announced those features would be transferred to the Google Local Guides program.
Google Maps' satellite view is a ""top-down"" or bird's-eye view; most of the high-resolution imagery of cities is aerial photography taken from aircraft flying at 800 to 1,500 feet (240 to 460 m), while most other imagery is from satellites. Much of the available satellite imagery is no more than three years old and is updated on a regular basis, according to a 2011 report. Google Maps previously used a variant of the Mercator projection, and therefore could not accurately show areas around the poles. In August 2018, the desktop version of Google Maps was updated to show a 3D globe. It is still possible to switch back to the 2D map in the settings.
Google Maps for mobile devices were first released in 2006; the latest versions feature GPS turn-by-turn navigation along with dedicated parking assistance features. By 2013, it was found to be the world's most popular smartphone app, with over 54% of global smartphone owners using it. In 2017, the app was reported to have two billion users on Android, along with several other Google services including YouTube, Chrome, Gmail, Search, and Google Play."
Kafka,606.0,22200.0,"Distributed, fault tolerant, high throughput pub-sub messaging system","Franz Kafka (3 July 1883 – 3 June 1924) was a German-speaking Bohemian novelist and short-story writer based in Prague, who is widely regarded as one of the major figures of 20th-century literature. His work fuses elements of realism and the fantastic. It typically features isolated protagonists facing bizarre or surrealistic predicaments and incomprehensible socio-bureaucratic powers. It has been interpreted as exploring themes of alienation, existential anxiety, guilt, and absurdity. His best known works include the novella The Metamorphosis and novels The Trial and The Castle. The term Kafkaesque has entered English to describe absurd situations like those depicted in his writing.Kafka was born into a middle-class German-speaking Czech Jewish family in Prague, the capital of the Kingdom of Bohemia, then part of the Austro-Hungarian Empire (today the capital of the Czech Republic). He trained as a lawyer, and after completing his legal education was employed full-time by an insurance company, forcing him to relegate writing to his spare time. Over the course of his life, Kafka wrote hundreds of letters to family and close friends, including his father, with whom he had a strained and formal relationship. He became engaged to several women but never married. He died in obscurity in 1924 at the age of 40 from tuberculosis.
Kafka was a prolific writer, spending most of his free time writing, often late in the night. He burned an estimated 90 per cent of his total work due to his persistent struggles with self-doubt. Much of the remaining 10 per cent is lost or otherwise unpublished. Few of Kafka's works were published during his lifetime: the story collections Contemplation and A Country Doctor, and individual stories (such as his novella The Metamorphosis) were published in literary magazines but received little public attention.
In his will, Kafka instructed his close friend and literary executor Max Brod to destroy his unfinished works, including his novels The Trial, The Castle, and Amerika, but Brod ignored these instructions and had much of his work published. Kafka's writings became famous in German-speaking countries after World War II, influencing their literature, and its influence spread elsewhere in the world in the 1960s. It has also influenced artists, composers, and philosophers."
Redis,3940.0,56300.0,"Open source (BSD licensed), in-memory data structure store","Redis (; Remote Dictionary Server) is an open-source in-memory storage, used as a distributed, in-memory key–value database, cache and message broker, with optional durability. Because it holds all data in memory and because of its design, Redis offers low-latency reads and writes, making it particularly suitable for use cases that require a cache. Redis is the most popular NoSQL database, and one of the most popular databases overall. Redis is used in companies like Twitter, Airbnb, Tinder, Yahoo, Adobe, Hulu, Amazon and OpenAi.Redis supports different kinds of abstract data structures, such as strings, lists, maps, sets, sorted sets, HyperLogLogs, bitmaps, streams, and spatial indices. 
The project was developed and maintained by Salvatore Sanfilippo, starting in 2009. From 2015 until 2020, he led a project core team sponsored by Redis Labs. Salvatore Sanfilippo left Redis as the maintainer in 2020. In 2021 Redis Labs dropped the Labs from its name and now is known simply as ""Redis"".Redis is released under a BSD 3-clause license."
Jira,1180.0,58800.0,"The #1 software development tool used by agile teams to plan, track, and release great software.","Jira may refer to:

Jira (given name)
Jira (software), a bug-tracking, issue-tracking and project-management software application
Jira (Toho) or Zilla, a fictional giant dinosaur-like monster
Japan Industrial Robot Association or Japan Robot Association
Jira (nahiyah), a nahiyah of Safad Sanjak under the Ottoman Empire
La Jira, a festival celebrated in some areas of Spain, such as Oviñana
Jira or zira, cumin in Indian cuisine
Jira water, a drink made from cumin"
Google Analytics,5050.0,125000.0,Enterprise-class web analytics.,"Google Analytics is a web analytics service offered by Google that tracks and reports website traffic and also the mobile app traffic & events, currently as a platform inside the Google Marketing Platform brand. Google launched the service in November 2005 after acquiring Urchin.As of 2019, Google Analytics is the most widely used web analytics service on the web. Google Analytics provides an SDK that allows gathering usage data from iOS and Android app, known as Google Analytics for Mobile Apps.Google Analytics has undergone many updates since its inception and is currently on its 4th iteration — GA4. GA4 is the default Google Analytics installation, and is the renamed version for the (App + Web) Property that Google  released in 2019 in a Beta form. GA4 has also replaced Universal Analytics (UA). One notable feature of GA4 is a natural integration with Google's BigQuery — a feature previously only available with the enterprise GA 360. This move indicates efforts by Google to integrate GA and its free users into their wider cloud offering.As of July 1, 2023, Universal Analytics ceased collecting new data, with Google Analytics 4 succeeding it as the primary analytics platform. Google had previously announced this change in March 2022. While users had the ability to use Universal Analytics up to the July 2023 deadline, no new data has been added to UA since its sunset. On July 1, 2024, all users, including GA 360, will lose access to all Universal Analytics properties."
WordPress,2070.0,94700.0,"A semantic personal publishing platform with a focus on aesthetics, web standards, and usability.","WordPress (also known as WP or WordPress.org) is a web content management system. It was originally created as a tool to publish blogs but has evolved to support publishing other web content, including more traditional websites, mailing lists and Internet forum, media galleries, membership sites, learning management systems and online stores. Available as free and open-source software, WordPress is among the most popular content management systems – it was used by 42.8% of the top 10 million websites as of October 2021.WordPress is written in PHP hypertext preprocessor language and paired with a MySQL or MariaDB database. Features include a plugin architecture and a template system, referred to within WordPress as ""Themes"".
To function, WordPress has to be installed on a web server, either as part of an Internet hosting service or on a computer running the WordPress software package.WordPress was released on May 27, 2003, by its founders, American developer Matt Mullenweg and English developer Mike Little. WordPress Foundation owns WordPress, WordPress projects, and other related trademarks."
Amazon Web Services (AWS),0.0,28400.0,A comprehensive and broadly adopted cloud platform,
GraphQL,310.0,32000.0,A data query language and runtime,"GraphQL is an open-source data query and manipulation language for APIs and a query runtime engine. 
GraphQL enables declarative data fetching where a client can specify exactly what data it needs from an API. Instead of multiple endpoints that return separate data, a GraphQL server exposes a single endpoint and responds with precisely the data a client asked for. Because a GraphQL server can fetch from separate data sources and present the data in a unified graph, it isn't tied to any specific database or storage engine."
Elasticsearch,1640.0,33100.0,"Open Source, Distributed, RESTful Search Engine","Elasticsearch is a search engine based on the Lucene library. It provides a distributed, multitenant-capable full-text search engine with an HTTP web interface and schema-free JSON documents. Elasticsearch is developed in Java and is dual-licensed under the source-available Server Side Public License and the Elastic license, while other parts fall under the proprietary (source-available) Elastic License. Official clients are available in Java, .NET (C#), PHP, Python, Ruby and many other languages. According to the DB-Engines ranking, Elasticsearch is the most popular enterprise search engine."
Grafana,414.0,16600.0,Open source Graphite & InfluxDB Dashboard and Graph Editor,"Grafana is a multi-platform open source analytics and interactive visualization web application. It provides charts, graphs, and alerts for the web when connected to supported data sources.
There is also a licensed Grafana Enterprise version with additional capabilities available as a self-hosted installation or an account on the Grafana Labs cloud service. It is expandable through a plug-in system. End users can create complex monitoring dashboards using interactive query builders. Grafana is divided into a front end and back end, written in TypeScript and Go, respectively.As a visualization tool, Grafana is a popular component in monitoring stacks, often used in combination with time series databases such as InfluxDB, Prometheus and Graphite; monitoring platforms such as Sensu, Icinga, Checkmk, Zabbix, Netdata, and PRTG; SIEMs such as Elasticsearch and Splunk; and other data sources. The Grafana user interface was originally based on version 3 of Kibana."
Firebase,1960.0,38800.0,The Realtime App Platform,"Firebase, Inc. is a set of backend cloud computing services and application development platforms provided by Google. It hosts databases, services, authentication, and integration for a variety of applications, including Android, iOS, JavaScript, Node.js, Java, Unity, PHP, and C++."
Amazon S3,2040.0,51500.0,"Store and retrieve any amount of data, at any time, from anywhere on the web","Amazon S3 or Amazon Simple Storage Service is a service offered by Amazon Web Services (AWS) that provides object storage through a web service interface. Amazon S3 uses the same scalable storage infrastructure that Amazon.com uses to run its e-commerce network. Amazon S3 can store any type of object, which allows uses like storage for Internet applications, backups, disaster recovery, data archives, data lakes for analytics, and hybrid cloud storage. AWS launched Amazon S3 in the United States on March 14, 2006, then in Europe in November 2007."
CloudFlare,1770.0,74900.0,The Web Performance & Security Company.,"Cloudflare, Inc. is an American company that provides content delivery network services, cloud cybersecurity, DDoS mitigation, and ICANN-accredited domain registration services. Cloudflare's headquarters are located in San Francisco, California. According to The Hill, it is used by more than 20 percent of the Internet for its web security services as of 2022."
Trello,3710.0,41800.0,"Your entire project, in a single glance","Trello is a web-based, kanban-style, list-making application and is developed by Trello Enterprise, a subsidiary of Atlassian. Created in 2011 by Fog Creek Software, it was spun out to form the basis of a separate company in New York City in 2014 and sold to Atlassian in January 2017."
Bitbucket,2850.0,39200.0,"One place to plan projects, collaborate on code, test and deploy, all with free private repositories",Bitbucket is a Git-based source code repository hosting service owned by Atlassian.  Bitbucket offers both commercial plans and free accounts with an unlimited number of private repositories.
Flutter,1160.0,15300.0,Cross-platform mobile framework from Google,Flutter may refer to:
RabbitMQ,528.0,20200.0,Open source multiprotocol messaging broker,"RabbitMQ is an open-source message-broker software (sometimes called message-oriented middleware) that originally implemented the Advanced Message Queuing Protocol (AMQP) and has since been extended with a plug-in architecture to support Streaming Text Oriented Messaging Protocol (STOMP), MQ Telemetry Transport (MQTT), and other protocols.Written in Erlang, the RabbitMQ server is built on the Open Telecom Platform framework for clustering and failover. Client libraries to interface with the broker are available for all major programming languages. The source code is released under the Mozilla Public License.
Since November 2020, there are commercial offerings available of RabbitMQ, for support and enterprise features: ""VMware RabbitMQ OVA"", ""VMware RabbitMQ"" and ""VMware RabbitMQ for Kubernetes"" (different feature levels)  Open-Source RabbitMQ is also packaged by Bitnami and commercially for VMware's Tanzu Application Service."
PonyDebugger,4.0,1080.0,Remote network and data debugging for your native iOS app using Chrome Developer Tools,
Terraform,343.0,17100.0,Describe your complete infrastructure as code and build resources across providers,"Terraform or Terraformer may refer to:

Terraforming, a hypothetical planetary engineering process
Terraform (software), an infrastructure as configuration software tool"
ExpressJS,1600.0,29400.0,"Sinatra inspired web development framework for node.js -- insanely fast, flexible, and simple",
Yarn,151.0,22000.0,A new package manager for JavaScript,"Yarn is a long continuous length of interlocked fibres, used in sewing, crocheting, knitting, weaving, embroidery, ropemaking, and the production of textiles. Thread is a type of yarn intended for sewing by hand or machine. Modern manufactured sewing threads may be finished with wax or other lubricants to withstand the stresses involved in sewing. Embroidery threads are yarns specifically designed for needlework. Yarn can be made of a number of natural or synthetic materials, and comes in a variety of colors and thicknesses (referred to as ""weights""). Although yarn may be dyed different colours, most yarns are solid coloured with a uniform hue."
Markdown,960.0,20500.0,"Text-to-HTML conversion tool/syntax for web writers, by John Gruber","Markdown is a lightweight markup language for creating formatted text using a plain-text editor. John Gruber created Markdown in 2004 as a markup language that is easy to read in its source code form. Markdown is widely used for blogging and instant messaging, and also used elsewhere in online forums, collaborative software, documentation pages, and readme files.
The initial description of Markdown contained ambiguities and raised unanswered questions, causing implementations to both intentionally and accidentally diverge from the original version. This was addressed in 2014 when long-standing Markdown contributors released CommonMark, an unambiguous specification and test suite for Markdown."
Docker Compose,501.0,20400.0,Define and run multi-container applications with Docker,
Google Cloud Platform,18.0,24100.0,A suite of cloud computing services,"Google Cloud Platform (GCP), offered by Google, is a suite of cloud computing services that provides a series of modular cloud services including computing, data storage, data analytics and machine learning, alongside a set of management tools. It runs on the same infrastructure that Google uses internally for its end-user products, such as Google Search, Gmail, and Google Docs, according to Verma, et.al. Registration requires a credit card or bank account details.Google Cloud Platform provides infrastructure as a service, platform as a service, and serverless computing environments.
In April 2008, Google announced App Engine, a platform for developing and hosting web applications in Google-managed data centers, which was the first cloud computing service from the company. The service became generally available in November 2011. Since the announcement of App Engine, Google added multiple cloud services to the platform.
Google Cloud Platform is a part of Google Cloud, which includes the Google Cloud Platform public cloud infrastructure, as well as Google Workspace (G Suite), enterprise versions of Android and ChromeOS, and application programming interfaces (APIs) for machine learning and enterprise mapping services."
Kotlin,647.0,14000.0,Statically typed Programming Language targeting JVM and JavaScript,"Kotlin may refer to:

Kotlin, Greater Poland Voivodeship, a village in west-central Poland
Kotlin Island, a Russian island near the head of the Gulf of Finland
Kotlin (programming language), a general-purpose programming language
Kotlin-class destroyer, a class of destroyers built for the Soviet Navy
Kotlin, a brand of fruit and vegetable products made by Agros Nova, a Polish company"
Vim,2360.0,26300.0,Highly configurable text editor built to enable efficient text editing,Vim or VIM may refer to:
GitHub Actions,26.0,15100.0,Automate your workflow from idea to production,
React Native,1140.0,31800.0,A framework for building native apps with React,"React Native is an open-source UI software framework created by Meta Platforms, Inc. It is used to develop applications for Android: §Chapter 1 , Android TV, iOS: §Chapter 1 , macOS, tvOS, Web, Windows and UWP by enabling developers to use the React framework along with native platform capabilities. It is used to develop the Android and iOS applications at Facebook, Microsoft, and Shopify. It is also being used to develop virtual reality applications at Oculus."
SQLite,530.0,17700.0,"A software library that implements a self-contained, serverless, zero-configuration, transactional SQL...","SQLite (, ) is a database engine written in the C programming language. It is not a standalone app; rather, it is a library that software developers embed in their apps. As such, it belongs to the family of embedded databases. It is the most widely deployed database engine, as it is used by several of the top web browsers, operating systems, mobile phones, and other embedded systems.Many programming languages have bindings to the SQLite library. It generally follows PostgreSQL syntax, but does not enforce type checking by default. This means that one can, for example, insert a string into a column defined as an integer."
Amazon EC2,2550.0,47000.0,"Scalable, pay-as-you-go compute capacity in the cloud","Amazon Elastic Compute Cloud (EC2) is a part of Amazon.com's cloud-computing platform, Amazon Web Services (AWS), that allows users to rent virtual computers on which to run their own computer applications. EC2 encourages scalable deployment of applications by providing a web service through which a user can boot an Amazon Machine Image (AMI) to configure a virtual machine, which Amazon calls an ""instance"", containing any software desired. A user can create, launch, and terminate server-instances as needed, paying by the second for active servers – hence the term ""elastic"". EC2 provides users with control over the geographical location of instances that allows for latency optimization and high levels of redundancy. In November 2010, Amazon switched its own retail website platform to EC2 and AWS."
Microsoft Azure,768.0,23600.0,"Integrated cloud services and infrastructure to support computing, database, analytics, mobile, and we...","Microsoft Azure, often referred to as Azure (/ˈæʒər, ˈeɪʒər/ AZH-ər, AY-zhər, UK also /ˈæzjʊər, ˈeɪzjʊər/ AZ-ure, AY-zure), is a cloud computing platform run by Microsoft. It offers access, management, and the development of applications and services through global data centers. It also provides a range of capabilities, including software as a service (SaaS), platform as a service (PaaS), and infrastructure as a service (IaaS). Microsoft Azure supports many programming languages, tools, and frameworks, including Microsoft-specific and third-party software and systems.
Azure was first introduced at the Professional Developers Conference (PDC) in October 2008 under the codename ""Project Red Dog."" It was officially launched as Windows Azure in February 2010 and later renamed Microsoft Azure on March 25, 2014."
MariaDB,468.0,15500.0,"An enhanced, drop-in replacement for MySQL","MariaDB is a community-developed, commercially supported fork of the MySQL relational database management system (RDBMS), intended to remain free and open-source software under the GNU General Public License. Development is led by some of the original developers of MySQL, who forked it due to concerns over its acquisition by Oracle Corporation in 2009.MariaDB is intended to maintain high compatibility with MySQL, with exact matching with MySQL APIs and commands, allowing it in many cases to function as drop-in replacement for MySQL. However, new features are diverging. It includes new storage engines like Aria, ColumnStore, and MyRocks.
Its lead developer/CTO is Michael ""Monty"" Widenius, one of the founders of MySQL AB and the founder of Monty Program AB.  On 16 January 2008, MySQL AB announced that it had agreed to be acquired by Sun Microsystems for approximately $1 billion. The acquisition completed on 26 February 2008. Sun was then bought the following year by Oracle Corporation.  MariaDB is named after Widenius' younger daughter, Maria. (MySQL is named after his other daughter, My.)"
DigitalOcean,2630.0,17400.0,Deploy an SSD cloud server in less than 55 seconds with a dedicated IP and root access.,"DigitalOcean Holdings, Inc. is an American multinational technology company and cloud service provider. The company is headquartered in New York City, New York, US, with 15 globally distributed data centers. DigitalOcean provides developers, startups, and SMBs with cloud infrastructure-as-a-service platforms.DigitalOcean also runs Hacktoberfest, a one-month-long celebration of open-source software held in October. Each year, it partners with different software companies, including GitHub, Twilio, Dev.to, Intel, Appwrite, and Deep Source."
ESLint,28.0,25700.0,The fully pluggable JavaScript code quality tool,"ESLint is a static code analysis tool for identifying problematic patterns found in JavaScript code. It was created by Nicholas C. Zakas in 2013. Rules in ESLint are configurable,  and customized rules can be defined and loaded. ESLint covers both code quality and coding style issues. ESLint supports current standards of ECMAScript, and experimental syntax from drafts for future standards. Code using JSX or TypeScript can also be processed when a plugin or transpiler is used."
Swift,1280.0,18900.0,An innovative new programming language for Cocoa and Cocoa Touch.,"Swift or SWIFT most commonly refers to:

SWIFT, an international organization facilitating transactions between banks
SWIFT code 
Swift (programming language)
Swift (bird), a family of birdsIt may also refer to:"
Redux,663.0,28900.0,Predictable state container for JavaScript apps,Redux may refer to:
Spring Boot,1010.0,24500.0,"Create Spring-powered, production-grade applications and services with absolute minimum fuss","Spring Boot Extension is Spring's convention-over-configuration solution intended to aid in creating production-grade Spring applications with minimal amounts of configuration. Most of the application can be preconfigured using Spring team's ""opinionated view"" of the best configuration and use of the Spring platform and third-party libraries. A Spring Boot application can be written using several programming languages, including Java and Kotlin."
Laravel,3820.0,26600.0,A PHP Framework For Web Artisans,"Laravel is a free and open-source PHP web framework, created by Taylor Otwell and intended for the development of web applications following the model–view–controller (MVC) architectural pattern and based on Symfony.  Some of the features of Laravel are a modular packaging system with a dedicated dependency manager, different ways for accessing relational databases, utilities that aid in application deployment and maintenance, and its orientation toward syntactic sugar.: 2, 5–9 The source code of Laravel is hosted on GitHub and licensed under the terms of MIT License."
Xcode,213.0,18500.0,The complete toolset for building great apps,"Xcode is Apple's integrated development environment (IDE) for macOS, used to develop software for macOS, iOS, iPadOS, watchOS, tvOS, and visionOS. It was initially released in late 2003; the latest stable release is version 15, released on September 18, 2023, and is available free of charge via the Mac App Store and the Apple Developer website. Registered developers can also download preview releases and prior versions of the suite through the Apple Developer website. Xcode includes command-line tools which enable UNIX-style development via the Terminal app in macOS. They can also be downloaded and installed without the GUI.
Before Xcode, Apple offered developers Project Builder and Interface Builder to develop Mac OS X applications."
Debian,161.0,15100.0,The Universal Operating System,"Debian (), also known as Debian GNU/Linux, is a Linux distribution composed of free and open-source software, developed by the community-supported Debian Project, which was established by Ian Murdock on August 16, 1993. The first version of Debian (0.01) was released on September 15, 1993, and its first stable version (1.1) was released on June 17, 1996. The Debian Stable branch is the most popular edition for personal computers and servers. Debian is also the basis for many other distributions, like PureOS, Ubuntu, Pardus, and Linux Mint.
Debian is one of the oldest operating systems based on the Linux kernel, and is, as of September 2023, the second oldest Linux distribution still in active development, only behind Slackware. The project is coordinated over the Internet by a team of volunteers guided by the Debian Project Leader and three foundational documents: the Debian Social Contract, the Debian Constitution, and the Debian Free Software Guidelines. New distributions are updated continually, and the next candidate is released after a time-based freeze.
Since its founding till 2022, Debian has been developed openly and distributed freely according to some of the principles of the GNU Project. Because of this, the Free Software Foundation sponsored the project from November 1994 to November 1995. At June 16, 1997, the Debian Project founded the nonprofit organization Software in the Public Interest to continue financially supporting development."
Selenium,523.0,14900.0,Web Browser Automation,"Selenium is a chemical element; it has symbol Se and atomic number 34. It is a metalloid (more rarely considered a nonmetal) with properties that are intermediate between the elements above and below in the periodic table, sulfur and tellurium, and also has similarities to arsenic. It seldom occurs in its elemental state or as pure ore compounds in Earth's crust. Selenium (from Ancient Greek  σελήνη (selḗnē) 'moon') was discovered in 1817 by Jöns Jacob Berzelius, who noted the similarity of the new element to the previously discovered tellurium (named for the Earth).
Selenium is found in metal sulfide ores, where it partially replaces the sulfur. Commercially, selenium is produced as a byproduct in the refining of these ores, most often during production. Minerals that are pure selenide or selenate compounds are known but rare. The chief commercial uses for selenium today are glassmaking and pigments. Selenium is a semiconductor and is used in photocells. Applications in electronics, once important, have been mostly replaced with silicon semiconductor devices. Selenium is still used in a few types of DC power surge protectors and one type of fluorescent quantum dot.
Although trace amounts of selenium are necessary for cellular function in many animals, including humans, both elemental selenium and (especially) selenium salts are toxic in even small doses, causing selenosis. Selenium is listed as an ingredient in many multivitamins and other dietary supplements, as well as in infant formula, and is a component of the antioxidant enzymes glutathione peroxidase and thioredoxin reductase (which indirectly reduce certain oxidized molecules in animals and some plants) as well as in three deiodinase enzymes. Selenium requirements in plants differ by species, with some plants requiring relatively large amounts and others apparently not requiring any."
Heroku,3210.0,24900.0,"Build, deliver, monitor and scale web apps and APIs with a trail blazing developer experience.","Heroku is a cloud platform as a service (PaaS) supporting several programming languages. As one of the first cloud platforms, Heroku has been in development since June 2007, when it supported only the Ruby programming language, but now also supports Java, Node.js, Scala, Clojure, Python, PHP, and Go. For this reason, Heroku is said to be a polyglot platform as it has features for a developer to build, run and scale applications in a similar manner across most of these languages.  Heroku was acquired by Salesforce in 2010 for $212 million."
Electron,148.0,10700.0,"Build cross platform desktop apps with JavaScript, HTML, and CSS","The electron (e− or β−) is a subatomic particle with a negative one elementary electric charge. Electrons belong to the first generation of the lepton particle family, and are generally thought to be elementary particles because they have no known components or substructure. The electron's mass is approximately 1/1836 that of the proton. Quantum mechanical properties of the electron include an intrinsic angular momentum (spin) of a half-integer value, expressed in units of the reduced Planck constant, ħ. Being fermions, no two electrons can occupy the same quantum state, per the Pauli exclusion principle. Like all elementary particles, electrons exhibit properties of both particles and waves: They can collide with other particles and can be diffracted like light. The wave properties of electrons are easier to observe with experiments than those of other particles like neutrons and protons because electrons have a lower mass and hence a longer de Broglie wavelength for a given energy.
Electrons play an essential role in numerous physical phenomena, such as electricity, magnetism, chemistry, and thermal conductivity; they also participate in gravitational, electromagnetic, and weak interactions. Since an electron has charge, it has a surrounding electric field; if that electron is moving relative to an observer, the observer will observe it to generate a magnetic field. Electromagnetic fields produced from other sources will affect the motion of an electron according to the Lorentz force law. Electrons radiate or absorb energy in the form of photons when they are accelerated.
Laboratory instruments are capable of trapping individual electrons as well as electron plasma by the use of electromagnetic fields. Special telescopes can detect electron plasma in outer space. Electrons are involved in many applications, such as tribology or frictional charging, electrolysis, electrochemistry, battery technologies, electronics, welding, cathode-ray tubes, photoelectricity, photovoltaic solar panels, electron microscopes, radiation therapy, lasers, gaseous ionization detectors, and particle accelerators.
Interactions involving electrons with other subatomic particles are of interest in fields such as chemistry and nuclear physics. The Coulomb force interaction between the positive protons within atomic nuclei and the negative electrons without allows the composition of the two known as atoms. Ionization or differences in the proportions of negative electrons versus positive nuclei changes the binding energy of an atomic system. The exchange or sharing of the electrons between two or more atoms is the main cause of chemical bonding. In 1838, British natural philosopher Richard Laming first hypothesized the concept of an indivisible quantity of electric charge to explain the chemical properties of atoms. Irish physicist George Johnstone Stoney named this charge 'electron' in 1891, and J. J. Thomson and his team of British physicists identified it as a particle in 1897 during the cathode-ray tube experiment.  Electrons can also participate in nuclear reactions, such as nucleosynthesis in stars, where they are known as beta particles. Electrons can be created through beta decay of radioactive isotopes and in high-energy collisions, for instance, when cosmic rays enter the atmosphere.  The antiparticle of the electron is called the positron; it is identical to the electron, except that it carries electrical charge of the opposite sign. When an electron collides with a positron, both particles can be annihilated, producing gamma ray photons."
WebStorm,985.0,12800.0,The smartest JavaScript IDE,"JetBrains s.r.o. (formerly IntelliJ Software s.r.o.) is a Czech software development private limited company which makes tools for software developers and project managers. The company has its headquarters in Prague, and has offices in China, Europe, and the United States.The company offers integrated development environments (IDEs) for a variety of programming languages. The company created the Kotlin programming language, which can run in a Java virtual machine (JVM), in 2011.
InfoWorld magazine awarded the firm ""Technology of the Year Award"" in 2011 and 2015."
Google Tag Manager,0.0,63000.0,Quickly and easily update tags and code snippets on your website or mobile app,"The following is a list of products, services, and apps provided by Google. Active, soon-to-be discontinued, and discontinued products, services, tools, hardware, and other applications are broken out into designated sections."
CentOS,53.0,13300.0,The Community ENTerprise Operating System,"CentOS (, from Community Enterprise Operating System; also known as CentOS Linux) is a discontinued Linux distribution that provided a free and open-source community-supported computing platform, functionally compatible with its upstream source, Red Hat Enterprise Linux (RHEL). In January 2014, CentOS announced the official joining with Red Hat while staying independent from RHEL, under a new CentOS governing board.The first CentOS release in May 2004, numbered as CentOS version 2, was forked from RHEL version 2.1AS. Since version 8, CentOS officially supports the x86-64, ARM64, and POWER8 architectures, and releases up to version 6 also supported the IA-32 architecture. As of December 2015, AltArch releases of CentOS 7 are available for the IA-32 architecture, Power ISA, and for the ARMv7hl and AArch64 variants of the ARM architecture. CentOS 8 was released on 24 September 2019.In December 2020, Red Hat unilaterally terminated CentOS development. In response, CentOS founder Gregory Kurtzer created the Rocky Linux project as a successor to the original mission of CentOS. In March 2021, Cloud Linux (makers of CloudLinux OS) released a new RHEL derivative called AlmaLinux.CentOS Linux was discontinued at the end of 2021 in favor of CentOS Stream, a distribution positioned upstream of RHEL."
Logstash,103.0,10900.0,"Collect, Parse, & Enrich Data","Elasticsearch is a search engine based on the Lucene library. It provides a distributed, multitenant-capable full-text search engine with an HTTP web interface and schema-free JSON documents. Elasticsearch is developed in Java and is dual-licensed under the source-available Server Side Public License and the Elastic license, while other parts fall under the proprietary (source-available) Elastic License. Official clients are available in Java, .NET (C#), PHP, Python, Ruby and many other languages. According to the DB-Engines ranking, Elasticsearch is the most popular enterprise search engine."
Google Compute Engine,423.0,11800.0,Run large-scale workloads on virtual machines hosted on Google's infrastructure.,"Google Compute Engine  (GCE) is the Infrastructure as a Service (IaaS) component of Google Cloud Platform which is built on the global infrastructure that runs Google's search engine, Gmail, YouTube and other services. Google Compute Engine enables users to launch virtual machines (VMs) on demand. VMs can be launched from the standard images or custom images created by users. GCE users must authenticate based on OAuth 2.0 before launching the VMs. Google Compute Engine can be accessed via the Developer Console, RESTful API or command-line interface (CLI)."
AWS Lambda,432.0,23000.0,"Automatically run code in response to modifications to objects in Amazon S3 buckets, messages in Kines...","AWS Lambda is an event-driven, serverless computing platform provided by Amazon as a part of Amazon Web Services. It is designed to enable developers to run code without provisioning or managing servers. It executes code in response to events and automatically manages the computing resources required by that code. It was introduced on November 13, 2014.Node.js, Python, Java, Go, Ruby, and C# (through .NET) are all officially supported as of 2018. In late 2018, custom runtime support was added to AWS Lambda.
AWS Lambda supports running native Linux executables by calling them from a supported runtime, such as Node.js. For example, Haskell code can be run on Lambda.AWS Lambda was primarily designed for tasks such as handling image and object uploads to Amazon S3, updating DynamoDB tables, responding to website clicks and reacting to sensor readings from IoT connected devices. AWS Lambda can also be used to automatically provision back-end services triggered by custom HTTP requests, and ""spin down"" such services when not in use to save resources. These custom HTTP requests are configured in AWS API Gateway, which can also handle authentication and authorization in conjunction with AWS Cognito.
Unlike Amazon EC2, which is priced by the hour but metered by the second, AWS Lambda is metered by rounding up to the nearest millisecond with no minimum execution time.
AWS Lambda functions are often used in association with AWS SQS queues to process asynchronous tasks in distributed architectures.
In 2019, at the AWS annual cloud computing conference (AWS re:Invent), the AWS Lambda team announced ""Provisioned Concurrency"", a feature that ""keeps functions initialized and hyper-ready to respond in double-digit milliseconds."" The Lambda team described Provisioned Concurrency as ""ideal for implementing interactive services, such as web and mobile backends, latency-sensitive microservices, or synchronous APIs."""
Confluence,202.0,25200.0,"One place to share, find, and collaborate on information","In geography, a confluence (also:  conflux) occurs where two or more flowing bodies of water join to form a single channel. A confluence can occur in several configurations:  at the point where a tributary joins a larger river (main stem); or where two streams meet to become the source of a river of a new name (such as the confluence of the Monongahela and Allegheny rivers at Pittsburgh, forming the Ohio); or where two separated channels of a river (forming a river island) rejoin at the downstream end."
Microsoft SQL Server,540.0,18700.0,A relational database management system developed by Microsoft,"Microsoft SQL Server is a proprietary relational database management system developed by Microsoft. As a database server, it is a software product with the primary function of storing and retrieving data as requested by other software applications—which may run either on the same computer or on another computer across a network (including the Internet). Microsoft markets at least a dozen different editions of Microsoft SQL Server, aimed at different audiences and for workloads ranging from small single-machine applications to large Internet-facing applications with many concurrent users."
Sublime Text,4010.0,32600.0,"A sophisticated text editor for code, markup and prose.","Sublime Text is a shareware text and source code editor available for Windows, macOS, and Linux. It natively supports many programming languages and markup languages. Users can customize it with themes and expand its functionality with plugins, typically community-built and maintained under free-software licenses. To facilitate plugins, Sublime Text features a Python API. The editor utilizes minimal interface and contains features for programmers including configurable syntax highlighting, code folding, search-and-replace supporting regular-expressions, terminal output window, and more. It is proprietary software, but a free evaluation version is available."
Android Studio,361.0,24300.0,Android development environment based on IntelliJ IDEA,"Android Studio is the official integrated development environment (IDE) for Google's Android operating system, built on JetBrains' IntelliJ IDEA software and designed specifically for Android development. It is available for download on Windows, macOS and Linux based operating systems. It is a replacement for the Eclipse Android Development Tools (E-ADT) as the primary IDE for native Android application development.
Android Studio was announced on May 16, 2013, at the Google I/O conference. It was in early access preview stage starting from version 0.1 in May 2013, then entered beta stage starting from version 0.8 which was released in June 2014. The first stable build was released in December 2014, starting from version 1.0. At the end of 2015, Google dropped support for Eclipse ADT, making Android Studio the only officially supported IDE for Android development.On May 7, 2019, Kotlin replaced Java as Google's preferred language for Android app development. Java is still supported, as is C++."
Stripe,1540.0,17800.0,Payments for developers,"Stripe, striped, or stripes may refer to:"
Ansible,1320.0,18400.0,"Radically simple configuration-management, application deployment, task-execution, and multi-node orch...","An ansible is a category of fictional devices or technology capable of near-instantaneous or faster-than-light communication. It can send and receive messages to and from a corresponding device over any distance or obstacle whatsoever with no delay, even between star systems. As a name for such a device, the word ""ansible"" first appeared in a 1966 novel by Ursula K. Le Guin. Since that time, the term has been broadly used in the works of numerous science fiction authors, across a variety of settings and continuities. A related term is ultrawave."
Kibana,261.0,19700.0,Visualize your Elasticsearch data and navigate the Elastic Stack,Kibana is a source-available data visualization dashboard software for Elasticsearch.
PayPal,664.0,18600.0,"Send Money, Pay Online or Set Up a Merchant Account","PayPal Holdings, Inc. is an American multinational financial technology company operating an online payments system in the majority of countries that support online money transfers, and serves as an electronic alternative to traditional paper methods such as checks and money orders. The company operates as a payment processor for online vendors, auction sites and many other commercial users, for which it charges a fee.
Established in 1998 as Confinity, PayPal went public through an IPO in 2002. It became a wholly owned subsidiary of eBay later that year, valued at $1.5 billion. In 2015 eBay spun off PayPal to its shareholders, and PayPal became an independent company again.
The company was ranked 143rd on the 2022 Fortune 500 of the largest United States corporations by revenue."
Flask,95.0,18300.0,"A microframework for Python based on Werkzeug, Jinja 2 and good intentions",Flask may refer to:
OpenSSL,0.0,12800.0,Full-featured toolkit for the Transport Layer Security and Secure Sockets Layer protocols,"OpenSSL is a software library for applications that provide secure communications over computer networks against eavesdropping, and identify the party at the other end. It is widely used by Internet servers, including the majority of HTTPS websites.
OpenSSL contains an open-source implementation of the SSL and TLS protocols.  The core library, written in the C programming language, implements basic cryptographic functions and provides various utility functions. Wrappers allowing the use of the OpenSSL library in a variety of computer languages are available.
The OpenSSL Software Foundation (OSF) represents the OpenSSL project in most legal capacities including contributor license agreements, managing donations, and so on. OpenSSL Software Services (OSS) also represents the OpenSSL project for support contracts.
OpenSSL is available for most Unix-like operating systems (including Linux, macOS, and BSD), Microsoft Windows and OpenVMS."
Amazon CloudFront,935.0,20800.0,Content delivery with low latency and high data transfer speeds,"Amazon CloudFront is a content delivery network (CDN) operated by Amazon Web Services. The content delivery network was created to provide a globally-distributed network of proxy servers to cache content, such as web videos or other bulky media, more locally to consumers, to improve access speed for downloading the content.
CloudFront has servers located in the United Kingdom, Ireland, The Netherlands, Germany, Spain, Hong Kong, Singapore, Japan, Taiwan, Vietnam, Indonesia, India, Australia, South America, Africa, and several major cities in the United States. In November 2022, the service operated from 400 edge locations on six continents.CloudFront operates on a pay-as-you-go basis.
CloudFront competes with larger CDNs, such as Akamai, Cloudflare, and Edgio (previously known as Limelight Networks). Upon launch, Larry Dignan of ZDNet News stated that CloudFront could cause price and margin reductions for competing CDNs."
Dropbox,1660.0,22700.0,Build the power of Dropbox into your apps,"Dropbox is a file hosting service operated by the American company Dropbox, Inc., headquartered in San Francisco, California, U.S. that offers cloud storage, file synchronization, personal cloud, and client software. Dropbox was founded in 2007 by MIT students Drew Houston and Arash Ferdowsi as a startup company, with initial funding from seed accelerator Y Combinator.Dropbox has experienced criticism and generated controversy for issues including security breaches and privacy concerns."
Vagrant,1500.0,11000.0,A tool for building and distributing development environments,"Vagrancy is the condition of homelessness without regular employment or income. Vagrants (also known as bums, vagabonds, rogues, tramps or drifters) usually live in poverty and support themselves by begging, scavenging, petty theft, temporary work, or social security (where available). Historically, vagrancy in Western societies was associated with petty crime, begging and lawlessness, and punishable by law with forced labor, military service, imprisonment, or confinement to dedicated labor houses.
Both vagrant and vagabond ultimately derive from the Latin word vagari, meaning ""to wander"". The term vagabond is derived from Latin vagabundus. In Middle English, vagabond originally denoted a person without a home or employment."
Google App Engine,610.0,9770.0,Build web applications on the same scalable systems that power Google applications,"Google App Engine (often referred to by the acronym GAE or simply App Engine) is a cloud computing platform as a service for developing and hosting web applications in Google-managed data centers. Applications are sandboxed and run across multiple servers. App Engine offers automatic scaling for web applications—as the number of requests increases for an application, App Engine automatically allocates more resources for the web application to handle the additional demand.Google App Engine primarily supports Go, PHP, Java, Python, Node.js,.NET, and Ruby applications, although it can also support other languages via ""custom runtimes"". The service is free up to a certain level of consumed resources and only in standard environments; it is not available in flexible environments. Fees are charged for additional storage, bandwidth, or instance hours required by the application. It was first released as a preview version in April 2008 and came out of preview in September 2011."
.NET,1850.0,7820.0,"A free, cross-platform, open source developer platform for building many different types of applications","The .NET platform (pronounced as ""dot net"") is a free and open-source, managed computer software framework for Windows, Linux, and macOS operating systems. The project is mainly developed by Microsoft employees by way of the .NET Foundation and is released under an MIT License."
Webpack,750.0,38300.0,A bundler for javascript and friends,"Webpack is a free and open-source module bundler for JavaScript. It is made primarily for JavaScript, but it can transform front-end assets such as HTML, CSS, and images if the corresponding loaders are included. Webpack takes modules with dependencies and generates static assets representing those modules.Webpack takes the dependencies and generates a dependency graph allowing web developers to use a modular approach for their web application development purposes. It can be used from the command line or can be configured using a configuration file which is named webpack.config.js. This file defines rules, plugins, etc., for a project. (Webpack is highly extensible via rules which allow developers to write custom tasks that they want to perform when bundling files together.)
Node.js is required to use Webpack.
Webpack provides code on demand using the moniker code splitting. Two similar techniques are supported by Webpack when it comes to dynamic code splitting. The first and recommended approach is to use the import() syntax that conforms to the ECMAScript proposal for dynamic imports. The legacy, Webpack-specific approach is to use require.ensure."
Gradle,254.0,15600.0,A powerful build system for the JVM,"Gradle is a build automation tool for multi-language software development. It controls the development process in the tasks of compilation and packaging to testing, deployment, and publishing. Supported languages include Java (as well as Kotlin, Groovy, Scala), C/C++, and JavaScript.
Gradle builds on the concepts of Apache Ant and Apache Maven, and introduces a Groovy- and Kotlin-based domain-specific language contrasted with the XML-based project configuration used by Maven. Gradle uses a directed acyclic graph to determine the order in which tasks can be run, through providing dependency management. It runs on the Java Virtual Machine.Gradle was designed for multi-project builds, which can grow to be large. It operates based on a series of build tasks that can run serially or in parallel. Incremental builds are supported by determining the parts of the build tree that are already up to date; any task dependent only on those parts does not need to be re-executed. It also supports caching of build components, potentially across a shared network using the Gradle Build Cache. It produces web-based build visualization called Gradle Build Scans. The software is extensible for new features and programming languages with a plugin subsystem.
Gradle is distributed as Free Software under the Apache License 2.0, and was first released in 2008."
Sass,3000.0,40300.0,Syntactically Awesome Style Sheets,"Sass, Saß or SASS may refer to:"
ASP.NET,40.0,27100.0,An open source web framework for building modern web apps and services with .NET,"ASP.NET is an open-source, server-side web-application framework designed for web development to produce dynamic web pages. It was developed by Microsoft to allow programmers to build dynamic web sites, applications and services. The name stands for Active Server Pages Network Enabled Technologies.
It was first released in January 2002 with version 1.0 of the .NET Framework and is the successor to Microsoft's Active Server Pages (ASP) technology. ASP.NET is built on the Common Language Runtime (CLR), allowing programmers to write ASP.NET code using any supported .NET language. The ASP.NET SOAP extension framework allows ASP.NET components to process SOAP messages.
Microsoft briefly marketed ASP.NET Core as ASP.NET's successor, however beginning August 2022 it reverted to the old ASP.NET name. This new version is a re-implementation of ASP.NET as a modular web framework, together with other frameworks like Entity Framework. The new framework uses the new open-source .NET Compiler Platform (codename ""Roslyn"") and is cross platform. ASP.NET MVC, ASP.NET Web API, and ASP.NET Web Pages (a platform using only Razor pages) have merged into a unified MVC 6."
Sentry,863.0,13600.0,"See performance issues, fix errors faster, and optimize code health.",Sentry or The Sentry may refer to:
Google Fonts,13.0,76400.0,"Making the web more beautiful, fast, and open through great typography","Google Fonts (formerly known as Google Web Fonts) is a computer font and web font service owned by Google. This includes free and open source font families, an interactive web directory for browsing the library, and APIs for using the fonts via CSS and Android. Popular fonts in the Google Fonts library include Roboto, Open Sans, Lato, Oswald,  Montserrat, and Source Sans Pro."
Notepad++,417.0,19300.0,Free source code editor and Notepad replacement,"Notepad++ is a free and open-source text and source code editor for use with Microsoft Windows. It supports tabbed editing, which allows working with multiple open files in a single window. The product's name comes from the C postfix increment operator; it is sometimes referred to as npp or NPP.Notepad++ is distributed as free software. At first, the project was hosted on SourceForge.net, from where it was downloaded over 28 million times and twice won the SourceForge Community Choice Award for Best Developer Tools. The project was hosted on TuxFamily from 2010 to 2015; since 2015, Notepad++ has been hosted on GitHub. Notepad++ uses the Scintilla editor component."
Apache Tomcat,201.0,15900.0,An open source software implementation of the Java Servlet and JavaServer Pages technologies,"Apache Tomcat (called ""Tomcat"" for short) is a free and open-source implementation of the Jakarta Servlet, Jakarta Expression Language, and WebSocket technologies. It provides a ""pure Java"" HTTP web server environment in which Java code can also run. Thus it is a Java web application server, although not a full JEE application server.
Tomcat is developed and maintained by an open community of developers under the auspices of the Apache Software Foundation, released under the Apache License 2.0 license."
Datadog,857.0,8860.0,"Unify logs, metrics, and traces from across your distributed infrastructure.","Datadog is an observability service for cloud-scale applications, providing monitoring of servers, databases, tools, and services, through a SaaS-based data analytics platform. The mascot is a dog named Bits."
Objective-C,490.0,11800.0,The primary programming language you use when writing software for OS X and iOS,"Objective-C is a high-level general-purpose, object-oriented programming language that adds Smalltalk-style messaging to the C programming language.  Originally developed by Brad Cox and Tom Love in the early 1980s, it was selected by NeXT for its NeXTSTEP operating system.  Due to Apple macOS’s direct lineage from NeXTSTEP, Objective-C was the standard programming language used, supported, and promoted by Apple for developing macOS and iOS applications (via their respective APIs, Cocoa and Cocoa Touch) until the introduction of the Swift programming language in 2014.Objective-C programs developed for non-Apple operating systems or that are not dependent on Apple's APIs may also be compiled for any platform supported by GNU GCC or LLVM/Clang.
Objective-C source code 'messaging/implementation' program files usually have .m filename extensions, while Objective-C 'header/interface' files have .h extensions, the same as C header files. Objective-C++ files are denoted with a .mm file extension."
PhpStorm,1590.0,13600.0,Professional IDE for PHP and Web Developers,"JetBrains s.r.o. (formerly IntelliJ Software s.r.o.) is a Czech software development private limited company which makes tools for software developers and project managers. The company has its headquarters in Prague, and has offices in China, Europe, and the United States.The company offers integrated development environments (IDEs) for a variety of programming languages. The company created the Kotlin programming language, which can run in a Java virtual machine (JVM), in 2011.
InfoWorld magazine awarded the firm ""Technology of the Year Award"" in 2011 and 2015."
Rails,5440.0,18800.0,Web development that doesn't hurt,Rail or rails may refer to:
Mailchimp,1170.0,22100.0,Easy email newsletters,"Mailchimp is a marketing automation and email marketing platform. ""Mailchimp"" is the trade name of its operator, Rocket Science Group , an American company founded in 2001 by Ben Chestnut and Mark Armstrong, with Dan Kurzius joining at a later date."
Bootstrap,7650.0,54500.0,"Simple and flexible HTML, CSS, and JS for popular UI components and interactions","Bootstrapping is a self-starting process that is supposed to proceed without external input.
Bootstrapping, bootstrap, or bootstraps may also refer to:

Bootstrap (front-end framework),  a free collection of tools for creating websites and web applications
Bootstrap curriculum, a curriculum which uses computer programming to teach algebra to students age 12–16
Bootstrap funding in entrepreneurship and startups
Bootstrap model, a class of theories in quantum physics
Conformal bootstrap, a mathematical method to constrain and solve models in particle physics
Bootstrapping (compilers), the process of writing a compiler in the programming language it is intended to compile
Bootstrapping (electronics), a type of circuit that employs positive feedback
Bootstrapping (finance), a method for constructing a yield curve from the prices of coupon-bearing products
Bootstrapping (law), a former rule of evidence in U.S. federal conspiracy trials
Bootstrapping (linguistics), a term used in language acquisition
Bootstrapping (statistics), a method for assigning measures of accuracy to sample estimates
Bootstrap aggregating, a method used to improve the stability and accuracy of machine learning algorithms
Bootstraps, the stage name of American singer and songwriter Jordan Beckett
Bootstraps: From an American Academic of Color"
Shopify,75.0,11600.0,Quickly and easily create a beautiful online store with Shopify.,"Shopify Inc. is a Canadian multinational e-commerce company headquartered in Ottawa, Ontario. Shopify is the name of its proprietary e-commerce platform for online stores and retail point-of-sale systems. The Shopify platform offers online retailers a suite of services, including payments, marketing, shipping and customer engagement tools.The company reported that it had more than 2 million businesses in approximately 175 countries using its platform as of December 2022, geographically dispersed as follows: 55% of North America, 25% of Europe, the Middle East and Africa, 15% of Asia Pacific, Australia and China and 5% of Latin America (Mexico and South America). According to BuiltWith, 1.58 million websites run on the Shopify platform as of 2021. According to W3Techs, 4.4% of the top 10 million websites use Shopify. The total gross merchandise volume exceeded US$197 billion for calendar 2022. As of July 2022, Shopify is among the top 20 largest publicly traded Canadian companies by market capitalization."
Amazon CloudWatch,214.0,11200.0,Monitor AWS resources and custom metrics generated by your applications and services,"Amazon Elastic Compute Cloud (EC2) is a part of Amazon.com's cloud-computing platform, Amazon Web Services (AWS), that allows users to rent virtual computers on which to run their own computer applications. EC2 encourages scalable deployment of applications by providing a web service through which a user can boot an Amazon Machine Image (AMI) to configure a virtual machine, which Amazon calls an ""instance"", containing any software desired. A user can create, launch, and terminate server-instances as needed, paying by the second for active servers – hence the term ""elastic"". EC2 provides users with control over the geographical location of instances that allows for latency optimization and high levels of redundancy. In November 2010, Amazon switched its own retail website platform to EC2 and AWS."
jQuery UI,898.0,39800.0,"Curated set of user interface interactions, effects, widgets, and themes built on top of the jQuery Ja...","jQuery UI is a collection of GUI widgets, animated visual effects, and themes implemented with jQuery (a JavaScript library), Cascading Style Sheets, and HTML. Using the Shodan search engine query term cpe:""cpe:/a:jquery/jquery_ui"" we can determine that jQuery UI is used on approximately 800k web sites. Pinterest, PayPal, IMDb, The Huffington Post, and Netflix are utilizing the library.
Both jQuery and jQuery UI are free and open-source software distributed by the jQuery Foundation under the MIT License; jQuery UI was first published in September 2007.As of October 7, 2021 jQuery UI is in maintenance mode, with no new features being planned."
Scala,1510.0,10400.0,A pure-bred object-oriented language that runs on the JVM,Scala or SCALA may refer to:
Prometheus,239.0,3800.0,"An open-source service monitoring system and time series database, developed by SoundCloud","In Greek mythology, Prometheus (; Ancient Greek: Προμηθεύς, [promɛːtʰéu̯s], possibly meaning ""forethought"") is sometimes referred to as the God of Fire. Prometheus is best known for defying the Olympian gods by stealing fire from them and giving it to humanity in the form of technology, knowledge, and more generally, civilization.
In some versions of the myth, he is also credited with the creation of humanity from clay. Prometheus is known for his intelligence and for being a champion of mankind, and is also generally seen as the author of the human arts and sciences. He is sometimes presented as the father of Deucalion, the hero of the flood story.The punishment of Prometheus for stealing fire from Olympus and giving it to humans is a subject of both ancient and modern culture. Zeus, king of the Olympian gods, condemned Prometheus to eternal torment for his transgression. Prometheus was bound to a rock, and an eagle—the emblem of Zeus—was sent to eat his liver (in ancient Greece, the liver was thought to be the seat of human emotions). His liver would then grow back overnight, only to be eaten again the next day in an ongoing cycle. According to several major versions of the myth, most notably that of Hesiod, Prometheus was eventually freed by the hero Heracles. In yet more symbolism, the struggle of Prometheus is located by some at Mount Elbrus or at Mount Kazbek, two volcanic promontories in the Caucasus Mountains beyond which for the ancient Greeks lay the realm of the barbarii.In another myth, Prometheus establishes the form of animal sacrifice practiced in ancient Greek religion. Evidence of a cult to Prometheus himself is not widespread. He was a focus of religious activity mainly at Athens, where he was linked to Athena and Hephaestus, who were the Greek deities of creative skills and technology.In the Western classical tradition, Prometheus became a figure who represented human striving (particularly the quest for scientific knowledge) and the risk of overreaching or unintended consequences. In particular, he was regarded in the Romantic era as embodying the lone genius whose efforts to improve human existence could also result in tragedy: Mary Shelley, for instance, gave The Modern Prometheus as the subtitle to her novel Frankenstein (1818)."
Atom,2720.0,16500.0,A hackable text editor for the 21st Century,"An atom is a particle that consists of a nucleus of protons and neutrons surrounded by an electromagnetically-bound cloud of electrons. The atom is the basic particle of the chemical elements, and the chemical elements are distinguished from each other by the number of protons that are in their atoms. For example, any atom that contains 11 protons is sodium, and any atom that contains 29 protons is copper. The number of neutrons defines the isotope of the element.
Atoms are extremely small, typically around 100 picometers across. A human hair is about a million carbon atoms wide. This is smaller than the shortest wavelength of visible light, which means humans cannot see atoms with conventional microscopes. Atoms are so small that accurately predicting their behavior using classical physics is not possible due to quantum effects.
More than 99.94% of an atom's mass is in the nucleus. Each proton has a positive electric charge, while each electron has a negative charge, and the neutrons, if any are present, have no electric charge. If the numbers of protons and electrons are equal, as they normally are, then the atom is electrically neutral. If an atom has more electrons than protons, then it has an overall negative charge, and is called a negative ion (or anion). Conversely, if it has more protons than electrons, it has a positive charge, and is called a positive ion (or cation). 
The electrons of an atom are attracted to the protons in an atomic nucleus by the electromagnetic force. The protons and neutrons in the nucleus are attracted to each other by the nuclear force. This force is usually stronger than the electromagnetic force that repels the positively charged protons from one another. Under certain circumstances, the repelling electromagnetic force becomes stronger than the nuclear force. In this case, the nucleus splits and leaves behind different elements. This is a form of nuclear decay.
Atoms can attach to one or more other atoms by chemical bonds to form chemical compounds such as molecules or crystals. The ability of atoms to attach and detach from each other is responsible for most of the physical changes observed in nature. Chemistry is the discipline that studies these changes."
Keycloak,102.0,656.0,An open source identity and access management solution,Keycloak is an open source software product to allow single sign-on with identity and access management aimed at modern applications and services.  As of March 2018 this WildFly community project is under the stewardship of Red Hat who use it as the upstream project for their RH-SSO product.
OpenAPI,5.0,561.0,Allows the owner of a network-accessible service to give universal access,"OpenAPI may refer to:

Konica Minolta OpenAPI, an API and SDK from the MFP manufacturer Konica Minolta
Open API, a set of web technologies for inter-website communication
OpenAPI Specification, a specification and complete framework implementation (formerly named Swagger) for describing, producing, consuming, and visualizing RESTful web services"
DataGrip,16.0,544.0,A database IDE for professional SQL developers,"JetBrains s.r.o. (formerly IntelliJ Software s.r.o.) is a Czech software development private limited company which makes tools for software developers and project managers. The company has its headquarters in Prague, and has offices in China, Europe, and the United States.The company offers integrated development environments (IDEs) for a variety of programming languages. The company created the Kotlin programming language, which can run in a Java virtual machine (JVM), in 2011.
InfoWorld magazine awarded the firm ""Technology of the Year Award"" in 2011 and 2015."
JSON Web Token,0.0,552.0,A JSON-based open standard for creating access tokens,"JSON Web Token (JWT, suggested pronunciation , same as the word ""jot"") is a proposed Internet standard for creating data with optional signature and/or optional encryption whose payload holds JSON that asserts some number of claims. The tokens are signed either using a private secret or a public/private key.
For example, a server could generate a token that has the claim ""logged in as administrator"" and provide that to a client. The client could then use that token to prove that it is logged in as admin. The tokens can be signed by one party's private key (usually the server's) so that any party can subsequently verify whether or not the token is legitimate. If the other party, by some suitable and trustworthy means, is in possession of the corresponding public key, they too are able to verify the token's legitimacy. The tokens are designed to be compact, URL-safe, and usable especially in a web-browser single-sign-on (SSO) context. JWT claims can typically be used to pass identity of authenticated users between an identity provider and a service provider, or any other type of claims as required by business processes.JWT relies on other JSON-based standards: JSON Web Signature and JSON Web Encryption."
Babel,391.0,20100.0,"Use next generation JavaScript, today.",Babel is a name used in the Hebrew Bible for the city of Babylon and may refer to:
React Storybook,0.0,518.0,Develop and design React components without an app,
Shell,0.0,25400.0,"A shell is a text-based terminal, used for manipulating programs and files. Shell scripts typically ma...",Shell may refer to:
Ruby,3960.0,39100.0,"A dynamic, interpreted, open source programming language with a focus on simplicity and productivity","A ruby is a pinkish red to blood-red colored gemstone, a variety of the mineral corundum (aluminium oxide). Ruby is one of the most popular traditional jewelry gems and is very durable. Other varieties of gem-quality corundum are called sapphires. Ruby is one of the traditional cardinal gems, alongside amethyst, sapphire, emerald, and diamond. The word ruby comes from ruber, Latin for red. The color of a ruby is due to the element chromium.
Some gemstones that are popularly or historically called rubies, such as the Black Prince's Ruby in the British Imperial State Crown, are actually spinels. These were once known as ""Balas rubies"".
The quality of a ruby is determined by its color, cut, and clarity, which, along with carat weight, affect its value. The brightest and most valuable shade of red, called blood-red or pigeon blood, commands a large premium over other rubies of similar quality. After color follows clarity: similar to diamonds, a clear stone will command a premium, but a ruby without any needle-like rutile inclusions may indicate that the stone has been treated. Ruby is the traditional birthstone for July and is usually pinker than garnet, although some rhodolite garnets have a similar pinkish hue to most rubies. The world's most valuable ruby to be sold at auction is the Sunrise Ruby."
Jest,175.0,7800.0,Painless JavaScript Unit Testing,"A joke is a display of humour in which words are used within a specific and well-defined narrative structure to make people laugh and is usually not meant to be interpreted literally. It usually takes the form of a story, often with dialogue, and ends in a punch line, whereby the humorous element of the story is revealed; this can be done using a pun or other type of word play, irony or sarcasm, logical incompatibility, hyperbole, or other means. Linguist Robert Hetzron offers the definition:

A joke is a short humorous piece of oral literature in which the funniness culminates in the final sentence, called the punchline… In fact, the main condition is that the tension should reach its highest level at the very end. No continuation relieving the tension should be added. As for its being ""oral,"" it is true that jokes may appear printed, but when further transferred, there is no obligation to reproduce the text verbatim, as in the case of poetry.
It is generally held that jokes benefit from brevity, containing no more detail than is needed to set the scene for the punchline at the end. In the case of riddle jokes or one-liners, the setting is implicitly understood, leaving only the dialogue and punchline to be verbalised. However, subverting these and other common guidelines can also be a source of humour—the shaggy dog story is an example of an anti-joke; although presented as a joke, it contains a long drawn-out narrative of time, place and character, rambles through many pointless inclusions and finally fails to deliver a punchline. Jokes are a form of humour, but not all humour is in the form of a joke. Some humorous forms which are not verbal jokes are: involuntary humour, situational humour, practical jokes, slapstick and anecdotes.
Identified as one of the simple forms of oral literature by the Dutch linguist André Jolles, jokes are passed along anonymously. They are told in both private and public settings; a single person tells a joke to his friend in the natural flow of conversation, or a set of jokes is told to a group as part of scripted entertainment. Jokes are also passed along in written form or, more recently, through the internet.
Stand-up comics, comedians and slapstick work with comic timing and rhythm in their performance, and may rely on actions as well as on the verbal punchline to evoke laughter. This distinction has been formulated in the popular saying ""A comic says funny things; a comedian says things funny""."
SQL,0.0,1780.0,It is a domain-specific language used in programming,"Structured Query Language (SQL) (  S-Q-L, sometimes  ""sequel"" for historical reasons) is a domain-specific language used in programming and designed for managing data held in a relational database management system (RDBMS), or for stream processing in a relational data stream management system (RDSMS). It is particularly useful in handling structured data, i.e., data incorporating relations among entities and variables.
Introduced in the 1970s, SQL offered two main advantages over older read–write APIs such as ISAM or VSAM. Firstly, it introduced the concept of accessing many records with one single command. Secondly, it eliminates the need to specify how to reach a record, i.e., with or without an index.
Originally based upon relational algebra and tuple relational calculus, SQL consists of many types of statements, which may be informally classed as sublanguages, commonly: a data query language (DQL), a data definition language (DDL), a data control language (DCL), and a data manipulation language (DML). The scope of SQL includes data query, data manipulation (insert, update, and delete), data definition (schema creation and modification), and data access control. Although SQL is essentially a declarative language (4GL), it also includes procedural elements.
SQL was one of the first commercial languages to use Edgar F. Codd’s relational model. The model was described in his influential 1970 paper, ""A Relational Model of Data for Large Shared Data Banks"".  Despite not entirely adhering to the relational model as described by Codd, SQL became the most widely used database language.SQL became a standard of the American National Standards Institute (ANSI) in 1986 and of the International Organization for Standardization (ISO) in 1987. Since then, the standard has been revised multiple times to include a larger set of features and incorporate common extensions. Despite the existence of standards, virtually no implementations in existence adhere to it fully, and most SQL code requires at least some changes before being ported to different database systems."
Travis CI,1750.0,24000.0,A hosted continuous integration service for open source and private projects,"Travis CI is a hosted continuous integration service used to build and test software projects hosted on GitHub, Bitbucket, GitLab, Perforce, Apache Subversion and Assembla.Travis CI was the first CI service that provided services to open-source projects for free but as December 2020 no longer does so. TravisPro provides custom deployments of a proprietary version on the customer's own hardware.
The source is technically free software and available piecemeal on GitHub under permissive licenses. The company notes, however, that the large number of tasks that a user needs to monitor and perform can make it difficult for some users to successfully integrate the Enterprise version with their own infrastructure."
.NET Core,155.0,3830.0,"An Open Source, General-Purpose Development Platform Maintained by Microsoft and the .NET Community","The .NET platform (pronounced as ""dot net"") is a free and open-source, managed computer software framework for Windows, Linux, and macOS operating systems. The project is mainly developed by Microsoft employees by way of the .NET Foundation and is released under an MIT License."
Android SDK,799.0,25500.0,"An SDK that provides you the API libraries and developer tools necessary to build, test, and debug app...","The Android SDK is a software development kit that includes a comprehensive set of development tools. These include a debugger, libraries, a handset emulator based on QEMU, documentation, sample code, and tutorials. Currently supported development platforms include computers running Linux (any modern desktop Linux distribution), Mac OS X 10.5.8 or later, and Windows 7 or later. As of March 2015, the SDK is not available on Android itself, but software development is possible by using specialized Android applications.Until around the end of 2014, the officially-supported integrated development environment (IDE) was Eclipse using the Android Development Tools (ADT) Plugin. As of 2015, Android Studio is the official IDE; however, developers are free to use others, but Google made it clear that ADT was officially deprecated since the end of 2015 to focus on Android Studio as the official Android IDE. Additionally, developers may use any text editor to edit Java and XML files, then use command line tools (Java Development Kit and Apache Ant are required) to create, build and debug Android applications as well as control attached Android devices (e.g., triggering a reboot, installing software package(s) remotely).Enhancements to Android's SDK go hand-in-hand with the overall Android platform development. The SDK also supports older versions of the Android platform in case developers wish to target their applications at older devices. Development tools are downloadable components, so after one has downloaded the latest version and platform, older platforms and tools can also be downloaded for compatibility testing.Android applications are packaged in .apk format and stored under /data/app folder on the Android OS (the folder is accessible only to the root user for security reasons). APK package contains .dex files (compiled byte code files called Dalvik executables), resource files, etc."
Mocha,430.0,7620.0,"Simple, flexible, fun javascript test framework for node.js & the browser",Mocha may refer to:
ASP.NET Core,1620.0,3560.0,"A cross-platform .NET framework for building modern cloud-based web applications on Windows, Mac, or L...","ASP.NET Core was a brand briefly used by Microsoft for the rewrite of ASP.NET. It was initially a modular framework that runs on both the full .NET Framework, on Windows, and the cross-platform .NET. However, ASP.NET Core version 3 only worked on .NET Core, dropping support of the .NET Framework.This complete rewrite of ASP.NET unites the previously separate ASP.NET MVC and ASP.NET Web API into a single programming model.
Despite being a new framework, built on a new web stack, it did have a high degree of concept compatibility with ASP.NET. The ASP.NET Core framework supported side-by-side versioning so that different applications being developed on a single machine can target different versions of ASP.NET Core. This was not possible with previous versions of ASP.NET.
Blazor is a recent (optional) component to support WebAssembly and since version 5.0, it has dropped support for some old web browsers. While current Microsoft Edge worked, the legacy version of it, i.e. ""Microsoft Edge Legacy"" and Internet Explorer 11 was dropped when you use Blazor.Beginning August 2022 Microsoft reverted back to the ASP.NET branding."
pytest,0.0,1490.0,A full-featured Python testing tool to help you write better programs,"Pytest is a Python testing framework that originated from the PyPy project. It can be used to write various types of software tests, including unit tests, integration tests, end-to-end tests, and functional tests. Its features include parametrized testing, fixtures, and assert re-writing.
Pytest fixtures provide the contexts for tests by passing in parameter names in test cases; its parametrization eliminates duplicate code for testing multiple sets of input and output; and its rewritten assert statements provide detailed output for causes of failures."
Socket.IO,781.0,12400.0,Realtime application framework (Node.JS server),"Socket.IO is an event-driven library for real-time web applications. It enables real-time, bi-directional communication between web clients and servers. It consists of two components: a client, and a server. Both components have a nearly identical API.
Socket.IO is also a protocol, where different complying implementations of the protocol can communicate with each other. The main implementation consists of two parts: a client that runs in the browser and a server for Node.js. Apart from the main implementation, there are multiple implementations, for example, the official Deno (JavaScript), C++, Java , and Swift servers.
Socket.IO primarily uses the WebSocket protocol with polling as a fallback option, while providing the same interface. Although it can be used simply as a wrapper for WebSockets, it provides many more features, including broadcasting to multiple sockets, storing data associated with each client, and asynchronous I/O.
It can be installed with the Node Package Manager (NPM)."
Amazon Route 53,678.0,13900.0,A highly available and scalable Domain Name System (DNS) web service.,"Amazon Route 53 (Route 53) is a scalable and highly available Domain Name System (DNS) service. Released on December 5, 2010,  it is part of Amazon.com's cloud computing platform, Amazon Web Services (AWS). The name is a possible reference to U.S. Routes, and ""53"" is a reference to the TCP/UDP port 53, where DNS server requests are addressed. In addition to being able to route users to various AWS services, including EC2 instances, Route 53 also enables AWS customers to route users to non-AWS infrastructure and to monitor the health of their application and its endpoints. Route 53's servers are distributed throughout the world. Amazon Route 53 supports full, end-to-end DNS resolution over IPv6. Recursive DNS resolvers on IPv6 networks can use either IPv4 or IPv6 transport to send DNS queries to Amazon Route 53.Customers create ""hosted zones"" that act as a container for four name servers. The name servers are spread across four different TLDs. Customers are able to add, delete, and change any DNS records in their hosted zones. Amazon also offers domain registration services to AWS customers through Route 53. Amazon provides an SLA of the service always being available at all times (100% available).One of the key features of Route 53 is programmatic access to the service that allows customers to modify DNS records via web service calls. Combined with other features in AWS, this allows a developer to programmatically bring up a machine and point to components that have been created via other service calls such as those to create new S3 buckets or EC2 instances."
Amazon EC2 Container Service,325.0,13600.0,Container management service that supports Docker containers,
Amazon RDS,761.0,15300.0,"Set up, operate, and scale a relational database in the cloud.","Amazon Relational Database Service (or Amazon RDS) is a distributed relational database service by Amazon Web Services (AWS). It is a web service running ""in the cloud"" designed to simplify the setup, operation, and scaling of a relational database for use in applications. Administration processes like patching the database software, backing up databases and enabling point-in-time recovery are managed automatically. Scaling storage and compute resources can be performed by a single API call to the AWS control plane on-demand. AWS does not offer an SSH connection to the underlying virtual machine as part of the managed service."
GitHub Pages,1100.0,17100.0,Public webpages freely hosted and easily published.,"GitHub, Inc. () is a platform and cloud-based service for software development and version control using Git, allowing developers to store and manage their code. It provides the distributed version control of Git plus access control, bug tracking, software feature requests, task management, continuous integration, and wikis for every project. Headquartered in California, it has been a subsidiary of Microsoft since 2018.It is commonly used to host open source software development projects. As of January 2023, GitHub reported having over 100 million developers  and more than 372 million repositories, including at least 28 million public repositories. It is the world's largest source code host as of June 2023."
AWS Elastic Load Balancing ...,59.0,12100.0,Automatically distribute your incoming application traffic across multiple Amazon EC2 instances,
Google AdSense,0.0,23200.0,A program that allows bloggers and website owners to make money by displaying Google ads,"Google AdSense is a program run by Google through which website publishers in the Google Network of content sites serve text, images, video, or interactive media advertisements that are targeted to the site content and audience. These advertisements are administered, sorted, and maintained by Google. They can generate revenue on either a per-click or per-impression basis. Google beta-tested a cost-per-action service, but discontinued it in October 2008 in favor of a DoubleClick offering (also owned by Google). In Q1 2014, Google earned US$3.4 billion ($13.6 billion annualized), or 22% of total revenue, through Google AdSense. AdSense is a participant in the AdChoices program, so AdSense ads typically include the triangle-shaped AdChoices icon. This program also operates on HTTP cookies. In 2021, over 38.3 million websites use AdSense."
Skype,653.0,16500.0,"Voice calls, instant messaging, file transfer, and video conferencing","Skype () is a proprietary telecommunications application operated by Skype Technologies, a division of Microsoft, best known for VoIP-based videotelephony, videoconferencing and voice calls. It also has instant messaging, file transfer, debit-based calls to landline and mobile telephones (over traditional telephone networks), and other features. Skype is available on various desktop, mobile, and video game console platforms.
Skype was created by Niklas Zennström, Janus Friis, and four Estonian developers and first released in August 2003. In September 2005, eBay acquired Skype for $2.6 billion. In September 2009, Silver Lake, Andreessen Horowitz, and the Canada Pension Plan Investment Board bought 65% of Skype for $1.9 billion from eBay, valuing the business at $2.92 billion. In May 2011, Microsoft bought Skype for $8.5 billion and used it to replace their Windows Live Messenger. As of 2011, most of the development team and 44% of all the division's employees were in Tallinn and Tartu, Estonia.Skype originally featured a hybrid peer-to-peer and client–server system. It became entirely powered by Microsoft-operated supernodes in May 2012; in 2017, it changed from a peer-to-peer service to a centralized Azure-based service. As of February 2023, Skype was used by 36 million people each day."
Memcached,473.0,7370.0,"High-performance, distributed memory object caching system","Memcached (pronounced variously mem-cash-dee or mem-cashed) is a general-purpose distributed memory-caching system. It is often used to speed up dynamic database-driven websites by caching data and objects in RAM to reduce the number of times an external data source (such as a database or API) must be read. Memcached is free and open-source software, licensed under the Revised BSD license. Memcached runs on Unix-like operating systems (Linux and macOS) and on Microsoft Windows. It depends on the libevent library.
Memcached's APIs provide a very large hash table distributed across multiple machines. When the table is full, subsequent inserts cause older data to be purged in least recently used (LRU) order. Applications using Memcached typically layer requests and additions into RAM before falling back on a slower backing store, such as a database.
Memcached has no internal mechanism to track misses which may happen. However, some third party utilities provide this functionality.
Memcached was first developed by Brad Fitzpatrick for his website LiveJournal, on May 22, 2003. It was originally written in Perl, then later rewritten in C by Anatoly Vorobey, then employed by LiveJournal. Memcached is now used by many other systems, including YouTube, Reddit, Facebook, Pinterest, Twitter, Wikipedia, and Method Studios. Google App Engine, Google Cloud Platform, Microsoft Azure, IBM Bluemix and Amazon Web Services also offer a Memcached service through an API."
Twilio,520.0,10800.0,Bring voice and messaging to your web and mobile applications.,"Twilio is an American company based in San Francisco, California, which provides programmable communication tools for making and receiving phone calls, sending and receiving text messages, and performing other communication functions using its web service APIs."
G Suite,2470.0,31000.0,Collaboration and productivity apps for Business,"Google Workspace  is a collection of cloud computing, productivity and collaboration tools, software and products developed and marketed by Google. It consists of Gmail, Contacts, Calendar, Meet and Chat for communication; Currents for employee engagement; Drive for storage; and the Google Docs Editors suite for content creation. An Admin Panel is provided for managing users and services. Depending on edition Google Workspace may also include the digital interactive whiteboard Jamboard and an option to purchase add-ons such as the telephony service Voice. The education edition adds a learning platform Google Classroom and today has the name Workspace for Education.While most of these services are individually available at no cost to consumers who use their free Google (Gmail) accounts, Google Workspace adds enterprise features such as custom email addresses at a domain (e.g. @yourcompany.com), an option for unlimited Drive storage, additional administrative tools and advanced settings, as well as 24/7 phone and email support.The suite was first launched in February 2006 as Gmail for Your Domain, before being expanded into Google Apps for Your Domain in the same year, later rebranded as G Suite in 2016, then rebranded again in 2020 as Google Workspace.As of April 2020, G Suite had 6 million paying businesses, and 120 million G Suite for Education users."
Asana,655.0,9240.0,Enabling the teams to work together effortlessly,"An āsana (Sanskrit: आसन) is a body posture, originally and still a general term for a sitting meditation pose, and later extended in hatha yoga and modern yoga as exercise, to any type of position, adding reclining, standing, inverted, twisting, and balancing poses. The Yoga Sutras of Patanjali define ""asana"" as ""[a position that] is steady and comfortable"". Patanjali mentions the ability to sit for extended periods as one of the eight limbs of his system. Asanas are also called yoga poses or yoga postures in English.
The 10th or 11th century Goraksha Sataka and the 15th century Hatha Yoga Pradipika identify 84 asanas; the 17th century Hatha Ratnavali provides a different list of 84 asanas, describing some of them. In the 20th century, Indian nationalism favoured physical culture in response to colonialism. In that environment, pioneers such as Yogendra, Kuvalayananda, and Krishnamacharya taught a new system of asanas (incorporating systems of exercise as well as traditional hatha yoga). Among Krishnamacharya's pupils were influential Indian yoga teachers including Pattabhi Jois, founder of Ashtanga vinyasa yoga, and B.K.S. Iyengar, founder of Iyengar yoga. Together they described hundreds more asanas, revived the popularity of yoga, and brought it to the Western world. Many more asanas have been devised since Iyengar's 1966 Light on Yoga which described some 200 asanas. Hundreds more were illustrated by Dharma Mittra.
Asanas were claimed to provide both spiritual and physical benefits in medieval hatha yoga texts. More recently, studies have provided evidence that they improve flexibility, strength, and balance; to reduce stress and conditions related to it; and specifically to alleviate some diseases such as asthma and diabetes.Asanas have appeared in culture for many centuries. Religious Indian art depicts figures of the Buddha, Jain tirthankaras, and Shiva in lotus position and other meditation seats, and in the ""royal ease"" position, lalitasana. With the popularity of yoga as exercise, asanas feature commonly in novels and films, and sometimes also in advertising."
Material Design for Angular,519.0,11300.0,Material Design for AngularJS Apps,
Material Design for Angular,519.0,11300.0,Material Design for AngularJS Apps,
Amazon SES,327.0,9480.0,Bulk and transactional email-sending service.,
Microsoft IIS,236.0,15000.0,A web server for Microsoft Windows,"Internet Information Services (IIS, 2S) is an extensible web server created by Microsoft for use with the Windows NT family. IIS supports HTTP, HTTP/2, HTTPS, FTP, FTPS, SMTP and NNTP.  It has been an integral part of the Windows NT family since Windows NT 4.0, though it may be absent from some editions (e.g. Windows XP Home edition), and is not active by default."
Symfony,1120.0,7720.0,A PHP full-stack web framework,"Symfony is a free and open-source PHP web application framework and a set of reusable PHP component libraries. It was published as free software on October 18, 2005, and released under the MIT License."
Android OS,21.0,837.0,An open source mobile operating system by Google,"Android is a mobile operating system based on a modified version of the Linux kernel and other open-source software, designed primarily for touchscreen mobile devices such as smartphones and tablets. Android is developed by a consortium of developers known as the Open Handset Alliance, though its most widely used version is primarily developed by Google. It was unveiled in November 2007, with the first commercial Android device, the HTC Dream, being launched in September 2008.
At its core, the operating system is known as Android Open Source Project (AOSP) and is free and open-source software (FOSS) primarily licensed under the Apache License. However most devices run on the proprietary Android version developed by Google, which ship with additional proprietary closed-source software pre-installed, most notably Google Mobile Services (GMS) which includes core apps such as Google Chrome, the digital distribution platform Google Play, and the associated Google Play Services development platform. Firebase Cloud Messaging is used for push notifications. While AOSP is free, the ""Android"" name and logo are trademarks of Google, which imposes standards to restrict the use of Android branding by ""uncertified"" devices outside their ecosystem.Over 70 percent of smartphones based on Android Open Source Project run Google's ecosystem (which is known simply as Android), some with vendor-customized user interfaces and software suites, such as TouchWiz and later One UI by Samsung and HTC Sense. Competing ecosystems and forks of AOSP include Fire OS (developed by Amazon), ColorOS by Oppo, OriginOS by Vivo, MagicUI by Honor, or custom ROMs such as LineageOS.
The source code has been used to develop variants of Android on a range of other electronics, such as game consoles, digital cameras, portable media players, and PCs, each with a specialized user interface. Some well known derivatives include Android TV for televisions and Wear OS for wearables, both developed by Google. Software packages on Android, which use the APK format, are generally distributed through proprietary application stores like Google Play Store, Amazon Appstore (including for Windows 11), Samsung Galaxy Store, Huawei AppGallery, Cafe Bazaar, GetJar and Aptoide, or open source platforms like F-Droid.
Android has been the best-selling OS worldwide on smartphones since 2011 and on tablets since 2013. As of May 2021, it had over three billion monthly active users, the largest installed base of any operating system in the world, and as of January 2021, the Google Play Store featured over 3 million apps. Android 14, released on October 4, 2023, is the latest version, and the recently released Android 12.1/12L includes improvements specific to foldable phones, tablets, desktop-sized screens and Chromebooks."
gRPC,64.0,1890.0,"A high performance, open-source universal RPC framework","gRPC (gRPC Remote Procedure Calls) is a cross-platform open source high performance remote procedure call (RPC) framework. gRPC was initially created by Google, which used a single general-purpose RPC infrastructure called Stubby to connect the large number of microservices running within and across its data centers from about 2001. In March 2015, Google decided to build the next version of Stubby and make it open source. The result was gRPC, which is now used in many organizations aside from Google to power use cases from microservices to the “last mile” of computing (mobile, web, and Internet of Things). It uses HTTP/2 for transport, Protocol Buffers as the interface description language, and provides features such as authentication, bidirectional streaming and flow control, blocking or nonblocking bindings, and cancellation and timeouts. It generates cross-platform client and server bindings for many languages. Most common usage scenarios include connecting services in a microservices style architecture, or connecting mobile device clients to backend services.gRPC's complex use of HTTP/2 makes it impossible to implement a gRPC client in the browser, instead requiring a proxy."
Vite,13.0,613.0,Native-ESM powered web dev build tool,"The Lives of the Most Excellent Painters, Sculptors, and Architects (Italian: Le vite de' più eccellenti pittori, scultori, e architettori), often simply known as The Lives (Italian: Le Vite), is a series of artist biographies written by 16th-century Italian painter and architect Giorgio Vasari, which is considered ""perhaps the most famous, and even today the most-read work of the older literature of art"", ""some of the Italian Renaissance's most influential writing on art"", and ""the first important book on art history"".Vasari published the work in two editions with substantial differences between them; the first edition, two volumes, in 1550 and the second, three volumes, in 1568 (which is the one usually translated and referred to). One important change was the increased attention paid to Venetian art in the second edition, even though Vasari still was, and has ever since been, criticised for an excessive emphasis on the art of his native Florence."
Svelte,488.0,1370.0,A UI framework that compiles into tiny standalone JavaScript modules,"Svelte is a free and open-source front-end component framework and language created by Rich Harris and maintained by the Svelte core team members. Svelte is not a monolithic JavaScript library imported by applications: instead, Svelte compiles HTML templates to specialized code that manipulates the DOM directly, which may reduce the size of transferred files and give better client performance. Application code is also processed by the compiler, inserting calls to automatically recompute data and re-render UI elements when the data they depend on is modified. This also avoids the overhead associated with runtime intermediate representations, such as virtual DOM, unlike traditional frameworks (such as React and Vue) which carry out the bulk of their work at runtime, i.e. in the browser.The compiler itself is written in TypeScript. Its source code is licensed under MIT License and hosted on GitHub. Among comparable frontend libraries, Svelte has one of the smallest bundle footprint at merely 2KB."
Pandas,22.0,1600.0,"High-performance, easy-to-use data structures and data analysis tools for the Python programming language","The giant panda (Ailuropoda melanoleuca), sometimes called a panda bear or simply panda, is a bear species endemic to China. It is characterised by its bold black-and-white coat and rotund body. The name ""giant panda"" is sometimes used to distinguish it from the red panda, a neighboring musteloid. Though it belongs to the order Carnivora, the giant panda is a folivore, with bamboo shoots and leaves making up more than 99% of its diet. Giant pandas in the wild occasionally eat other grasses, wild tubers, or even meat in the form of birds, rodents, or carrion. In captivity, they may receive honey, eggs, fish, yams, shrub leaves, oranges, or bananas along with specially prepared food.The giant panda lives in a few mountain ranges in central China, mainly in Sichuan, and also in neighbouring Shaanxi and Gansu. As a result of farming, deforestation, and other development, the giant panda has been driven out of the lowland areas where it once lived, and it is a conservation-reliant vulnerable species. A 2007 report showed 239 pandas living in captivity inside China and another 27 outside the country. By December 2014, 49 giant pandas lived in captivity outside China, living in 18 zoos in 13 countries. Wild population estimates vary; one estimate shows that there are about 1,590 individuals living in the wild, while a 2006 study via DNA analysis estimated that this figure could be as high as 2,000 to 3,000. Some reports also show that the number of giant pandas in the wild is on the rise. By March 2015, the wild giant panda population had increased to 1,864 individuals. In 2016, it was reclassified on the IUCN Red List from ""endangered"" to ""vulnerable"", affirming decade-long efforts to save the panda. In July 2021, Chinese authorities also reclassified the giant panda as vulnerable.The giant panda has often served as China's national symbol, appeared on Chinese Gold Panda coins since 1982 and as one of the five Fuwa mascots of the 2008 Summer Olympics held in Beijing."
Dataform,0.0,235.0,A framework for managing SQL based data operations.,
Matplotlib,10.0,742.0,A plotting library for the Python programming language,"Matplotlib is a plotting library for the Python programming language and its numerical mathematics extension NumPy. It provides an object-oriented API for embedding plots into applications using general-purpose GUI toolkits like Tkinter, wxPython, Qt, or GTK. There is also a procedural ""pylab"" interface based on a state machine (like OpenGL), designed to closely resemble that of MATLAB, though its use is discouraged. SciPy makes use of Matplotlib.
Matplotlib was originally written by John D. Hunter. Since then it has had an active development community and is distributed under a BSD-style license. Michael Droettboom was nominated as matplotlib's lead developer shortly before John Hunter's death in August 2012 and was further joined by Thomas Caswell. Matplotlib is a NumFOCUS fiscally sponsored project."
Firefox,114.0,959.0,Mozilla's Web Browser,"Mozilla Firefox, or simply Firefox, is a free and open-source web browser developed by the Mozilla Foundation and its subsidiary, the Mozilla Corporation. It uses the Gecko rendering engine to display web pages, which implements current and anticipated web standards. In November 2017, Firefox began incorporating new technology under the code name ""Quantum"" to promote parallelism and a more intuitive user interface. Firefox is available for Windows 10 or later versions, macOS, and Linux. Its unofficial ports are available for various Unix and Unix-like operating systems, including FreeBSD, OpenBSD, NetBSD, illumos, and Solaris Unix. It is also available for Android and iOS. However, as with all other iOS web browsers, the iOS version uses the WebKit layout engine instead of Gecko due to platform requirements. An optimized version is also available on the Amazon Fire TV as one of the two main browsers available with Amazon's Silk Browser.Firefox was created in 2002 under the code name ""Phoenix"" by members of the Mozilla community who desired a standalone browser rather than the Mozilla Application Suite bundle. During its beta phase, it proved to be popular with its testers and was praised for its speed, security, and add-ons compared to Microsoft's then-dominant Internet Explorer 6. It was released on November 9, 2004, and challenged Internet Explorer's dominance with 60 million downloads within nine months. It is the spiritual successor of Netscape Navigator, as the Mozilla community was created by Netscape in 1998, before its acquisition by AOL.Firefox usage share grew to a peak of 32.21% in November 2009, with Firefox 3.5 overtaking Internet Explorer 7, although not all versions of Internet Explorer as a whole; its usage then declined in competition with Google Chrome. As of July 2023, according to StatCounter, it had a 5.96% usage share as a desktop web browser, making it the fourth-most popular desktop web browser after Google Chrome (63.32%), Safari (13.13%), and Microsoft Edge (10.75%). Across all platforms, it again places fourth with a usage share of 3.04% as of September 2023."
Celery,279.0,1530.0,Distributed task queue,"Celery (Apium graveolens) is a marshland plant in the family Apiaceae that has been cultivated as a vegetable since antiquity. Celery has a long fibrous stalk tapering into leaves. Depending on location and cultivar, either its stalks, leaves or hypocotyl are eaten and used in cooking.  Celery seed powder is used as a spice."
Flyway,33.0,271.0,Version control for your database,"A flyway is a flight path used by large numbers of birds while migrating between their breeding grounds and their overwintering quarters. Flyways generally span continents and often pass over oceans. Although applying to any species of migrating bird, the concept was first conceived and applied to waterfowl and shore birds. The flyways can be thought of as wide arterial highways to which the migratory routes of different species are tributaries. An alternative definition is that a flyway is the entire range of a migratory bird, encompassing both its breeding and non-breeding grounds, and the resting and feeding locations it uses while migrating. There are four major north–south flyways in North America and six covering Eurasia, Africa, and Australasia."
InVision,617.0,8250.0,Prototyping & Collaboration For Design Teams,"Invision or InVision may refer to:

Invision Agency, an entertainment company part owned by The Associated Press
Invision Community, an Internet community software produced by Invision Power Services
Invision Private Equity, owners of Swiss Education Group
Invision Studios, a film production company based in Harare, Zimbabwe
InVision Technologies, a manufacturer of airport security screening devices to detect explosives in baggage
Invision (software), a web-based prototyping tool"
Google,0.0,149.0,Search the world's information,"Google LLC ( ) is an American multinational technology company focusing on artificial intelligence, online advertising, search engine technology, cloud computing, computer software, quantum computing, e-commerce, and consumer electronics. It has been referred to as ""the most powerful company in the world"" and as one of the world's most valuable brands due to its market dominance, data collection, and technological advantages in the field of artificial intelligence. Alongside Amazon, Apple Inc., Meta, and Microsoft, Google's parent company Alphabet Inc. is one of the five Big Tech companies.
Google was founded on September 4, 1998, by American computer scientists Larry Page and Sergey Brin while they were PhD students at Stanford University in California. Together they own about 14% of its publicly listed shares and control 56% of its stockholder voting power through super-voting stock. The company went public via an initial public offering (IPO) in 2004. In 2015, Google was reorganized as a wholly owned subsidiary of Alphabet Inc. Google is Alphabet's largest subsidiary and is a holding company for Alphabet's internet properties and interests. Sundar Pichai was appointed CEO of Google on October 24, 2015, replacing Larry Page, who became the CEO of Alphabet. On December 3, 2019, Pichai also became the CEO of Alphabet.The company has since rapidly grown to offer a multitude of products and services beyond Google Search, many of which hold dominant market positions. These products address a wide range of use cases, including email (Gmail), navigation (Waze & Maps), cloud computing (Cloud), web browsing (Chrome), video sharing (YouTube), productivity (Workspace), operating systems (Android), cloud storage (Drive), language translation (Translate), photo storage (Photos), video calling (Meet), smart home (Nest), smartphones (Pixel), wearable technology (Pixel Watch & Fitbit), music streaming (YouTube Music), video on demand (YouTube TV), artificial intelligence (Google Assistant & Bard), machine learning APIs (TensorFlow), AI chips (TPU), and more. Discontinued Google products include gaming (Stadia), Glass, Google+, Reader, Play Music, Nexus, Hangouts, and Inbox by Gmail.Google's other ventures outside of Internet services and consumer electronics include quantum computing (Sycamore), self-driving cars (Waymo, formerly the Google Self-Driving Car Project), smart cities (Sidewalk Labs), and transformer models (Google Deepmind).Google and YouTube are the two most visited websites worldwide followed by Facebook and X (formerly known as Twitter). Google is also the largest search engine, mapping and navigation application, email provider, office suite, video sharing platform, photo and cloud storage provider, mobile operating system, web browser, ML framework, and AI virtual assistant provider in the world as measured by market share. On the list of most valuable brands, Google is ranked second by Forbes and fourth by Interbrand. It has received significant criticism involving issues such as privacy concerns, tax avoidance, censorship, search neutrality, antitrust and abuse of its monopoly position."
pip,2.0,375.0,A package installer for Python,"Pip, PIP, Pips, PIPS, and similar, may refer to:"
Zoom,155.0,1700.0,"Video Conferencing, Web Conferencing, Webinars, Screen Sharing",Zoom may refer to:
Unity,73.0,1560.0,"Unity brings state-of-the-art, affordable multiplatform tools and services to developers of interactiv...",Unity may refer to:
Discord,795.0,1630.0,"All-in-one voice and text chat for gamers that’s free, secure, and works on both your desktop and phone","Discord is an instant messaging and VoIP social platform. Users have the ability to communicate with voice calls, video calls, text messaging, media and files in private chats or as part of communities called ""servers"". A server is a collection of persistent chat rooms and voice channels which can be accessed via invite links. Discord runs on Windows, macOS, Android, iOS, iPadOS, Linux, and in web browsers. As of 2021, the service has over 350 million registered users and over 150 million monthly active users. It is primarily used by gamers, although the share of users interested in other topics is growing. As of September 2023, Discord is the 35th most visited website in the world with 23.42% of its traffic coming from the United States."
Prism,0.0,784.0,"An extensible syntax highlighter, built with modern web standards","Prism usually refers to:

Prism (optics), a transparent optical component with flat surfaces that refract light
Prism (geometry), a kind of polyhedronPrism may also refer to:"
Auth0,215.0,1270.0,"Token-based Single Sign On for your Apps and APIs with social, databases and enterprise identities","Okta, Inc. (formerly Saasure Inc.) is an American identity and access management company based in San Francisco. It provides cloud software that helps companies manage and secure user authentication into applications, and for developers to build identity controls into applications, website web services and devices.  It was founded in 2009 and had its initial public offering in 2017, being valued at over $6 billion."
Elixir,1300.0,3290.0,"Dynamic, functional language designed for building scalable and maintainable applications","An  elixir is a sweet liquid used for medical purposes, to be taken orally and intended to cure one's illness. When used as a pharmaceutical preparation, an elixir contains at least one active ingredient designed to be taken orally."
Podman,1.0,75.0,A tool for managing OCI containers and pods,"OS-level virtualization is an operating system (OS) virtualization paradigm in which the kernel allows the existence of multiple isolated user space instances, called containers (LXC, Solaris containers, AIX WPARs, HP-UX SRP Containers, Docker, Podman), zones (Solaris containers), virtual private servers (OpenVZ), partitions, virtual environments (VEs), virtual kernels (DragonFly BSD), or jails (FreeBSD jail or chroot jail). Such instances may look like real computers from the point of view of programs running in them. A computer program running on an ordinary operating system can see all resources (connected devices, files and folders, network shares, CPU power, quantifiable hardware capabilities) of that computer. However, programs running inside of a container can only see the container's contents and devices assigned to the container.
On Unix-like operating systems, this feature can be seen as an advanced implementation of the standard chroot mechanism, which changes the apparent root folder for the current running process and its children. In addition to isolation mechanisms, the kernel often provides resource-management features to limit the impact of one container's activities on other containers. Linux containers are all based on the virtualization, isolation, and resource management mechanisms provided by the Linux kernel, notably Linux namespaces and cgroups.The term container, while most popularly referring to OS-level virtualization systems, is sometimes ambiguously used to refer to fuller virtual machine environments operating in varying degrees of concert with the host OS, e.g., Microsoft's Hyper-V containers. A more historic overview of virtualization in general since 1960 can be found in the Timeline of virtualization development."
Eclipse,392.0,2460.0,IDE for Java EE Developers,"An eclipse is an astronomical event that occurs when an astronomical object or spacecraft is temporarily obscured, by passing into the shadow of another body or by having another body pass between it and the viewer. This alignment of three celestial objects is known as a syzygy. An eclipse is the result of either an occultation (completely hidden) or a transit (partially hidden). A ""deep eclipse"" (or ""deep occultation"") is when a small astronomical object is behind a bigger one.The term eclipse is most often used to describe either a solar eclipse, when the Moon's shadow crosses the Earth's surface, or a lunar eclipse, when the Moon moves into the Earth's shadow. However, it can also refer to such events beyond the Earth–Moon system: for example, a planet moving into the shadow cast by one of its moons, a moon passing into the shadow cast by its host planet, or a moon passing into the shadow of another moon. A binary star system can also produce eclipses if the plane of the orbit of its constituent stars intersects the observer's position. 
For the special cases of solar and lunar eclipses, these only happen during an ""eclipse season"", the two times of each year when the plane of the Earth's orbit around the Sun crosses with the plane of the Moon's orbit around the Earth and the line defined by the intersecting planes points near the Sun. The type of solar eclipse that happens during each season (whether total, annular, hybrid, or partial) depends on apparent sizes of the Sun and Moon. If the orbit of the Earth around the Sun and the Moon's orbit around the Earth were both in the same plane with each other, then eclipses would happen every month. There would be a lunar eclipse at every full moon, and a solar eclipse at every new moon. And if both orbits were perfectly circular, then each solar eclipse would be the same type every month. It is because of the non-planar and non-circular differences that eclipses are not a common event. Lunar eclipses can be viewed from the entire nightside half of the Earth. But solar eclipses, particularly total eclipses occurring at any one particular point on the Earth's surface, are very rare events that can be many decades apart."
Apache Maven,413.0,2710.0,Apache build manager for Java projects.,"Maven is a build automation tool used primarily for Java projects. Maven can also be used to build and manage projects written in C#, Ruby, Scala, and other languages. The Maven project is hosted by The Apache Software Foundation, where it was formerly part of the Jakarta Project.
Maven addresses two aspects of building software: how software is built and its dependencies. Unlike earlier tools like Apache Ant, it uses conventions for the build procedure. Only exceptions need to be specified. An XML file describes the software project being built, its dependencies on other external modules and components, the build order, directories, and required plug-ins. It comes with pre-defined targets for performing certain well-defined tasks such as compilation of code and its packaging. Maven dynamically downloads Java libraries and Maven plug-ins from one or more repositories such as the Maven 2 Central Repository, and stores them in a local cache. This local cache of downloaded artifacts can also be updated with artifacts created by local projects. Public repositories can also be updated.
Maven is built using a plugin-based architecture that allows it to make use of any application controllable through standard input. A C/C++ native plugin is maintained for Maven 2.Alternative technologies like Gradle and sbt as build tools do not rely on XML, but keep the key concepts Maven introduced. With Apache Ivy, a dedicated dependency manager was developed as well that also supports Maven repositories.Apache Maven has support for reproducible builds."
Eclipse,392.0,2460.0,IDE for Java EE Developers,"An eclipse is an astronomical event that occurs when an astronomical object or spacecraft is temporarily obscured, by passing into the shadow of another body or by having another body pass between it and the viewer. This alignment of three celestial objects is known as a syzygy. An eclipse is the result of either an occultation (completely hidden) or a transit (partially hidden). A ""deep eclipse"" (or ""deep occultation"") is when a small astronomical object is behind a bigger one.The term eclipse is most often used to describe either a solar eclipse, when the Moon's shadow crosses the Earth's surface, or a lunar eclipse, when the Moon moves into the Earth's shadow. However, it can also refer to such events beyond the Earth–Moon system: for example, a planet moving into the shadow cast by one of its moons, a moon passing into the shadow cast by its host planet, or a moon passing into the shadow of another moon. A binary star system can also produce eclipses if the plane of the orbit of its constituent stars intersects the observer's position. 
For the special cases of solar and lunar eclipses, these only happen during an ""eclipse season"", the two times of each year when the plane of the Earth's orbit around the Sun crosses with the plane of the Moon's orbit around the Earth and the line defined by the intersecting planes points near the Sun. The type of solar eclipse that happens during each season (whether total, annular, hybrid, or partial) depends on apparent sizes of the Sun and Moon. If the orbit of the Earth around the Sun and the Moon's orbit around the Earth were both in the same plane with each other, then eclipses would happen every month. There would be a lunar eclipse at every full moon, and a solar eclipse at every new moon. And if both orbits were perfectly circular, then each solar eclipse would be the same type every month. It is because of the non-planar and non-circular differences that eclipses are not a common event. Lunar eclipses can be viewed from the entire nightside half of the Earth. But solar eclipses, particularly total eclipses occurring at any one particular point on the Earth's surface, are very rare events that can be many decades apart."
Liquibase,69.0,385.0,"Easily track, version & deploy database changes","Liquibase is an open-source database-independent library for tracking, managing and applying database schema changes.  It was started in 2006 to allow easier tracking of database changes, especially in an agile software development environment."
Podman,1.0,72.0,A tool for managing OCI containers and pods,"OS-level virtualization is an operating system (OS) virtualization paradigm in which the kernel allows the existence of multiple isolated user space instances, called containers (LXC, Solaris containers, AIX WPARs, HP-UX SRP Containers, Docker, Podman), zones (Solaris containers), virtual private servers (OpenVZ), partitions, virtual environments (VEs), virtual kernels (DragonFly BSD), or jails (FreeBSD jail or chroot jail). Such instances may look like real computers from the point of view of programs running in them. A computer program running on an ordinary operating system can see all resources (connected devices, files and folders, network shares, CPU power, quantifiable hardware capabilities) of that computer. However, programs running inside of a container can only see the container's contents and devices assigned to the container.
On Unix-like operating systems, this feature can be seen as an advanced implementation of the standard chroot mechanism, which changes the apparent root folder for the current running process and its children. In addition to isolation mechanisms, the kernel often provides resource-management features to limit the impact of one container's activities on other containers. Linux containers are all based on the virtualization, isolation, and resource management mechanisms provided by the Linux kernel, notably Linux namespaces and cgroups.The term container, while most popularly referring to OS-level virtualization systems, is sometimes ambiguously used to refer to fuller virtual machine environments operating in varying degrees of concert with the host OS, e.g., Microsoft's Hyper-V containers. A more historic overview of virtualization in general since 1960 can be found in the Timeline of virtualization development."
Azure Functions,62.0,640.0,Listen and react to events across your stack,
Blazor,440.0,500.0,"An experimental web UI framework using C#/Razor and HTML, running in the browser via WebAssembly",Blazor is a free and open-source web framework that enables developers to create web apps using C# and HTML. It is being developed by Microsoft.
Podman Desktop,0.0,7.0,Manage Podman and other container engines from a single UI and tray,
Firebase Authentication,55.0,489.0,An App Authentication System In A Few Lines Of Code,
SurrealDB,0.0,29.0,The ultimate cloud database for tomorrow’s applications,
Neo4j,352.0,1160.0,The world’s leading Graph Database,"Neo4j is a graph database management system developed by Neo4j, Inc.
The data elements Neo4j stores are nodes, edges connecting them, and attributes of nodes and edges. Described by its developers as an ACID-compliant transactional database with native graph storage and processing, Neo4j is available in a non-open-source ""community edition"" licensed with a modification of the GNU General Public License, with online backup and high availability extensions licensed under a closed-source commercial license. Neo also licenses Neo4j with these extensions under closed-source commercial terms.Neo4j is implemented in Java and accessible from software written in other languages using the Cypher query language through a transactional HTTP endpoint, or through the binary ""Bolt"" protocol. The ""4j"" in Neo4j is a reference to its being built in Java, however is now largely viewed as an anachronism."
Pixi,7.0,73.0,"Create beautiful digital content with the fastest, most flexible 2D WebGL renderer","The Palm Pixi and Pixi Plus are multimedia smartphones, developed by Palm, which was purchased in 2010 by HP. The device is viewed as a successor to the Palm Centro smartphone and was Palm's second webOS device, after the Palm Pre.
The phones were considered the smallest ""smartphone"" on the market and are able to browse the internet, and access Facebook and other social media sites, as well as online banking.
The original Pixi was announced on September 8, 2009, on Palm's official blog and was released on November 15, 2009, on the Sprint carrier network in the U.S.
The Pixi Plus was announced at CES in 2010. The Plus versions include WiFi and the ability to act as a 3G Mobile hotspot (sometimes known as MiFi). The phone was released January 7, 2010, for the Verizon Wireless carrier network, and subsequently for AT&T Mobility, and was released on May 28, 2010, for O2 in the United Kingdom."
ScyllaDB,8.0,122.0,ScyllaDB is the database for data-intensive apps that require high performance and low latency.,"ScyllaDB is an open-source distributed NoSQL wide-column data store. It was designed to be compatible with Apache Cassandra while achieving significantly higher throughputs and lower latencies. It supports the same protocols as Cassandra (CQL and Thrift) and the same file formats (SSTable), but is a completely rewritten implementation, using the C++20 language replacing Cassandra's Java, and the Seastar asynchronous programming library replacing classic Linux programming techniques such as threads, shared memory and mapped files. In addition to implementing Cassandra's protocols, ScyllaDB also implements the Amazon DynamoDB API.ScyllaDB uses a sharded design on each node, meaning that each CPU core handles a different subset of data. Cores do not share data, but rather communicate explicitly when they need to. The ScyllaDB authors claim that this design allows ScyllaDB to achieve much better performance on modern NUMA SMP machines, and to scale very well with the number of cores. They have measured as much as 2 million requests per second on a single machine, and also claim that a ScyllaDB cluster can serve as many requests as a Cassandra cluster 10 times its size – and do so with lower latencies. Independent testing has not always been able to confirm such 10-fold throughput improvements, and sometimes measured smaller speedups, such as 2x. A 2017 benchmark from Samsung observed the 10x speedup on high-end machines – the Samsung benchmark reported that ScyllaDB outperformed Cassandra on a cluster of 24-core machines by a margin of 10–37x depending on the YCSB workload.ScyllaDB is available on-premises, on major public cloud providers, or as a DBaaS (ScyllaDB Cloud)."
Hazelcast,59.0,333.0,Clustering and highly scalable data distribution platform for Java,"In computing, Hazelcast is a unified real-time data platform based on Java that combines a fast data store with stream processing. It is also the name of the company developing the product. The Hazelcast company is funded by venture capital and headquartered in Palo Alto, California.In a Hazelcast grid, data is evenly distributed among the nodes of a computer cluster, allowing for horizontal scaling of processing and available storage. Backups are also distributed among nodes to protect against failure of any single node. Hazelcast provides central, predictable scaling of applications through in-memory access to frequently used data and across an elastically scalable data grid. These techniques reduce the query load on databases and improve speed.
Hazelcast can run on-premises, in the cloud (Amazon Web Services, Microsoft Azure, Cloud Foundry, OpenShift), virtually (VMware), and in Docker containers. Hazelcast offers technology integrations for multiple cloud configuration and deployment technologies, including Apache jclouds, Consul, etcd, Eureka, Kubernetes, and Zookeeper. The Hazelcast Cloud Discovery Service Provider Interface (SPI) enables cloud-based or on-premises nodes to auto-discover each other.
The Hazelcast platform can manage memory for many different types of applications. It offers an Open Binary Client Protocol to support APIs for any binary programming language. The Hazelcast and open source community members have created client APIs for programming languages that include Java, .NET, C++, Python, Node.js and Go."
Portainer,144.0,459.0,Open source tool for managing containerized applications,"A container crane (also container handling gantry crane or ship-to-shore crane) is a type of large dockside gantry crane found at container terminals for loading and unloading intermodal containers from container ships.

Container cranes consist of a supporting framework that can traverse the length of a quay or yard on a rail track. Instead of a hook, they are equipped with a specialized handling tool called a spreader. The spreader can be lowered on top of a container and locks onto the container's four locking points (""corner castings"") using a twistlock mechanism. Cranes normally transport a single container at once, but some newer cranes have the capability to pick up two to four 20-foot containers at once."
ELK,21.0,811.0,"The acronym for three open source projects: Elasticsearch, Logstash, and Kibana","The elk (Cervus canadensis) is a large antlered mammal within the deer family.
Elk may also refer to:"
k6,56.0,188.0,Developer centric open-source load and performance testing tool,K6 or K-6 may refer to:
htmx,0.0,16.0,Build modern user interfaces with the simplicity and power of hypertext,
PlatformIO,18.0,105.0,Next-generation IDE for IoT,
BeautifulSoup,4.0,80.0,A Python library for pulling data out of HTML and XML files,"Beautiful Soup is a Python package for parsing HTML and XML documents (including having malformed markup, i.e. non-closed tags, so named after tag soup). It creates a parse tree for parsed pages that can be used to extract data from HTML, which is useful for web scraping.Beautiful Soup was started by Leonard Richardson, who continues to contribute to the project, and is additionally supported by Tidelift, a paid subscription to open-source maintenance."
Bootstrap Studio,31.0,176.0,Powerful desktop app for creating responsive websites using the Bootstrap framework,"Bootstrap Studio is a proprietary web design and development application. It offers a large number of components for building responsive pages including headers, footers, galleries and slideshows along with basic elements, such as spans and divs.The program can be used for building websites and prototypes. It is built on the popular Electron framework, and is cross-platform."
NGINX Amplify,0.0,57.0,Monitoring and management tool for NGINX,
Sequel Pro,68.0,313.0,MySQL database management for Mac OS X,
Clerk,0.0,26.0,Authentication and user management for React and Next.js,"A clerk is a white-collar worker who conducts record keeping as well as general office tasks, or a worker who performs similar sales-related tasks in a retail environment. The responsibilities of clerical workers commonly include record keeping, filing, staffing service counters, screening callers, and other administrative tasks. In City of London livery companies, the clerk is the chief executive officer."
CockroachDB,0.0,191.0,"A distributed SQL database that scales fast, survives disaster, and thrives everywhere",CockroachDB is a commercial distributed SQL database management system developed by Cockroach Labs.
MySQL WorkBench,28.0,369.0,"A unified visual tool for database architects, developers, and DBAs",
NGINX Amplify,0.0,57.0,Monitoring and management tool for NGINX,
Bootstrap Studio,31.0,176.0,Powerful desktop app for creating responsive websites using the Bootstrap framework,"Bootstrap Studio is a proprietary web design and development application. It offers a large number of components for building responsive pages including headers, footers, galleries and slideshows along with basic elements, such as spans and divs.The program can be used for building websites and prototypes. It is built on the popular Electron framework, and is cross-platform."
Google Chrome,24.0,769.0,A cross-platform web browser developed by Google,"Google Chrome is a cross-platform web browser developed by Google. It was first released in 2008 for Microsoft Windows, built with free software components from Apple WebKit and Mozilla Firefox. Versions were later released for Linux, macOS, iOS, and also for Android, where it is the default browser. The browser is also the main component of ChromeOS, where it serves as the platform for web applications.
Most of Chrome's source code comes from Google's free and open-source software project Chromium, but Chrome is licensed as proprietary freeware. WebKit was the original rendering engine, but Google eventually forked it to create the Blink engine; all Chrome variants except iOS used Blink as of 2017.As of October 2022, StatCounter estimates that Chrome has a 67% worldwide browser market share (after peaking at 72.38% in November 2018) on personal computers (PC), is most used on tablets (having surpassed Safari), and is also dominant on smartphones and at 65% across all platforms combined, making it the most used web browser in the world today. Because of this success, Google has expanded the ""Chrome"" brand name to other products: ChromeOS, Chromecast, Chromebook, Chromebit, Chromebox, and Chromebase."
CockroachDB,0.0,191.0,"A distributed SQL database that scales fast, survives disaster, and thrives everywhere",CockroachDB is a commercial distributed SQL database management system developed by Cockroach Labs.
Knative,21.0,82.0,Kubernetes-based platform for serverless workloads,
ClickUp,19.0,719.0,A cloud-based collaboration and project management tool,"ClickUp is a project management software with features including tasks, whiteboards, spreadsheets, and document collaboration on a unified platform.  It was founded by Zeb Evans and Alex Yurkowski in 2017."
Cloudinary,179.0,547.0,An end-to-end image & video management solution for your web and mobile applications,"Cloudinary is a SaaS technology company headquartered in Santa Clara, California, with offices in Israel, England, Poland, and Singapore. The company provides cloud-based image and video management services. It enables users to upload, store, manage, manipulate, and deliver images and video for websites and apps. Cloudinary is used by 1 million web and mobile application developers at more than 8,000 companies including Condé Nast, Dropbox, Forbes, Outbrain, Taboola and Answers.com. Inc. Magazine has called Cloudinary the ""gold standard"" of image management on the web."
MySQL WorkBench,28.0,369.0,"A unified visual tool for database architects, developers, and DBAs",
JanusGraph,0.0,40.0,"Open-source, distributed graph database","JanusGraph is an open source, distributed graph database under The Linux Foundation. JanusGraph is available under the Apache License 2.0. The project is supported by IBM, Google, Hortonworks and Grakn Labs.JanusGraph supports various storage backends (Apache Cassandra, Apache HBase, Google Cloud Bigtable, Oracle BerkeleyDB, Scylla). Scalability of JanusGraph depends on the underlying technologies, which are used with JanusGraph. For example, by using Apache Cassandra as a storage backend scaling to multiple datacenters is provided out of the box.
JanusGraph supports global graph data analytics, reporting, and ETL through integration with big data platforms (Apache Spark, Apache Giraph, Apache Hadoop).JanusGraph supports geo, numeric range, and full-text search via external index storages (ElasticSearch, Apache Solr, Apache Lucene).JanusGraph has native integration with the Apache TinkerPop graph stack (Gremlin graph query language, Gremlin graph server, Gremlin applications)."
Octopus Deploy,116.0,393.0,"A single place to release, deploy and operate your software",
Transloadit,26.0,36.0,The world's most versatile file uploading & encoding service for developers,
Putty,2.0,167.0,A free SSH and Telnet client,"Putty is a material with high plasticity, similar in texture to clay or dough, typically used in domestic construction and repair as a sealant or filler. Although some types of putty (typically those using linseed oil) slowly polymerise and become stiff, many putties can be reworked indefinitely, in contrast to other types of filler which typically set solid relatively rapidly."
OneLogin,6.0,92.0,"On-demand SSO, directory integration, user provisioning and more","OneLogin, Inc. is a cloud-based identity and access management (IAM) provider that develops a unified access management (UAM) platform for enterprise-level businesses and organizations."
Fastly,153.0,1050.0,We're redefining content delivery.,"Fastly is an American cloud computing services provider. It describes its network as an edge cloud platform, which is designed to help developers extend their core cloud infrastructure to the edge of the network, closer to users. The Fastly edge cloud platform includes their content delivery network (CDN), image optimization, video and streaming, cloud security, and load balancing services. Fastly's cloud security services include denial-of-service attack protection, bot mitigation, and a web application firewall. Fastly's web application firewall uses the Open Web Application Security Project ModSecurity Core Rule Set alongside its own ruleset. The company follows up on unsolicited emails with VOIP phone calls spoofing local phone numbers.
The Fastly platform is built on top of Varnish. As of December 2021, Fastly transfers 50–100 Tbps of data."
Convex,0.0,2.0,Fullstack TypeScript Backend with a Realtime Database: a modern Firebase,Convex or convexity may refer to:
Microsoft SQL Server Manage...,0.0,482.0,An integrated environment for managing any SQL infrastructure,
AzureDataStudio,0.0,83.0,A cross-platform database tool for data professionals,
WhatsApp,17.0,396.0,"A freeware, cross-platform messaging and Voice over IP service","WhatsApp (officially WhatsApp Messenger) is a freeware, cross-platform, centralized instant messaging (IM) and voice-over-IP (VoIP) service owned by United States tech conglomerate Meta Platforms. It allows users to send text, voice messages and video messages, make voice and video calls, and share images, documents, user locations, and other content. WhatsApp's client application runs on mobile devices, and can be accessed from computers. The service requires a cellular mobile telephone number to sign up. In January 2018, WhatsApp released a standalone business app called WhatsApp Business which can communicate with the standard WhatsApp client.The service was created by WhatsApp Inc. of Mountain View, California, which was acquired by Facebook in February 2014 for approximately US$19.3 billion. It became the world's most popular messaging application by 2015, and had more than 2 billion users worldwide by February 2020. By 2016, it had become the primary means of Internet communication in regions including Latin America, the Indian subcontinent, and large parts of Europe and Africa."
Azure Notification Hubs,0.0,20.0,Send push notifications to any platform from any back end,
LLM,0.0,12.0,A Rust Crate/CLI for CPU inference of LLMs,"LLM may refer to:

Master of Laws (Latin: Legum Magister), a postgraduate degree
LLM Communications, a defunct lobbying firm
LLM Lettering, a typeface
Large language model, the use of large neural networks for language modeling
Logic learning machine, a machine learning method"
OneSignal,127.0,332.0,A high volume push notification service for websites and mobile applications,
Racket,49.0,77.0,"A general-purpose, multi-paradigm programming language","Racket may refer to:

Racket (crime), a systematised element of organized crime
Protection racket, a scheme whereby a group provides protection to businesses or other groups through violence outside the sanction of the law
Racket (sports equipment), a piece of equipment used to play tennis, badminton, squash, racquetball and other racket sports
Rackets (sport), a particular sports discipline related to squash played indoors in the United Kingdom, Republic of Ireland, United States, and Canada.
Racket (programming language), a general-purpose, multi-paradigm programming language based on the Scheme dialect of Lisp
Racket, West Virginia, an unincorporated community in Gilmer and Ritchie counties
The Racket (1951 film), a black & white film noir starring Robert Mitchum
Racket (film), a 1997 film with Michele Placido, Tanya Roberts and Franco Interlenghi
Racket (album), a 2007 album by Whitehouse
Racket (Minnesota), an alternative news site in Minnesota
The Racket (disambiguation)"
imgix,176.0,213.0,"Optimize, manage, and deliver images and videos for faster pages, better visual quality, and a simpler...",
Apiary,109.0,229.0,"Integrated API documentation, prototyping and testing","An apiary (also known as a bee yard) is a location where beehives of honey bees are kept. Apiaries come in many sizes and can be rural or urban depending on the honey production operation. Furthermore, an apiary may refer to a hobbyist's hives or those used for commercial or educational usage. It can also be a wall-less, roofed structure, similar to a gazebo which houses hives, or an enclosed structure with an opening that directs the flight path of the bees."
Postico,12.0,67.0,A modern PostgreSQL client for OS X,
Authelia,0.0,11.0,The Single Sign-On Multi-Factor portal for web apps,
Postico,12.0,67.0,A modern PostgreSQL client for OS X,
Fastly,153.0,1050.0,We're redefining content delivery.,"Fastly is an American cloud computing services provider. It describes its network as an edge cloud platform, which is designed to help developers extend their core cloud infrastructure to the edge of the network, closer to users. The Fastly edge cloud platform includes their content delivery network (CDN), image optimization, video and streaming, cloud security, and load balancing services. Fastly's cloud security services include denial-of-service attack protection, bot mitigation, and a web application firewall. Fastly's web application firewall uses the Open Web Application Security Project ModSecurity Core Rule Set alongside its own ruleset. The company follows up on unsolicited emails with VOIP phone calls spoofing local phone numbers.
The Fastly platform is built on top of Varnish. As of December 2021, Fastly transfers 50–100 Tbps of data."
Visual Basic,8.0,529.0,"Modern, high-level, multi-paradigm, general-purpose programming language for building apps using Visua...","Visual Basic is a name for a family of programming languages from Microsoft. It may refer to:

Visual Basic, the current version of Visual Basic launched in 2002 which runs on .NET
Visual Basic (classic), the original Visual Basic supported from 1991 to 2008
Embedded Visual Basic, the classic version geared toward embedded applications
Visual Basic for Applications, an implementation of Visual Basic 6 built into programs such as Microsoft Office and used for writing macros
VBScript, an Active Scripting language"
OneSignal,127.0,332.0,A high volume push notification service for websites and mobile applications,
Apiary,109.0,229.0,"Integrated API documentation, prototyping and testing","An apiary (also known as a bee yard) is a location where beehives of honey bees are kept. Apiaries come in many sizes and can be rural or urban depending on the honey production operation. Furthermore, an apiary may refer to a hobbyist's hives or those used for commercial or educational usage. It can also be a wall-less, roofed structure, similar to a gazebo which houses hives, or an enclosed structure with an opening that directs the flight path of the bees."
imgix,176.0,213.0,"Optimize, manage, and deliver images and videos for faster pages, better visual quality, and a simpler...",
Azure Notification Hubs,0.0,20.0,Send push notifications to any platform from any back end,
privateGPT,0.0,9.0,"Interact privately with your documents using the power of GPT, 100% privately, no data leaks",
JSF,4.0,134.0,It is used for building component-based web interfaces,"JSF may refer to:

JavaServer Faces (now Jakarta Faces), a specification for building web application user interfaces
Jabber Software Foundation, now the XMPP Standards Foundation
Joint Strike Fighter program, a military aircraft acquisition program which began in the 1990s
F-35 JSF, alternative name of the resulting Lockheed Martin F-35 Lightning II
United States Joint Strike Force, a faction in the video game Tom Clancy's EndWar
Joint Strike Fighter (video game)
Jatio Sramik Federation, a trade union federation in Bangladesh
Jeux sans frontières, a European-wide television game show
Jonathan Safran Foer (born 1977), American author"
Arduino IDE,1.0,132.0,A cross-platform application integrated development environment,"Arduino () is an Italian open-source hardware and software company, project, and user community that designs and manufactures single-board microcontrollers and microcontroller kits for building digital devices. Its hardware products are licensed under a CC BY-SA license, while the software is licensed under the GNU Lesser General Public License (LGPL) or the GNU General Public License (GPL), permitting the manufacture of Arduino boards and software distribution by anyone. Arduino boards are available commercially from the official website or through authorized distributors.Arduino board designs use a variety of microprocessors and controllers. The boards are equipped with sets of digital and analog input/output (I/O) pins that may be interfaced to various expansion boards ('shields') or breadboards (for prototyping) and other circuits. The boards feature serial communications interfaces, including Universal Serial Bus (USB) on some models, which are also used for loading programs. The microcontrollers can be programmed using the C and C++ programming languages (Embedded C), using a standard API which is also known as the Arduino Programming Language, inspired by the Processing language and used with a modified version of the Processing IDE. In addition to using traditional compiler toolchains, the Arduino project provides an integrated development environment (IDE) and a command line tool developed in Go.
The Arduino project began in 2005 as a tool for students at the Interaction Design Institute Ivrea, Italy, aiming to provide a low-cost and easy way for novices and professionals to create devices that interact with their environment using sensors and actuators. Common examples of such devices intended for beginner hobbyists include simple robots, thermostats, and motion detectors.
The name Arduino comes from a bar in Ivrea, Italy, where some of the project's founders used to meet. The bar was named after Arduin of Ivrea, who was the margrave of the March of Ivrea and King of Italy from 1002 to 1014."
JDK,0.0,4.0,Implementation of the Java Platform,"The Java Development Kit (JDK) is a distribution of Java Technology by Oracle Corporation. It implements the Java Language Specification (JLS) and the Java Virtual Machine Specification (JVMS) and provides the Standard Edition (SE) of the Java Application Programming Interface (API). It is derivative of the community driven OpenJDK which Oracle stewards. It provides software for working with Java applications. Examples of included software are the virtual machine, a compiler, performance monitoring tools, a debugger, and other utilities that Oracle considers useful for a Java programmer.
Oracle have released the current version of the software under the Oracle No-Fee Terms and Conditions (NFTC) license. Oracle release binaries for the x86-64 architecture for Windows, macOS, and Linux based operating systems, and for the aarch64 architecture for macOS and Linux. Previous versions have supported the Oracle Solaris operating system and SPARC architecture.
Oracle's primary implementation of the JVMS is known as the HotSpot (virtual machine)."
F5,0.0,37.0,Secure application delivery,"F5, F.V, F 5, F05 or F-5 may refer to:"
Chaplin,5.0,5.0,HTML5 application architecture using Backbone.js,Chaplin may refer to:
NuGet,0.0,3000.0,The package manager for .NET,"NuGet (pronounced ""New Get"") is a package manager, primarily used for packaging and distributing software written using the .NET framework. The Outercurve Foundation initially created it under the name NuPack. Since its introduction in 2010, NuGet has evolved into a larger ecosystem of tools and services, including a free and open-source client application, hosted package servers, and software deployment tools."
JUnit,0.0,3640.0,A programmer-oriented testing framework for Java,"JUnit is a unit testing framework for the Java programming language. JUnit has been important in the development of test-driven development, and is one of a family of unit testing frameworks which is collectively known as xUnit that originated with SUnit.
JUnit is linked as a JAR at compile-time. The latest version of the framework, JUnit 5, resides under package org.junit.jupiter. Previous versions JUnit 4 and JUnit 3 were under packages org.junit and junit.framework, respectively.
A research survey performed in 2013 across 10,000 Java projects hosted on GitHub found that JUnit (in a tie with slf4j-api) was the most commonly included external library. Each library was used by 30.7% of projects."
FastAPI,34.0,786.0,"A high performance, easy to learn, fast to code, ready for production web framework","FastAPI is a modern web framework for building RESTful APIs in Python. It was first released in 2018 and has since quickly gained popularity among developers due to its ease of use, speed and robustness.
FastAPI is based on Pydantic and uses type hints to validate, serialize and deserialize data. It also automatically generates OpenAPI documentation for APIs built with it.FastAPI fully supports asynchronous programming and can run on Gunicorn and ASGI servers such as Uvicorn and Hypercorn, making it a good choice for production environments. To improve developer-friendliness, editor support was considered since the project's earliest days."
Logback,0.0,1100.0,A logging framework for Java applications,
Mockito,0.0,1540.0,Tasty mocking framework for unit tests in Java,"Mockito is an open source testing framework for Java released under the MIT License. The framework allows the creation of test double objects (mock objects) in automated unit tests for the purpose of test-driven development (TDD) or behavior-driven development (BDD).
The framework's name and logo are a play on mojitos, a type of drink."
PhpSpec,3.0,209.0,A toolset for behavior driven development,
Material-UI,435.0,2009.9999999999998,Material UI is a library of React UI components that implements Google's Material Design.,
Jackson,0.0,188.0,A suite of data-processing tools for Java,Jackson may refer to:
Polly,0.0,53.0,A .NET resilience and transient-fault-handling library,"Polly is a given name, most often feminine, which originated as a variant of Molly (a diminutive of Mary). Polly may also be a short form of names such as Polina, Polona, Pauline, Paula or Paulina."
TestNG,0.0,412.0,A testing framework inspired from JUnit and NUnit,"TestNG is a testing framework for the Java programming language created by Cédric Beust and inspired by JUnit and NUnit. The design goal of TestNG is to cover a wider range of test categories: unit, functional, end-to-end, integration, etc., with more powerful and easy-to-use functionalities."
Spring Data,0.0,543.0,"Provides a consistent approach to data access – relational, non-relational, map-reduce, and beyond","The Spring Framework is an application framework and inversion of control container for the Java platform. The framework's core features can be used by any Java application, but there are extensions for building web applications on top of the Java EE (Enterprise Edition) platform. The framework does not impose any specific programming model.. The framework has become popular in the Java community as an addition to the Enterprise JavaBeans (EJB) model. The Spring Framework is free and open source software.: 121–122"
PyPI,0.0,4630.0,A repository of software for the Python programming language,"The Python Package Index, abbreviated as PyPI () and also known as the Cheese Shop (a reference to the Monty Python's Flying Circus sketch ""Cheese Shop""),: 8 : 742  is the official third-party software repository for Python. It is analogous to the CPAN repository for Perl: 36  and to the CRAN repository for R. PyPI is run by the Python Software Foundation, a charity. Some package managers, including pip, use PyPI as the default source for packages and their dependencies.As of 17 January 2022, more than 350,000 Python packages can be accessed through PyPI.In May 2023, more than 450 000 Python packages are available.
PyPI primarily hosts Python packages in the form of archives called sdists (source distributions) or precompiled ""wheels.""PyPI as an index allows users to search for packages by keywords or by filters against their metadata, such as free software license or compatibility with POSIX. A single entry on PyPI is able to store, aside from just a package and its metadata, previous releases of the package, precompiled wheels (e.g. containing DLLs on Windows), as well as different forms for different operating systems and Python versions."
Prettier,7.0,5240.0,Prettier is an opinionated code formatter.,
Mustache,50.0,1800.0,Logic-less templates,"A moustache (UK: ; American English: mustache, ) is a growth of facial hair grown above the upper lip and under the nose. Moustaches have been worn in various styles throughout history."
RubyGems,0.0,5600.0,"Easily download, install, and use ruby software packages on your system","RubyGems is a package manager for the Ruby programming language that provides a standard format for distributing Ruby programs and libraries (in a self-contained format called a ""gem""), a tool designed to easily manage the installation of gems, and a server for distributing them. It was created by Chad Fowler, Jim Weirich, David Alan Black, Paul Brannan and Richard Kilmer during RubyConf 2004.The interface for RubyGems is a command-line tool called gem which can install and manage libraries (the gems). RubyGems integrates with Ruby run-time loader to help find and load installed gems from standardized library folders. Though it is possible to use a private RubyGems repository, the public repository is most commonly used for gem management.
The public repository helps users find gems, resolve dependencies and install them. RubyGems is bundled with the standard Ruby package as of Ruby 1.9."
axios,0.0,2040.0,Promise based HTTP client for the browser and node.js,"Axios commonly refers to:

Axios (river), a river that runs through Greece and North Macedonia
Axios (website), an American news and information websiteAxios may also refer to:"
Apache Camel,22.0,1150.0,A versatile open source integration framework,"Apache Camel is an open source framework for message-oriented middleware with a rule-based routing and mediation engine that provides a Java object-based implementation of the Enterprise Integration Patterns using an application programming interface (or declarative Java domain-specific language) to configure routing and mediation rules.The domain-specific language means that Apache Camel can support type-safe smart completion of routing rules in an integrated development environment using regular Java code without large amounts of XML configuration files, though XML configuration inside Spring Framework is also supported.
Camel is often used with Apache ServiceMix, Apache ActiveMQ and Apache CXF in service-oriented architecture projects."
Lodash,3.0,6480.0,A JavaScript utility library,Lodash is a JavaScript library which provides utility functions for common programming tasks using the functional programming paradigm.
Groovy,200.0,1930.0,A multi-faceted language for the Java platform,"Groovy (or, less commonly, groovie or groovey) is a slang colloquialism popular during the 1950s, '60s and '70s. It is roughly synonymous with words such as ""excellent"", ""fashionable"", or ""amazing"", depending on context."
Golang,3260.0,21000.0,"An open source programming language that makes it easy to build simple, reliable, and efficient software","Go is a statically typed, compiled high-level programming language designed at Google by Robert Griesemer, Rob Pike, and Ken Thompson. It is syntactically similar to C, but also has memory safety, garbage collection, structural typing, and CSP-style concurrency. It is often referred to as Golang because of its former domain name, golang.org, but its proper name is Go.There are two major implementations:

Google's self-hosting ""gc"" compiler toolchain, targeting multiple operating systems and WebAssembly.
gofrontend, a frontend to other compilers, with the libgo library. With GCC the combination is gccgo; with LLVM the combination is gollvm.A third-party source-to-source compiler, GopherJS, compiles Go to JavaScript for front-end web development."
Font Awesome,21.0,56400.0,The internet's most popular icon toolkit,"Font Awesome is a font and icon toolkit based on CSS and Less. As of 2023, Font Awesome was used by 30% of sites that use third-party font scripts, placing Font Awesome in second place after Google Fonts."
CocoaPods,0.0,1310.0,A dependency manager for Swift and Objective-C Cocoa projects,"CocoaPods is an application level dependency manager for Objective-C, Swift and any other languages that run on the Objective-C runtime, such as RubyMotion, that provides a standard format for managing external libraries. It was developed by Eloy Durán and Fabio Pelosin, who continue to manage the project with the help and contributions of many others. They began development in August 2011 and made the first public release on September 1, 2011. CocoaPods is strongly inspired by a combination of the Ruby projects RubyGems and Bundler.
CocoaPods focuses on source-based distribution of third party code and automatic integration into Xcode projects.
CocoaPods runs from the command line and is also integrated in JetBrains' AppCode integrated development environment. It installs dependencies (e.g. libraries) for an application by specification of dependencies rather than by manually copying source files. Besides installing from many different sources, a “master” spec repository—containing metadata for many open-source libraries—is maintained as a Git repository and hosted on GitHub. CocoaPods dependency resolution system is powered by Molinillo which is also used by other large projects such as Bundler, RubyGems, and Berkshelf."
Next.js,322.0,5290.0,A small framework for server-rendered universal JavaScript apps,"Next.js is an open-source web development framework created by the private company Vercel providing React-based web applications with server-side rendering and static website generation.
React documentation mentions Next.js among ""Recommended Toolchains"" advising it to developers when ""building a server-rendered website with Node.js"". Where traditional React apps can only render their content in the client-side browser, Next.js extends this functionality to include applications rendered on the server-side.
The copyright and trademarks for Next.js are owned by Vercel, which also maintains and leads its open-source development."
Cloud DB for Mysql,0.0,34.0,Easily setup and manage the MySQL database service,
Twilio SendGrid,720.0,10100.0,Email Delivery. Simplified.,"SendGrid (also known as Twilio SendGrid) is a Denver, Colorado-based customer communication platform for transactional and marketing email. The company was founded by Isaac Saldana, Jose Lopez, and Tim Jenkins in 2009, and incubated through the Techstars accelerator program.
As of 2017, SendGrid has raised over $81 million and has offices in Denver, Colorado; Boulder, Colorado; Irvine, California; Redwood City, California; and London.The company went public with a debut in the New York Stock Exchange on November 16, 2017. Twilio acquired SendGrid in February 2019."
Terraform Registry,0.0,1580.0,Describe your complete infrastructure as code and build resources across providers,
CircleCI,968.0,12100.0,"Automate your development process quickly, safely, and at scale","CircleCI is a continuous integration (CI) and continuous delivery (CD) platform that can be used to implement DevOps practices. The company was founded in September 2011 and has raised $315 million in venture capital funding as of 2021, at a valuation of $1.7 billion. CircleCI is one of the world's most popular CI/CD platforms.Facebook, Coinbase, Sony, Kickstarter, GoPro, and Spotify used CircleCI in 2019."
Spring Framework,0.0,1610.0,An application framework and inversion of control container for the Java platform,"The Spring Framework is an application framework and inversion of control container for the Java platform. The framework's core features can be used by any Java application, but there are extensions for building web applications on top of the Java EE (Enterprise Edition) platform. The framework does not impose any specific programming model.. The framework has become popular in the Java community as an addition to the Enterprise JavaBeans (EJB) model. The Spring Framework is free and open source software.: 121–122"
New Relic,1930.0,20500.0,New Relic is the industry’s largest and most comprehensive cloud-based observability platform.,New Relic is a US-based web tracking and analytics company. The company's cloud-based software allows websites and mobile apps to track user interactions and service operators' software and hardware performance.
C++,831.0,15000.0,"Has imperative, object-oriented and generic programming features, while also providing the facilities ...","C++ (, pronounced ""C plus plus"" and sometimes abbreviated as CPP) is a high-level, general-purpose programming language created by Danish computer scientist Bjarne Stroustrup. First released in 1985 as an extension of the C programming language, it has since expanded significantly over time; as of 1997 C++ has object-oriented, generic, and functional features, in addition to facilities for low-level memory manipulation. It is almost always implemented as a compiled language, and many vendors provide C++ compilers, including the Free Software Foundation, LLVM, Microsoft, Intel, Embarcadero, Oracle, and IBM.C++ was designed with systems programming and embedded, resource-constrained software and large systems in mind, with performance, efficiency, and flexibility of use as its design highlights. C++ has also been found useful in many other contexts, with key strengths being software infrastructure and resource-constrained applications, including desktop applications, video games, servers (e.g. e-commerce, web search, or databases), and performance-critical applications (e.g. telephone switches or space probes).C++ is standardized by the International Organization for Standardization (ISO), with the latest standard version ratified and published by ISO in December 2020 as ISO/IEC 14882:2020 (informally known as C++20). The C++ programming language was initially standardized in 1998 as ISO/IEC 14882:1998, which was then amended by the C++03, C++11, C++14, and C++17 standards. The current C++20 standard supersedes these with new features and an enlarged standard library.  Before the initial standardization in 1998, C++ was developed by Stroustrup at Bell Labs since 1979 as an extension of the C language; he wanted an efficient and flexible language similar to C that also provided high-level features for program organization. Since 2012, C++ has been on a three-year release schedule with C++23 as the next planned standard."
PowerShell,0.0,3750.0,A task automation and configuration management framework,"PowerShell is a task automation and configuration management program from Microsoft, consisting of a command-line shell and the associated scripting language. Initially a Windows component only, known as Windows PowerShell, it was made open-source and cross-platform on August 18, 2016, with the introduction of PowerShell Core. The former is built on the .NET Framework, the latter on .NET (previously .NET Core).
Since Windows 10 build 14971, PowerShell replaced Command Prompt and became the default command shell for File Explorer.In PowerShell, administrative tasks are generally performed via cmdlets (pronounced command-lets), which are specialized .NET classes implementing a particular operation. These work by accessing data in different data stores, like the file system or Windows Registry, which are made available to PowerShell via providers. Third-party developers can add cmdlets and providers to PowerShell. Cmdlets may be used by scripts, which may in turn be packaged into modules. Cmdlets work in tandem with the .NET API.
PowerShell's support for .NET Remoting, WS-Management, CIM, and SSH enables administrators to perform administrative tasks on both local and remote Windows systems. PowerShell also provides a hosting API with which the PowerShell runtime can be embedded inside other applications. These applications can then use PowerShell functionality to implement certain operations, including those exposed via the graphical interface. This capability has been used by Microsoft Exchange Server 2007 to expose its management functionality as PowerShell cmdlets and providers and implement the graphical management tools as PowerShell hosts which invoke the necessary cmdlets. Other Microsoft applications including Microsoft SQL Server 2008 also expose their management interface via PowerShell cmdlets.PowerShell includes its own extensive, console-based help (similar to man pages in Unix shells) accessible via the Get-Help cmdlet. Updated local help contents can be retrieved from the Internet via the Update-Help cmdlet. Alternatively, help from the web can be acquired on a case-by-case basis via the -online switch to Get-Help."
Dotenv,0.0,1710.0,Loads environment variables from .env for Nodejs projects,
css-loader,0.0,1430.0,Helps webpack to collect CSS from all the css files,
Smarty,0.0,1010.0,Template engine for PHP,"Smarty may refer to:

Smarty (template engine), web template system
SMARTY, UK virtual mobile phone operator
Smarty (film), a 1934 comedy film, known as Hit Me Again in the UK
Funny Face (musical), a 1927 Broadway musical originally called Smarty"
Karma,181.0,2040.0,Spectacular Test Runner for JavaScript,"Karma (, from Sanskrit: कर्म, IPA: [ˈkɐɾmɐ] ; Pali: kamma) is a concept of action, work, or deed, and its effect or consequences. In Indian religions, the term more specifically refers to a principle of cause and effect, often descriptively called the principle of karma, wherein individual's intent and actions (cause) influence their future (effect): Good intent and good deeds contribute to good karma and happier rebirths, while bad intent and bad deeds contribute to bad karma and bad rebirths. As per some scripture, there is no link of rebirths with karma. Karma is often misunderstood as fate, destiny, or predetermination.The concept of karma is closely associated with the idea of rebirth in many schools of Indian religions (particularly in Hinduism, Buddhism, Jainism, and Sikhism), as well as Taoism. In these schools, karma in the present affects one's future in the current life, as well as the nature and quality of future lives—one's saṃsāra. This concept has also been adopted in Western popular culture, in which the events that happen after a person's actions may be considered natural consequences of those actions."
xUnit,0.0,556.0,"An open source, community-focused unit testing tool","xUnit is the collective name for several unit testing frameworks that derive their structure and functionality from Smalltalk's SUnit. SUnit, designed by Kent Beck in 1998, was written in a highly structured object-oriented style, which lent easily to contemporary languages such as Java and C#. Following its introduction in Smalltalk, the framework was ported to Java by Kent Beck and Erich Gamma and gained wide popularity, eventually gaining ground in the majority of programming languages in current use. The names of many of these frameworks are a variation on ""SUnit,"" usually replacing the ""S"" with the first letter (or letters) in the name of their intended language (""JUnit"" for Java, ""RUnit"" for R, etc.). These frameworks and their common architecture are collectively known as ""xUnit""."
Jupyter,57.0,1560.0,Multi-language interactive computing environments.,"Project Jupyter ( ) is a project to develop open-source software, open standards, and services for interactive computing across multiple programming languages. It was spun off from IPython in 2014 by Fernando Pérez and Brian Granger. Project Jupyter's name is a reference to the three core programming languages supported by Jupyter, which are Julia, Python and R. Its name and logo are an homage to Galileo's discovery of the moons of Jupiter, as documented in notebooks attributed to Galileo. Project Jupyter has developed and supported the interactive computing products Jupyter Notebook, JupyterHub, and JupyterLab. Jupyter is financially sponsored by NumFOCUS."
Cypress,114.0,2130.0,"When testing is easy, developers build better things faster and with confidence.","Cypress is a common name for various coniferous trees or shrubs of northern temperate regions that belong to the family Cupressaceae. The word cypress is derived from Old French cipres, which was imported from Latin cypressus, the latinisation of the Greek κυπάρισσος (kyparissos).
Cypress trees are a large classification of conifers, encompassing the trees and shrubs from the cypress family (Cupressaceae) and many others with the word cypress in their common name. Many cypress trees have needle-like, evergreen foliage and acorn-like seed cones."
Apache HTTP Server,1370.0,63800.0,Open-source HTTP server for modern operating systems including UNIX and Windows,"The Apache HTTP Server ( ə-PATCH-ee) is a free and open-source cross-platform web server software, released under the terms of Apache License 2.0. It is developed and maintained by a community of developers under the auspices of the Apache Software Foundation.
The vast majority of Apache HTTP Server instances run on a Linux distribution, but current versions also run on Microsoft Windows, OpenVMS, and a wide variety of Unix-like systems. Past versions also ran on NetWare, OS/2 and other operating systems, including ports to mainframes.Originally based on the NCSA HTTPd server, development of Apache began in early 1995 after work on the NCSA code stalled. Apache played a key role in the initial growth of the World Wide Web, quickly overtaking NCSA HTTPd as the dominant HTTP server. In 2009, it became the first web server software to serve more than 100 million websites.As of March 2022, Netcraft estimated that Apache served 23.04% of the million busiest websites, while Nginx served 
22.01%; Cloudflare at 19.53% and Microsoft Internet Information Services at 5.78% rounded out the top four. For some of Netcraft's other stats, Nginx is ahead of Apache. According to W3Techs' review of all web sites, in June 2022 Apache was ranked second at 31.4% and Nginx first at 33.6%, with Cloudflare Server third at 21.6%."
Moment.js,0.0,4480.0,"A JavaScript date library for parsing, validating, manipulating, and formatting dates",
gulp,1690.0,13500.0,The streaming build system,"Swallowing, sometimes called deglutition in scientific contexts, is the process in the human or animal body that allows for a substance to pass from the mouth, to the pharynx, and into the esophagus, while shutting the epiglottis. Swallowing is an important part of eating and drinking. If the process fails and the material (such as food, drink, or medicine) goes through the trachea, then choking or pulmonary aspiration can occur. In the human body the automatic temporary closing of the epiglottis is controlled by the swallowing reflex.
The portion of food, drink, or other material that will move through the neck in one swallow is called a bolus.
In colloquial English, the term ""swallowing"" is also used to describe the action of taking in a large mouthful of food without any biting, where the word gulping is more adequate."
Autoprefixer,0.0,1260.0,PostCSS plugin to parse CSS and add vendor prefixes to CSS rules,
Chai,0.0,3310.0,A BDD / TDD assertion library,"Chai most often refers to:

Chai, a word for tea in numerous languages, derived from Chinese chá (茶)
Masala chai, a blend of black tea and herbs and spices, originating in IndiaChai or  CHAI  may also refer to:"
Angular,496.0,1220.0,A platform for building mobile and desktop web applications,Angular may refer to:
C lang,247.0,11600.0,One of the most widely used programming languages of all time,"C (pronounced  – like the letter c) is a general-purpose computer programming language. It was created in the 1970s by Dennis Ritchie, and remains very widely used and influential. By design, C's features cleanly reflect the capabilities of the targeted CPUs. It has found lasting use in operating systems, device drivers, and protocol stacks, but its use in application software has been decreasing. C is commonly used on computer architectures that range from the largest supercomputers to the smallest microcontrollers and embedded systems.
A successor to the programming language B, C was originally developed at Bell Labs by Ritchie between 1972 and 1973 to construct utilities running on Unix. It was applied to re-implementing the kernel of the Unix operating system. During the 1980s, C gradually gained popularity. It has become one of the most widely used programming languages, with C compilers available for practically all modern computer architectures and operating systems. The book The C Programming Language, co-authored by the original language designer, served for many years as the de facto standard for the language. C has been standardized since 1989 by the American National Standards Institute (ANSI) and the International Organization for Standardization (ISO).
C is an imperative procedural language, supporting structured programming, lexical variable scope, and recursion, with a static type system. It was designed to be compiled to provide low-level access to memory and language constructs that map efficiently to machine instructions, all with minimal runtime support. Despite its low-level capabilities, the language was designed to encourage cross-platform programming. A standards-compliant C program written with portability in mind can be compiled for a wide variety of computer platforms and operating systems with few changes to its source code.Since 2000, C has consistently ranked among the top two languages in the TIOBE index, a measure of the popularity of programming languages."
Jasmine,186.0,2160.0,DOM-less simple JavaScript testing framework,"Jasmine (taxonomic name: Jasminum; , YASS-min-əm) is a genus of shrubs and vines in the olive family of Oleaceae.: 193  It contains around 200 species native to tropical and warm temperate regions of Eurasia, Africa, and Oceania.: 194  Jasmines are widely cultivated for the characteristic fragrance of their flowers. Additionally a number of unrelated species of plants or flowers contain the word ""jasmine"" in their common names (see Other plants called ""jasmine"")."
RequireJS,307.0,8540.0,JavaScript file and module loader,
Alpine Linux,37.0,1040.0,"Security-oriented, lightweight Linux distribution based on musl libc and busybox","Alpine Linux is a Linux distribution designed to be small, simple, and secure. It uses musl, BusyBox, and OpenRC instead of the more commonly used glibc, GNU Core Utilities, and systemd.For security, Alpine compiles all user-space binaries as position-independent executables with stack-smashing protection.Because of its small size and rapid startup, it is commonly used in containers providing quick boot-up times, on virtual machines as well as on real hardware in embedded devices, such as routers, servers and NAS."
Moq,0.0,278.0,The most popular and friendly mocking framework for .NET,"MOQ, Moq, Moq., moq, or MoQ may refer to:

Pirsig's metaphysics of quality (MOQ) – a theory of reality
Alfred Moquin-Tandon – a botanist whose author abbreviation is Moq.
Morondava Airport – a Madagascan airport with the IATA code MOQ
Mor language (Papuan) – a human language with the language code moq
Moquegua Region – a region in Peru with ISO 3166 code PE-MOQ"
Protobuf,0.0,2040.0,Google's data interchange format,Protocol Buffers (Protobuf) is a free and open-source cross-platform data format used to serialize structured data. It is useful in developing programs that communicate with each other over a network or for storing data.  The method involves an interface description language that describes the structure of some data and a program that generates source code from that description for generating or parsing a stream of bytes that represents the structured data.
Uvicorn,0.0,65.0,The lightning-fast ASGI server,
Zustand,34.0,94.0,Bear necessities for state management in React,
HubSpot,84.0,10600.0,All the software you need to do inbound marketing.,"HubSpot is an American developer and marketer of software products for inbound marketing, sales, and customer service. HubSpot was founded by Brian Halligan and Dharmesh Shah in 2006.
Its products and services aim to provide tools for customer relationship management, social media marketing, content management, lead generation, web analytics, search engine optimization, live chat, and customer support."
SinonJS,1.0,1850.0,"Standalone test spies, stubs and mocks for JavaScript",
rollup,17.0,1360.0,The next-generation JavaScript module bundler,"A rollup (also ""roll-up"" or ""roll up"") is a process used by investors (commonly private equity firms) where multiple small companies in the same market are acquired and merged.The principal aim of a rollup is to reduce costs through economies of scale. It also has the effect of increasing the  valuation multiples the business can command as it acquires greater scale. Rollups may also have the effect of rationalizing competition in crowded and fragmented markets, where there are often many small participants but room for only a few to succeed.An investor faced with an opportunity to invest in two competing companies may reduce risk by simply investing in both and merging them. Rollups are often part of the shakeout and consolidation process during an economic downturn or as new market sectors begin to mature.The characteristics that can make a rollup particularly attractive come into play especially when there are many small players in a fragmented market or in fields where technology can play a role in revitalizing industries with small margins. The other reason companies do rollups is due to the higher earnings multiple achievable in businesses with large scale, compared to smaller mom and pop operations which remain vulnerable to changing markets and poor access to capital markets.Rollups of complementary or unrelated companies are also done to:

Build a full-capability company, when it would be too costly or time-consuming to develop the missing pieces through internal expansion.
Blending companies have different financial metrics, often to make the combined company attractive for investment, mergers and acquisitions, or an initial public offering."
NumPy,14.0,1960.0,Fundamental package for scientific computing with Python,"NumPy (pronounced  NUM-py) is a library for the Python programming language, adding support for large, multi-dimensional arrays and matrices, along with a large collection of high-level mathematical functions to operate on these arrays. The predecessor of NumPy, Numeric, was originally created by Jim Hugunin with contributions from several other developers. In 2005, Travis Oliphant created NumPy by incorporating features of the competing Numarray into Numeric, with extensive modifications. NumPy is open-source software and has many contributors. NumPy is a NumFOCUS fiscally sponsored project."
RxJS,21.0,1630.0,The Reactive Extensions for JavaScript,
Preact,26.0,348.0,Fast 3kb alternative to React with the same ES6 API,
React Router,14.0,2480.0,A complete routing solution for React.js,
Gherkin,0.0,553.0,A plain-text language with a simple structure,"A pickled cucumber – commonly known as a pickle in the United States and Canada and a gherkin () in Britain, Ireland, South Africa, Australia, and New Zealand – is a usually small or miniature cucumber that has been pickled in a brine, vinegar, or other solution and left to ferment. The fermentation process is executed either by immersing the cucumbers in an acidic solution or through souring by lacto-fermentation. Pickled cucumbers are often part of mixed pickles."
NestJS,325.0,2170.0,A progressive Node.js framework for building efficient and scalable server-side applications by @kammy...,
NestJS,325.0,2170.0,A progressive Node.js framework for building efficient and scalable server-side applications by @kammy...,
SourceTree,727.0,10200.0,A free Git GUI client for Windows and macOS,"Atlassian Corporation () is an Australian software company that develops products for software developers, and project managers among other groups. The company is domiciled in Delaware, with global headquarters in Sydney, Australia, and US headquarters in San Francisco.In the fourth fiscal quarter of 2022, Atlassian reported serving 242,623 customers in over 190 countries, with 10 million monthly active users. As of June 2022, the company had 8,813 employees across 13 countries."
nodemon,2.0,1260.0,A simple monitor script for use during development of a node.js app,
Storybook,0.0,1180.0,Build bulletproof UI components faster,"Storybook most often refers to children's literature.
Storybook may also refer to:"
Tailwind CSS,244.0,2460.0,A utility-first CSS framework for rapid UI development,"Tailwind CSS is an open source CSS framework. The main feature of this library is that, unlike other CSS frameworks like Bootstrap, it does not provide a series of predefined classes for elements such as buttons or tables. Instead, it creates a list of ""utility"" CSS classes that can be used to style each element by mixing and matching.For example, in other traditional systems, there would be a class message-warning that would apply a yellow background color and bold text. To achieve this result in Tailwind, one would have to apply a set of classes created by the library: bg-yellow-300 and font-bold.
As of 30th July 2023, Tailwind CSS has over 70,000 stars on GitHub."
Perl,568.0,3060.0,"Highly capable, feature-rich programming language with over 26 years of development","Perl is a high-level, general-purpose, interpreted, dynamic programming language. Though Perl is not officially an acronym, there are various backronyms in use, including ""Practical Extraction and Reporting Language"".Perl was developed by Larry Wall in 1987 as a general-purpose Unix scripting language to make report processing easier. Since then, it has undergone many changes and revisions. Perl originally was not capitalized and the name was changed to being capitalized by the time Perl 4 was released. The latest release is Perl 5, first released in 1994. From 2000 to October 2019 a sixth version of Perl was in development, before the latter's name was officially changed to Raku. Both languages continue to be developed independently by different development teams and liberally borrow ideas from each other.
Perl borrows features from other programming languages including C, sh, AWK, and sed. It provides text processing facilities without the arbitrary data-length limits of many contemporary Unix command line tools. Perl is a highly expressive programming language: source code for a given algorithm can be short and highly compressible.Perl gained widespread popularity in the mid-1990s as a CGI scripting language, in part due to its powerful regular expression and string parsing abilities. In addition to CGI, Perl 5 is used for system administration, network programming, finance, bioinformatics, and other applications, such as for GUIs. It has been nicknamed ""the Swiss Army chainsaw of scripting languages"" because of its flexibility and power. In 1998, it was also referred to as the ""duct tape that holds the Internet together"", in reference to both its ubiquitous use as a glue language and its perceived inelegance."
TSLint,0.0,1530.0,An extensible linter for the TypeScript language,"JSLint is a static code analysis tool used in software development for checking if JavaScript source code complies with coding rules. It is provided primarily as a browser-based web application accessible through the domain jslint.com, but there are also command-line adaptations. It was created in 2002 by Douglas Crockford."
Jinja,7.0,999.0,Full featured template engine for Python,"Jinja may refer to:

Jinja, Uganda, a city in eastern Uganda close to the source of the Nile River
Jinja District, Uganda, named after the above city
Shinto shrine, also called a ""jinja"", a structure that houses one or more Shinto kami (spirits or phenomena)
Jinja (template engine), for the Python programming language"
Pillow,0.0,136.0,Python Imaging Library,"A pillow is a support of the body at rest for comfort, therapy, or decoration. Pillows are used in different variations by many species, including humans. Some types of pillows include throw pillows, body pillows, decorative pillows, and many more. Pillows that aid sleeping are a form of bedding that supports the head and neck. Other types of pillows are designed to support the body when lying down or sitting. There are also pillows that consider human body shape for increased comfort during sleep. Decorative pillows used on beds, couches or chairs are sometimes referred to as cushions.In contemporary western culture, pillows consist of a plain or patterned fabric envelope (known as a pillowcase) which contains a soft stuffing, typically synthetic and typically standardized in sizes and shape. Pillows have been historically made of a variety of natural materials and many cultures continue to use pillows made from natural materials in the world.
The word pillow comes from Middle English pilwe, from Old English pyle (akin to Old High German pfuliwi) and from Latin pulvinus. The first known use of the word pillow was before the 12th century."
PHPUnit,14.0,1780.0,Testing framework for PHP,PHPUnit is a unit testing framework for the PHP programming language. It is an instance of the xUnit architecture for unit testing frameworks that originated with SUnit and became popular with JUnit. PHPUnit was created by Sebastian Bergmann and its development is hosted on GitHub.
Handlebars.js,309.0,7560.0,Minimal Templating on Steroids,"Mustache is a web template system with implementations available for ActionScript, C++, Clojure, CoffeeScript, ColdFusion, Common Lisp, Crystal, D, Dart, Delphi, Elixir, Erlang, Fantom, Go, Haskell, Io, Java, JavaScript, Julia, Lua, .NET, Objective-C, OCaml, Perl, PHP, Pharo, Python, R, Racket, Raku, Ruby, Rust, Scala, Smalltalk, Swift, Tcl, CFEngine, and XQuery.
Mustache is described as a logic-less system because it lacks any explicit control flow statements, like if and else conditionals or for loops; however, both looping and conditional evaluation can be achieved using section tags processing lists and anonymous functions (lambdas).
It is named ""Mustache"" because of heavy use of braces, { }, that resemble a sideways moustache.
Mustache is used mainly for mobile and web applications."
Octokit,0.0,434.0,GitHub API Client Library for .NET,
Figma,82.0,3740.0,The collaborative interface design tool.,"Figma is a collaborative web application for interface design, with additional offline features enabled by desktop applications for macOS and Windows. The feature set of Figma focuses on user interface and user experience design, with an emphasis on real-time collaboration, utilising a variety of vector graphics editor and prototyping tools. The Figma mobile app for Android and iOS allows viewing and interacting with Figma prototypes in real-time on mobile and tablet devices."
Netlify,205.0,3080.0,"Build, deploy and host your static site or app with a drag and drop interface and automatic delpoys fr...","Netlify is a remote-first cloud computing company that offers a development platform that includes build, deploy, and serverless backend services for web applications and dynamic websites. The platform is built on open web standards, making it possible to integrate build tools, web frameworks, APIs, and various web technologies into a unified developer workflow.The company enables building, deploying, and scaling websites whose source files are stored in the version control system Git and then generated into static web content files served via a content delivery network. The platform also provides services and features of serverless computing and edge computing, offering serverless functions that are version-controlled, built, and deployed alongside frontend code. Netlify Functions are used in building dynamic websites with interactive features. The Netlify platform integrates with the most popular plugins and application programming interfaces (APIs) to unlock new capabilities and use cases for web projects on Netlify."
Codecov,102.0,1880.0,Hosted coverage reports with awesome features to enhance your CI workflow,
Browserify,261.0,1590.0,Browser-side require() the node.js way,Browserify is an open-source JavaScript bundler tool that allows developers to write and use Node.js-style modules that compile for use in the browser.
Modernizr,0.0,27200.0,Respond to your user’s browser features,Modernizr is a JavaScript library that detects the features available in a user's browser. This lets web pages avoid unsupported features by informing the user their browser is not supported or loading a polyfill. Modernizr aims to provide feature detection in a consistent and easy to use manner that discourages the use of failure-prone browser sniffing.
flake8,0.0,347.0,Tool for style guide enforcement,
WooCommerce,11.0,11000.0,The most popular WordPress eCommerce plugin,"WooCommerce is an open-source e-commerce plugin for WordPress. It is designed for small to large-sized online merchants using WordPress. Launched on September 27, 2011, the plugin quickly became popular for its simplicity to install and customize and for the market position of the base product as freeware (even though many of its optional extensions are paid and proprietary)."
ws,0.0,613.0,A Node.js WebSocket library,"WS, Ws, or ws may refer to:"
Red Hat OpenShift,517.0,1500.0,"Red Hat's free Platform as a Service (PaaS) for hosting Java, PHP, Ruby, Python, Node.js, and Perl apps","OpenShift is a family of containerization software products developed by Red Hat. Its flagship product is the OpenShift Container Platform — a hybrid cloud platform as a service built around Linux containers orchestrated and managed by Kubernetes on a foundation of Red Hat Enterprise Linux. The family's other products provide this platform through different environments: OKD serves as the community-driven upstream (akin to the way that Fedora is upstream of Red Hat Enterprise Linux), Several deployment methods are available including self-managed, cloud native under ROSA (Red Hat OpenShift Service on AWS), ARO (Azure Red Hat OpenShift) and RHOIC (Red Hat OpenShift on IBM Cloud) on AWS, Azure, and IBM Cloud respectively, OpenShift Online as software as a service, and OpenShift Dedicated as a managed service.
The OpenShift Console has developer and administrator oriented views. Administrator views allow one to monitor container resources and container health, manage users, work with operators, etc. Developer views are oriented around working with application resources within a namespace. OpenShift also provides a CLI that supports a superset of the actions that the Kubernetes CLI provides."
Log4j,0.0,931.0,A Java-based logging utility,"Apache Log4j is a Java-based logging utility originally written by Ceki Gülcü. It is part of the Apache Logging Services, a project of the Apache Software Foundation.  Log4j is one of several Java logging frameworks.
Gülcü has since created SLF4J, Reload4j, and Logback which are alternatives to Log4j.The Apache Log4j team developed Log4j 2 in response to the problems of Log4j 1.2, 1.3, java.util.logging and Logback, addressing issues which appeared in those frameworks. In addition, Log4j 2 offered a plugin architecture which makes it more extensible than its predecessor.  Log4j 2 is not backwards compatible with 1.x versions, although an ""adapter"" is available. On August 5, 2015, the Apache Logging Services Project Management Committee announced that Log4j 1 had reached end of life and that users of Log4j 1 were advised to upgrade to Apache Log4j 2. On January 12, 2022, a forked and renamed log4j version 1.2 was released by Ceki Gülcü as Reload4j version 1.2.18.0 with the aim of fixing the most urgent issues in log4j 1.2.17 that had accumulated since its release in 2013.On December 9, 2021, a zero-day vulnerability involving arbitrary code execution in Log4j 2 was published by the Alibaba Cloud Security Team and given the descriptor ""Log4Shell"". It has been characterized by Tenable as ""the single biggest, most critical vulnerability of the last decade""."
SonarQube,52.0,1620.0,Continuous Code Quality,"SonarQube (formerly Sonar) is an open-source platform developed by SonarSource for continuous inspection of code quality to perform automatic reviews with static analysis of code to detect bugs and code smells on 29 programming languages. SonarQube offers reports on duplicated code, coding standards, unit tests, code coverage, code complexity, comments, bugs, and security recommendations.SonarQube provides automated analysis and integration with Maven, Ant, Gradle, MSBuild and continuous integration tools."
Azure Pipelines,14.0,1010.0,"Continuously build, test, and deploy to any platform and cloud",
Stylelint,6.0,682.0,"A mighty, modern CSS linter",
SLF4J,0.0,1600.0,Simple logging facade for Java,"Simple Logging Facade for Java (SLF4J) provides a Java logging API by means of a simple facade pattern. The underlying logging backend is determined at runtime by adding the desired binding to the classpath and may be the standard Sun Java logging package java.util.logging, Log4j, Reload4j, Logback or tinylog.The separation of the client API from the logging backend reduces the coupling between an application and any particular logging framework. This can make it easier to integrate with existing or third-party code or to deliver code into other projects that have already made a choice of logging backend.
SLF4J was created by Ceki Gülcü as a more reliable alternative to Jakarta Commons Logging framework. Research in 2013 on 10,000 GitHub projects found that the most popular Java library is SLF4J, along with JUnit, with 30.7% of projects using it. In January 2021, it was ranked as the second most popular project according to mvnrepository."
jsdom,1.0,713.0,"A JavaScript implementation of the WHATWG DOM and HTML standards, for use with node.js",
uWSGI,12.0,234.0,uWSGI application server container,"uWSGI is an open source software application that ""aims at developing a full stack for building hosting services"". It is named after the Web Server Gateway Interface (WSGI), which was the first plugin supported by the project. uWSGI is maintained by Italian based software company unbit.uwsgi (all lowercase) is the native binary protocol that uWSGI uses to communicate with other servers.uWSGI is often used in conjunction with web servers such as Cherokee and Nginx, which offer direct support for uWSGI's native uwsgi protocol, to serve Python web applications such as Django. For example, data may flow like this: HTTP client ↔ Nginx ↔ uWSGI ↔ Python app.A common alternative to uWSGI is Gunicorn."
SQLAlchemy,7.0,759.0,The Python SQL Toolkit and Object Relational Mapper,SQLAlchemy is an open-source SQL toolkit and object-relational mapper (ORM) for the Python programming language released under the MIT License.
HAProxy,559.0,2390.0,"The Reliable, High Performance TCP/HTTP Load Balancer","HAProxy is a free and open source software that provides a high availability load balancer and reverse proxy for TCP and HTTP-based applications that spreads requests across multiple servers. It is written in C and has a reputation for being fast and efficient (in terms of processor and memory usage).HAProxy is used by a number of high-profile websites including GoDaddy, GitHub, Bitbucket, Stack Overflow, Reddit, Slack, Speedtest.net, Tumblr, Twitter and Tuenti and is used in the OpsWorks product from Amazon Web Services."
Minio,42.0,420.0,AWS S3 open source alternative written in Go,"MinIO is a High-Performance Object Storage released under GNU Affero General Public License v3.0. It is API compatible with the Amazon S3 cloud storage service. It is capable of working with unstructured data such as photos, videos, log files, backups, and container images with a maximum supported object size of 50TB."
Dart,452.0,3490.0,"A new web programming language with libraries, a virtual machine, and tools",Dart or DART may refer to:
Grunt,697.0,7770.0,The JavaScript Task Runner,"Grunt, grunts or grunting may refer to:"
PhantomJS,18.0,1050.0,Scriptable Headless WebKit,"PhantomJS is a discontinued headless browser used for automating web page interaction. PhantomJS provides a JavaScript API enabling automated navigation, screenshots, user behavior and assertions making it a common tool used to run browser-based unit tests in a headless system like a continuous integration environment. PhantomJS is based on WebKit making it a similar browsing environment to Safari and Google Chrome (before Chrome's fork of WebKit evolved into Blink). It is open-source software released under the BSD License."
cURL,1.0,258.0,Command Line Tool and Library for Transferring Data With URLs,"curl (pronounced like ""curl"", UK: [kəːl], US: [kɝl]) is a computer software project providing a library (libcurl) and command-line tool (curl) for transferring data using various network protocols.  The name stands for ""Client for URL""."
Airflow,125.0,1610.0,"A platform to programmaticaly author, schedule and monitor data pipelines, by Airbnb","Airflow, or air flow, is the movement of air. The primary cause of airflow is the existence of air. Air behaves in a fluid manner, meaning particles naturally flow from areas of higher pressure to those where the pressure is lower. Atmospheric air pressure is directly related to altitude, temperature, and composition.
In engineering, airflow is a measurement of the amount of air per unit of time that flows through a particular device.
It can be described as a volumetric flow rate (volume of air per unit time) or a mass flow rate (mass of air per unit time). What relates both forms of description is the air density, which is a function of pressure and temperature through the ideal gas law. The flow of air can be induced through mechanical means (such as by operating an electric or manual fan) or can take place passively, as a function of pressure differentials present in the environment."
R Language,409.0,2950.0,A language and environment for statistical computing and graphics,
Notion,98.0,2500.0,"A unified workspace for docs, wikis, and tasks – designed for modern teams",Notion or Notions may refer to:
Azure Storage,51.0,938.0,"Reliable, economical cloud storage for data big and small",
Ionic,1760.0,9170.0,A beautiful front-end framework for developing cross-platform apps with web technologies like Angular ...,Ionic or Ionian may refer to:
Serverless,26.0,1260.0,The most widely-adopted toolkit for building serverless applications,"Serverless computing is a cloud computing execution model in which the cloud provider allocates machine resources on demand, taking care of the servers on behalf of their customers.  ""Serverless"" is a misnomer in the sense that servers are still used by cloud service providers to execute code for developers.  However, developers of serverless applications are not concerned with capacity planning, configuration, management, maintenance, fault tolerance, or scaling of containers, VMs, or physical servers.  Serverless computing does not hold resources in volatile memory; computing is rather done in short bursts with the results persisted to storage. When an app is not in use, there are no computing resources allocated to the app.  Pricing is based on the actual amount of resources consumed by an application. It can be a form of utility computing.
Serverless computing can simplify the process of deploying code into production. Serverless code can be used in conjunction with code deployed in traditional styles, such as microservices or monoliths. Alternatively, applications can be written to be purely serverless and use no provisioned servers at all. This should not be confused with computing or networking models that do not require an actual server to function, such as peer-to-peer (P2P)."
Drupal,348.0,10700.0,"Free, Open, Modular CMS written in PHP","Drupal () is a free and open-source web content management system (CMS) written in PHP and distributed under the GNU General Public License. Drupal provides an open-source back-end framework for at least 14% of the top 10,000 websites worldwide and 1.2% of the top 10 million websites—ranging from personal blogs to corporate, political, and government sites. Systems also use Drupal for knowledge management and for business collaboration.As of March 2022, the Drupal community had more than 1.39 million members, including 124,000 users actively contributing, resulting in more than 50,000 free modules that extend and customize Drupal functionality, over 3,000 free themes that change the look and feel of Drupal, and at least 1,400 free distributions that allow users to quickly and easily set up a complex, use-specific Drupal in fewer steps.The standard release of Drupal, known as Drupal core, contains basic features common to content-management systems. These include user account registration and maintenance, menu management, RSS feeds, taxonomy, page layout customization, and system administration. The Drupal core installation can serve as a simple website, a single- or multi-user blog, an Internet forum, or a community website providing for user-generated content.
Drupal also describes itself as a Web application framework. When compared with notable frameworks, Drupal meets most of the generally accepted feature requirements for such web frameworks.Although Drupal offers a sophisticated API for developers, basic Web-site installation and administration of the framework require no programming skills.Drupal runs on any computing platform that supports both a web server capable of running PHP and a database to store content and configuration."
Coveralls,68.0,1110.0,"Track your project's code coverage over time, changes to files, and badge your GitHub repo","A boilersuit (or boiler suit), also known as coveralls, is a loose fitting garment covering the whole body except for the head, hands and feet."
CMake,1.0,2720.0,An open-source system that manages the build process,"In software development, CMake is cross-platform free and open-source software for build automation, testing, packaging and installation of software by using a compiler-independent method. CMake is not a build system itself; it generates another system's build files. It supports directory hierarchies and applications that depend on multiple libraries. It is used in conjunction with native build environments such as Make, Qt Creator, Ninja, Android Studio, Apple's Xcode, and Microsoft Visual Studio. It has minimal dependencies, requiring only a C++ compiler on its own build system.CMake is distributed as free and open-source software under a permissive BSD-3-Clause license."
CoffeeScript,1030.0,3130.0,A little language that compiles into JavaScript,"CoffeeScript is a programming language that compiles to JavaScript. It adds syntactic sugar inspired by Ruby, Python, and Haskell in an effort to enhance JavaScript's brevity and readability. Specific additional features include list comprehension and destructuring assignment.
CoffeeScript support is included in Ruby on Rails version 3.1 and Play Framework. In 2011, Brendan Eich referenced CoffeeScript as an influence on his thoughts about the future of JavaScript."
Zendesk,351.0,7640.0,The leading cloud-based customer service software solution.,"Zendesk, Inc. is a Danish-American company headquartered in San Francisco, California. It provides software-as-a-service products related to customer support, sales, and other customer communications. The company was founded in Copenhagen, Denmark, in 2007. Zendesk raised about $86 million in venture capital investments before going public in 2014.On November 22, 2022, Zendesk announced that it had been acquired by a group of investors led by Hellman & Friedman and Permira for approximately $10.2 billion."
Hack,29.0,379.0,A programming language for HHVM that interoperates seamlessly with PHP,Hack may refer to:
Prisma,54.0,853.0,Modern Database Access for TypeScript & Node.js,Prisma or PRISMA may refer to:
JSON,9.0,1790.0,A lightweight data-interchange format,"JSON (JavaScript Object Notation, pronounced ; also ) is an open standard file format and data interchange format that uses human-readable text to store and transmit data objects consisting of attribute–value pairs and arrays (or other serializable values). It is a common data format with diverse  uses in electronic data interchange, including that of web applications with servers.
JSON is a language-independent data format. It was derived from JavaScript, but many modern programming languages include code to generate and parse JSON-format data. JSON filenames use the extension .json.
Douglas Crockford originally specified the JSON format in the early 2000s. He and Chip Morningstar sent the first JSON message in April 2001."
Varnish,370.0,12300.0,High-performance HTTP accelerator,"Varnish is a clear transparent hard protective coating or film. It is not to be confused with wood stain. It usually has a yellowish shade due to the manufacturing process and materials used, but it may also be pigmented as desired. It is sold commercially in various shades.
Varnish is primarily used as a wood finish where, stained or not, the distinctive tones and grains in the wood are intended to be visible. Varnish finishes are naturally glossy, but satin/semi-gloss and flat sheens are available."
Serilog,0.0,191.0,A portable and structured logging framework to record diagnostic logs,
Varnish,370.0,12300.0,High-performance HTTP accelerator,"Varnish is a clear transparent hard protective coating or film. It is not to be confused with wood stain. It usually has a yellowish shade due to the manufacturing process and materials used, but it may also be pigmented as desired. It is sold commercially in various shades.
Varnish is primarily used as a wood finish where, stained or not, the distinctive tones and grains in the wood are intended to be visible. Varnish finishes are naturally glossy, but satin/semi-gloss and flat sheens are available."
ScalaTest,0.0,329.0,A testing tool in the Scala ecosystem,
Highcharts,91.0,1240.0,"A charting library written in pure JavaScript, offering an easy way of adding interactive charts to yo...","Highcharts is a software library for charting written in pure JavaScript, first released in 2009. The license is proprietary. It is free for personal/non-commercial uses and paid for commercial applications.
It was created by Highsoft in Vik, Norway and has been regularly featured in the national media, such as Finansavisen and Dagsrevyen."
Streamlit,9.0,167.0,A Python app framework built specifically for Machine Learning and Data Science teams,
Prisma,54.0,853.0,Modern Database Access for TypeScript & Node.js,Prisma or PRISMA may refer to:
ScratchDB,0.0,13.0,Open source Snowflake on ClickHouse,
guava,6.0,1050.0,Google Core Libraries for Java 6+,"Guava () is a common tropical fruit cultivated in many tropical and subtropical regions. The common guava Psidium guajava (lemon guava, apple guava) is a small tree in the myrtle family (Myrtaceae), native to Mexico, Central America, the Caribbean and northern South America. The name guava is also given to some other species in the genus Psidium such as strawberry guava (Psidium cattleyanum) and to the pineapple guava, Feijoa sellowiana. In 2019, 55 million tonnes of guavas were produced worldwide, led by India  with 45% of the total. Botanically, guavas are berries."
Mailgun,654.0,7710.0,The Email Service for Developers.,"Mailgun Technologies Inc is an email delivery service for sending, receiving, and tracking emails. Mailgun Technologies Inc was founded in 2010 by Ev Kontsevoy and Taylor Wakefield. In 2011, Mailgun Technologies, Inc. was selected for Y Combinator’s 2011 class, facilitating the company’s product and growth with early funding from the creators of Yahoo Mail, Gmail, and others.Mailgun Technologies, Inc. was acquired by Rackspace in 2012 and in 2013, Mailgun launched their first email validations product.In 2017, Mailgun Technologies Inc became its own company, leaving Rackspace with $50M in growth capital from Turn/River Capital with participation from Scaleworks and Rackspace. Mailgun was attained by the private equity firm Thoma Bravo in 2019. In December 2019, Mailgun won their European competitor Mailjet. In January 2021, Mailgun became a Pathwire brand alongside Mailjet and their validations services.
The Pathwire family of brands was shortly thereafter owned by the Swedish company Sinch in September of 2021. In 2020, Will Conway, CEO of Mailgun, was one of the two Central Texas finalists for Ernst & Young's yearly Entrepreneur of the Year award.In 2021, Inventiva magazine included Mailgun in their '10 best SMTP start-up companies' list."
date-fns,0.0,322.0,Modern JavaScript date utility library,
Composer,13.0,1030.0,Dependency Manager for PHP,"A composer is a person who writes music. The term is especially used to indicate composers of Western classical music, or those who are composers by occupation. Many composers are, or were, also skilled performers of music."
Segment,275.0,3010.0,"A single hub to collect, translate and send your data with the flip of a switch.",Segment or segmentation may refer to:
styled-components,12.0,1530.0,Visual primitives for the component age. Use the best bits of ES6 and CSS to style your apps without s...,
Apollo,24.0,2310.0,"GraphQL server for Express, Connect, Hapi, Koa and more","Apollo or Apollon is one of the  Olympian deities in classical Greek and Roman religion and Greek and Roman mythology. Apollo has been recognized as a god of archery, music and dance, truth and prophecy, healing and diseases, the Sun and light, poetry, and more. One of the most important and complex of the Greek gods, he is the son of Zeus and Leto, and the twin brother of Artemis, goddess of the hunt. He is considered to be the most beautiful god and is represented as the ideal of the kouros (ephebe, or a beardless, athletic youth). Apollo is known in Greek-influenced Etruscan mythology as Apulu.As the patron deity of Delphi (Apollo Pythios), Apollo is an oracular god—the prophetic deity of the Delphic Oracle and also the deity of ritual purification. His oracles were often consulted for guidance in various matters. He was in general seen as the god who affords help and wards off evil, and is referred to as Alexicacus, the ""averter of evil"".
Medicine and healing are associated with Apollo, whether through the god himself or mediated through his son Asclepius. Apollo delivered people from epidemics, yet he is also a god who could bring ill health and deadly plague with his arrows. The invention of archery itself is credited to Apollo and his sister Artemis. Apollo is usually described as carrying a silver or golden bow and a quiver of silver or golden arrows.
As the god of mousike, Apollo presides over all music, songs, dance and poetry. He is the inventor of string-music and the frequent companion of the Muses, functioning as their chorus leader in celebrations. The lyre is a common attribute of Apollo. Protection of the young is one of the best attested facets of his panhellenic cult persona. As a kourotrophos, Apollo is concerned with the health and education of children, and he presided over their passage into adulthood. Long hair, which was the prerogative of boys, was cut at the coming of age (ephebeia) and dedicated to Apollo. The god himself is depicted with long, uncut hair to symbolise his eternal youth.
Apollo is an important pastoral deity, and was the patron of herdsmen and shepherds. Protection of herds, flocks and crops from diseases, pests and predators were his primary rustic duties. On the other hand, Apollo also encouraged the founding of new towns and the establishment of civil constitutions, is associated with dominion over colonists, and was the giver of laws. His oracles were often consulted before setting laws in a city. Apollo Agyieus was the protector of the streets, public places and home entrances.
In Hellenistic times, especially during the 5th century BCE, as Apollo Helios he became identified among Greeks with Helios, the personification of the Sun. In Latin texts, however, there was no conflation of Apollo with Sol among the classical Latin poets until 1st century CE. Apollo and Helios/Sol remained separate beings in literary and mythological texts until the 5th century CE."
IPython,4.0,334.0,A command shell for interactive computing in multiple programming languages,"IPython (Interactive Python) is a command shell for interactive computing in multiple programming languages, originally developed for the Python programming language, that offers introspection, rich media, shell syntax, tab completion, and history. IPython provides the following features:

Interactive shells (terminal and Qt-based).
A browser-based notebook interface with support for code, text, mathematical expressions, inline plots and other media.
Support for interactive data visualization and use of GUI toolkits.
Flexible, embeddable interpreters to load into one's own projects.
Tools for parallel computing.IPython is a NumFOCUS fiscally sponsored project."
highlight.js,0.0,280.0,Syntax highlighter in JavaScript,
Azure DevOps,248.0,2590.0,"Services for teams to share code, track work, and ship software","Azure DevOps may refer to:

Azure DevOps Server, collaboration software for software development formerly known as Team Foundation Server and Visual Studio Team System
Azure DevOps Services, cloud service for software development formerly known as Visual Studio Team Services, Visual Studio Online and Team Foundation Service Preview"
Less,930.0,2310.0,The dynamic stylesheet language,Less or LESS may refer to:
Chart.js,43.0,1410.0,"Simple, clean and engaging charts for designers and developers","Chart.js is a free, open-source JavaScript library for data visualization, which supports eight chart types: bar, line, area, pie (doughnut), bubble, radar, polar, and scatter. Created by London-based web developer Nick Downie in 2013, now it is maintained by the community and is the second most popular JavaScript charting library on GitHub by the number of stars after D3.js, considered significantly easier to use though less customizable than the latter. Chart.js renders in HTML5 canvas and is widely covered as one of the best data visualization libraries. It is available under the MIT license."
macOS,6.0,872.0,The primary operating system for Apple's Mac family of computers,"macOS (; previously OS X and originally Mac OS X) is an operating system developed and marketed by Apple Inc. since 2001. It is the primary operating system for Apple's Mac computers. Within the market of desktop and laptop computers, it is the second most widely used desktop OS, after Microsoft Windows and ahead of Linux (including ChromeOS).
macOS succeeded the classic Mac OS, a Macintosh operating system from 1984 to 2001. During this time, Apple co-founder Steve Jobs had left Apple and started another company, NeXT, developing the NeXTSTEP platform that would later be acquired by Apple to form the basis of macOS.
The first desktop version, Mac OS X 10.0, was released on March 24, 2001.  Mac OS X 10.5 Leopard, Mac OS X 10.6 Snow Leopard and all releases from OS X 10.8 Mountain Lion to macOS 14 Sonoma are UNIX 03 certified.  The derivatives of macOS are Apple's other operating systems: iOS, iPadOS, watchOS, tvOS, and audioOS.
A prominent part of macOS's original brand identity was the use of Roman numeral X, pronounced ""ten"", as well as code naming each release after species of big cats, or places within California. Apple shortened the name to ""OS X"" in 2011 and then changed it to ""macOS"" in 2016 to align with the branding of Apple's other operating systems, iOS, watchOS, and tvOS.  After sixteen distinct versions of macOS 10, macOS Big Sur was presented as version 11 in 2020, and every subsequent version has also incremented the major version number.
macOS has supported three major processor architectures, beginning with PowerPC-based Macs in 1999. In 2006, Apple transitioned to the Intel architecture with a line of Macs using Intel Core processors. In 2020, Apple began the Apple silicon transition, using self-designed, 64-bit ARM-based Apple M series processors on the latest Macintosh computers. As of 2023, the most recent release of macOS is macOS 14 Sonoma."
Torch,0.0,35.0,An open-source machine learning library and a script language based on the Lua programming language,"A torch is a stick with combustible material at one end which can be used as a light source or to set something on fire. Torches have been used throughout history, and are still used in processions, symbolic and religious events, and in juggling entertainment. In some countries, notably the United Kingdom and Australia, ""torch"" in modern usage is the term for a battery-operated portable light."
Supabase,19.0,262.0,The open source Firebase alternative,
Amazon SQS,171.0,2180.0,Fully managed message queuing service,"Amazon Simple Queue Service (Amazon SQS) is a distributed message queuing service introduced by Amazon.com as a beta in late 2004, and generally available in mid 2006. It supports programmatic sending of messages via web service applications as a way to communicate over the Internet. SQS is intended to provide a highly scalable hosted message queue that resolves issues arising from the common producer–consumer problem or connectivity between producer and consumer.
Amazon SQS can be described as commoditization of the messaging service. Well-known examples of messaging service technologies include IBM WebSphere MQ and Microsoft Message Queuing. Unlike these technologies, users do not need to maintain their own server. Amazon does it for them and sells the SQS service at a per-use rate."
Oracle,113.0,2210.0,"An RDBMS that implements object-oriented features such as user-defined types, inheritance, and polymor...","An oracle is a person or thing considered to provide insight, wise counsel or prophetic predictions, most notably including precognition of the future, inspired by deities. If done through occultic means, it is a form of divination."
Enzyme,0.0,854.0,"JavaScript Testing utilities for React, by Airbnb","Enzymes () are proteins that act as biological catalysts by accelerating chemical reactions. The molecules upon which enzymes may act are called substrates, and the enzyme converts the substrates into different molecules known as products. Almost all metabolic processes in the cell need enzyme catalysis in order to occur at rates fast enough to sustain life.: 8.1  Metabolic pathways depend upon enzymes to catalyze individual steps. The study of enzymes is called enzymology and the field of pseudoenzyme analysis recognizes that during evolution, some enzymes have lost the ability to carry out biological catalysis, which is often reflected in their amino acid sequences and unusual 'pseudocatalytic' properties.Enzymes are known to catalyze more than 5,000 biochemical reaction types. Other biocatalysts are catalytic RNA molecules, called ribozymes. An enzyme's specificity comes from its unique three-dimensional structure.
Like all catalysts, enzymes increase the reaction rate by lowering its activation energy. Some enzymes can make their conversion of substrate to product occur many millions of times faster. An extreme example is orotidine 5'-phosphate decarboxylase, which allows a reaction that would otherwise take millions of years to occur in milliseconds. Chemically, enzymes are like any catalyst and are not consumed in chemical reactions, nor do they alter the equilibrium of a reaction. Enzymes differ from most other catalysts by being much more specific. Enzyme activity can be affected by other molecules: inhibitors are molecules that decrease enzyme activity, and activators are molecules that increase activity. Many therapeutic drugs and poisons are enzyme inhibitors. An enzyme's activity decreases markedly outside its optimal temperature and pH, and many enzymes are (permanently) denatured when exposed to excessive heat, losing their structure and catalytic properties.
Some enzymes are used commercially, for example, in the synthesis of antibiotics. Some household products use enzymes to speed up chemical reactions: enzymes in biological washing powders break down protein, starch or fat stains on clothes, and enzymes in meat tenderizer break down proteins into smaller molecules, making the meat easier to chew."
Oracle,113.0,2210.0,"An RDBMS that implements object-oriented features such as user-defined types, inheritance, and polymor...","An oracle is a person or thing considered to provide insight, wise counsel or prophetic predictions, most notably including precognition of the future, inspired by deities. If done through occultic means, it is a form of divination."
Amazon SQS,171.0,2180.0,Fully managed message queuing service,"Amazon Simple Queue Service (Amazon SQS) is a distributed message queuing service introduced by Amazon.com as a beta in late 2004, and generally available in mid 2006. It supports programmatic sending of messages via web service applications as a way to communicate over the Internet. SQS is intended to provide a highly scalable hosted message queue that resolves issues arising from the common producer–consumer problem or connectivity between producer and consumer.
Amazon SQS can be described as commoditization of the messaging service. Well-known examples of messaging service technologies include IBM WebSphere MQ and Microsoft Message Queuing. Unlike these technologies, users do not need to maintain their own server. Amazon does it for them and sells the SQS service at a per-use rate."
JSHint,0.0,762.0,A Static Code Analysis Tool for JavaScript,"JSHint is a static code analysis tool used in software development for checking if JavaScript source code complies with coding rules. JSHint was created in 2011 by Anton Kovalyov as a fork of the JSLint project (by Douglas Crockford). Anton and others felt JSLint was getting ""too opinionated"", and did not allow enough customization options. The JSHint maintainers publish both an online version, and a command-line version.
The online version is accessible through the official website in which users can paste code to run the application online. The command-line version of JSHint (distributed as a Node.js module), enables automated linting processes by integrating JSHint into a project's development workflow."
Protractor,33.0,818.0,End-to-end test framework for Angular and AngularJS applications,"A goniometer is an instrument that either measures an angle or allows an object to be rotated to a precise angular position. The term goniometry derives from two Greek words, γωνία (gōnía) 'angle' and μέτρον (métron) 'measure'. The protractor is a commonly used type in the fields of mechanics, engineering, and geometry.
The first known description of a goniometer, based on the astrolabe, was by Gemma Frisius in 1538."
MSSQL,2.0,549.0,It is an enterprise-level database system that is very popular for Windows web servers,"Microsoft SQL Server is a proprietary relational database management system developed by Microsoft. As a database server, it is a software product with the primary function of storing and retrieving data as requested by other software applications—which may run either on the same computer or on another computer across a network (including the Internet). Microsoft markets at least a dozen different editions of Microsoft SQL Server, aimed at different audiences and for workloads ranging from small single-machine applications to large Internet-facing applications with many concurrent users."
RuboCop,41.0,957.0,"A Ruby static code analyzer, based on the community Ruby style guide",
Gatsby,121.0,3060.0,"Free, open source framework for building blazing fast websites and apps with React","Gatsby may refer to:

The Great Gatsby, a 1925 novel by F. Scott Fitzgerald
The Great Gatsby (disambiguation), an index of film adaptations of the novel
Jay Gatsby, the novel's central character"
hub,1.0,357.0,Wraps Git with extra features that make working with GitHub easier (by GitHub),"A hub is the central part of a wheel that connects the axle to the wheel itself.
Hub, HUB, The Hub, or hubs may refer to:"
Microsoft Teams,138.0,2240.0,Chat-based workspace in Office 365,"Microsoft Teams is a proprietary business communication platform developed by Microsoft, as part of the Microsoft 365 family of products.
Teams primarily competes with the similar service Slack, offering workspace chat and videoconferencing, file storage and application integration. Teams replaced other Microsoft-operated business messaging and collaboration platforms, including Skype for Business and Microsoft Classroom. It's a one-stop solution for companies looking to minimize operational costs. Throughout the COVID-19 pandemic, Teams, and other software such as Zoom and Google Meet, gained much interest as many meetings moved to a virtual environment.As of January 2023, it had about 280 million monthly users."
pnpm,11.0,175.0,"Fast, disk space efficient package manager",
Cassandra,505.0,3490.0,A partitioned row store. Rows are organized into tables with a required primary key.,"Cassandra or Kassandra (; Ancient Greek: Κασσάνδρα, pronounced [kas:ándra], also Κασάνδρα, and sometimes referred to as Alexandra) in Greek mythology was a Trojan priestess dedicated to the god Apollo and fated by him to utter true prophecies but never to be believed. In modern usage her name is employed as a rhetorical device to indicate a person whose accurate prophecies, generally of impending disaster, are not believed.
Cassandra was a daughter of King Priam and Queen Hecuba of Troy. Her elder brother was Hector, the hero of the Greek-Trojan war. The older and most common versions of the myth state that she was admired by the god Apollo, who sought to win her love by means of the gift of seeing the future. According to Aeschylus, she promised him her favours, but after receiving the gift, she went back on her word. As the enraged Apollo could not revoke a divine power, he added to it the curse that nobody would believe her prophecies. In other sources, such as Hyginus and Pseudo-Apollodorus, Cassandra broke no promise to Apollo but rather the power of foresight was given to her as an enticement to enter into a romantic engagement, the curse being added only when it failed to produce the result desired by the god.
Later versions on the contrary describe her falling asleep in a temple, where snakes licked (or whispered into) her ears which enabled her to hear the future."
Ant Design,221.0,1000.0,A set of high-quality React components,
Jekyll,230.0,1790.0,"Blog-aware, static site generator in Ruby",Jekyll may refer to:
redux-thunk,6.0,560.0,Thunk middleware for Redux,
Mongoose,56.0,1780.0,MongoDB object modeling designed to work in an asynchronous environment,"A mongoose is a small terrestrial carnivorous mammal belonging to the family Herpestidae. This family is currently split into two subfamilies, the Herpestinae and the Mungotinae. The Herpestinae comprises 23 living species that are native to southern Europe, Africa and Asia, whereas the Mungotinae comprises 11 species native to Africa.
The Herpestidae originated about 21.8 ± 3.6 million years ago in the Early Miocene and genetically diverged into two main genetic lineages between 19.1 and 18.5 ± 3.5 million years ago."
React Hot Loader,0.0,300.0,Tweak React components in real time,
Here Maps,0.0,51.0,"An app that makes city navigation effortless whether you need a taxi, public transportation or drive o...","Here WeGo is a web mapping and satellite navigation software, operated by HERE Technologies and available on the Web and mobile platforms. It is based on HERE's location data platform, providing its in-house data, which includes satellite views, traffic data, and other location services. Maps are updated every two or three months.Originally developed by Nokia as Nokia Maps, it was revamped in 2013 and released as  HERE Maps for Windows Phone and the World Wide Web. After Nokia sold it, the HERE Maps application was released to the Android platform on December 10, 2014, and iOS the next year. It was rebranded to HERE WeGo in July 2016."
Argo,6.0,561.0,Container-native workflows for Kubernetes,"In Greek mythology the Argo (; in Greek: Ἀργώ) was a ship built with the help of the gods that Jason and the Argonauts sailed from Iolcos to Colchis to retrieve the Golden Fleece. The ship has gone on to be used as a motif in a variety of sources beyond the original legend from books, films and more."
H2 Database,0.0,435.0,A relational database management system written in Java,
RSpec,0.0,2430.0,Behaviour Driven Development for Ruby,"RSpec is a computer domain-specific language (DSL) (particular application domain) testing tool written in the programming language Ruby to test Ruby code. It is a behavior-driven development (BDD) framework which is extensively used in production applications. The basic idea behind this concept is that of test-driven development (TDD) where the tests are written first and the development is based on writing just enough code that will fulfill those tests followed by refactoring. It contains its own mocking framework that is fully integrated into the framework based upon JMock. The simplicity in the RSpec syntax makes it one of the popular testing tools for Ruby applications. The RSpec tool can be used by installing the rspec gem which consists of three other gems, namely rspec-core, rspec-expectation and rspec-mock."
Testify,0.0,1730.0,A toolkit with common assertions and mocks that plays nicely with the standard library,Testimony is a solemn attestation as to the truth of a matter.
iOS,4.0,1800.0,A mobile operating system by Apple,"iOS (formerly iPhone OS) is a mobile operating system developed by Apple Inc. exclusively for its hardware. It is the operating system that powers many of the company's mobile devices, including the iPhone; the term also includes the system software for iPads (predating iPadOS, which was introduced in 2019) as well as on the iPod Touch devices (which were discontinued in mid-2022). It is the world's second-most widely installed mobile operating system, after Android. It is the basis for three other operating systems made by Apple: iPadOS, tvOS, and watchOS. It is proprietary software, although some parts of it are open source under the Apple Public Source License and other licenses.Unveiled in 2007 for the first-generation iPhone, iOS has since been extended to support other Apple devices such as the iPod Touch (September 2007) and the iPad (introduced: January 2010; availability: April 2010). As of March 2018, Apple's App Store contains more than 2.1 million iOS applications, 1 million of which are native for iPads. These mobile apps have collectively been downloaded more than 130 billion times.
Major versions of iOS are released annually. The current stable version, iOS 17, was released to the public on September 18, 2023."
React Navigation,1.0,859.0,"Flexible navigation library for React Native and web. Learn once, navigate anywhere.",
Lerna,0.0,751.0,A tool for managing JavaScript projects,"In classical Greece, Lerna (Greek: Λέρνα or Λέρνη) was a region of springs and a former lake near the east coast of the Peloponnesus, south of Argos. Even though much of the area is marshy, Lerna is located on a geographically narrow point between mountains and the sea, along an ancient route from the Argolid to the southern Peloponnese; this location may have resulted in the importance of the settlement.Its site near the village Mili at the Argolic Gulf is most famous as the lair of the Lernaean Hydra, the chthonic many-headed water snake, a creature of great antiquity when Heracles killed it, as the second of his labors. The strong Karstic springs remained; the lake, diminished to a silt lagoon by the 19th century, has vanished.
Lerna is notable for several archaeological sites, including an Early Bronze Age structure known as House of the Tiles, dating to the Early Helladic period II (2500–2300 BC)."
Gunicorn,78.0,1050.0,A Python WSGI HTTP Server for UNIX,"The Gunicorn ""Green Unicorn"" (pronounced jee-unicorn or gun-i-corn) is a Python Web Server Gateway Interface (WSGI) HTTP server. It is a pre-fork worker model, ported from Ruby's Unicorn project. The Gunicorn server is broadly compatible with a number of web frameworks, simply implemented, light on server resources and fairly fast. It is often paired with NGINX, as the two have complementary features."
FreeAgent,0.0,8.0,"Award-winning cloud accounting designed to meet the needs of small businesses, freelancers and their a...","FreeAgent is cloud-based accounting software company based in Edinburgh, Scotland."
Entity Framework,18.0,479.0,An object-relational mapper that enables .NET developers to work with relational data,"Entity Framework (EF) is an open source object–relational mapping (ORM) framework for ADO.NET. It was originally shipped as an integral part of .NET Framework, however starting with Entity Framework version 6.0 it has been delivered separately from the .NET Framework.
Entity Framework 6.4 was the latest release of the classic framework. Although Entity Framework 6 is still supported, it is no longer being developed and will only receive fixes for security issues.A new framework known as Entity Framework Core (EF Core) was introduced in 2016 with similar but not complete feature parity. Version numbering of this framework restarted from 1.0 and the latest version of EF Core is 8.0."
H2 Database,0.0,435.0,A relational database management system written in Java,
Google Cloud Storage,74.0,1550.0,Durable and highly available object storage service,"Google Cloud Storage is a RESTful online file storage web service for storing and accessing data on Google Cloud Platform infrastructure. The service combines the performance and scalability of Google's cloud with advanced security and sharing capabilities. It is an Infrastructure as a Service (IaaS), comparable to Amazon S3. Contrary to Google Drive and according to different service specifications, Google Cloud Storage appears to be more suitable for enterprises."
ChatGPT,0.0,193.0,Optimizing Language Models for Dialogue,"ChatGPT, which stands for Chat Generative Pre-trained Transformer, is a large language model-based chatbot developed by OpenAI and launched on November 30, 2022, that enables users to refine and steer a conversation towards a desired length, format, style, level of detail, and language. Successive prompts and replies, known as prompt engineering, are considered at each conversation stage as a context.ChatGPT is built upon either GPT-3.5 or GPT-4—members of OpenAI's proprietary series of generative pre-trained transformer (GPT) models, based on the transformer architecture developed by Google—and is fine-tuned for conversational applications using a combination of supervised and reinforcement learning techniques. ChatGPT was released as a freely available research preview, but due to its popularity, OpenAI now operates the service on a freemium model. It allows users on its free tier to access the GPT-3.5-based version. In contrast, the more advanced GPT-4-based version and priority access to newer features are provided to paid subscribers under the commercial name ""ChatGPT Plus"".
By January 2023, it had become what was then the fastest-growing consumer software application in history, gaining over 100 million users and contributing to OpenAI's valuation growing to $29 billion. ChatGPT's release spurred the development of competing products, including Bard, Ernie Bot, LLaMA, Claude, and Grok. Microsoft launched its Bing Chat based on OpenAI's GPT-4. It raised concern among some observers over the potential of ChatGPT and similar programs to displace or atrophy human intelligence, enable plagiarism, or fuel misinformation."
Clickhouse,76.0,371.0,A column-oriented database management system,
Codeception,4.0,135.0,Elegant and Efficient Testing for PHP,
Entity Framework Core,16.0,345.0,Lightweight and cross-platform version of the popular Entity Framework,"Entity Framework (EF) is an open source object–relational mapping (ORM) framework for ADO.NET. It was originally shipped as an integral part of .NET Framework, however starting with Entity Framework version 6.0 it has been delivered separately from the .NET Framework.
Entity Framework 6.4 was the latest release of the classic framework. Although Entity Framework 6 is still supported, it is no longer being developed and will only receive fixes for security issues.A new framework known as Entity Framework Core (EF Core) was introduced in 2016 with similar but not complete feature parity. Version numbering of this framework restarted from 1.0 and the latest version of EF Core is 8.0."
GitLab CI,75.0,2230.0,"GitLab integrated CI to test, build and deploy your code",
OpenLayers,56.0,468.0,"A high-performance, feature-packed library for all your mapping needs",OpenLayers is an open-source (provided under the 2-clause BSD License) JavaScript library for displaying map data in web browsers as slippy maps. It provides an API for building rich web-based geographic applications similar to Google Maps and Bing Maps.
Vercel,83.0,1050.0,It makes serverless application deployment easy,"Vercel Inc., formerly ZEIT, is an American cloud platform as a service company. The company maintains the Next.js web development framework.Vercel's architecture is built around composable architecture, and deployments are handled through Git repositories. Vercel is a member of the MACH Alliance."
Guzzle,0.0,331.0,PHP HTTP client that makes it easy to send HTTP requests and trivial to integrate with web services,"Guzzle may refer to:

Guzzle (PHP library), a HTTP client library
Guzzle (Transformers), a Transformers character
Guzzle, a 1990 album by Hoss"
Swagger UI,207.0,1900.0,"A Collection of HTML, Javascript, and CSS assets that dynamically generate beautiful documentation",
OpenCensus,0.0,405.0,A single distribution of libraries that automatically collect traces and send them to any backend,
Metabase,268.0,850.0,An open-source business intelligence tool,
TensorFlow,106.0,3440.0,Open Source Software Library for Machine Intelligence,"TensorFlow is a free and open-source software library for machine learning and artificial intelligence. It can be used across a range of tasks but has a particular focus on training and inference of deep neural networks.TensorFlow was developed by the Google Brain team for internal Google use in research and production. The initial version was released under the Apache License 2.0 in 2015. Google released the updated version of TensorFlow, named TensorFlow 2.0, in September 2019.TensorFlow can be used in a wide variety of programming languages, including Python, JavaScript, C++, and Java. This flexibility lends itself to a range of applications in many different sectors."
Pascal,0.0,32.0,An imperative and procedural programming language,"Pascal, Pascal's or PASCAL may refer to:"
Snowflake,27.0,1030.0,The data warehouse built for the cloud,"A snowflake is a single ice crystal that has achieved a sufficient size, and may have amalgamated with others, which falls through the Earth's atmosphere as snow. Each flake nucleates around a tiny particle in supersaturated air masses by attracting supercooled cloud water droplets, which freeze and accrete in crystal form. Complex shapes emerge as the flake moves through differing temperature and humidity zones in the atmosphere, such that individual snowflakes differ in detail from one another, but may be categorized in eight broad classifications and at least 80 individual variants. The main constituent shapes for ice crystals, from which combinations may occur, are needle, column, plate, and rime. Snow appears white in color despite being made of clear ice. This is due to diffuse reflection of the whole spectrum of light by the small crystal facets of the snowflakes."
CodeMirror,15.0,487.0,A versatile text editor implemented in JavaScript for the browser,CodeMirror is a JavaScript component that provides a code editor in the browser. It has a rich programming API and a focus on extensibility.
QUnit,17.0,468.0,A JavaScript Unit Testing framework,"QUnit is a JavaScript unit testing framework. Originally developed for testing jQuery, jQuery UI and jQuery Mobile, it is a generic framework for testing any JavaScript code. It supports client-side environments in web browsers, and server-side (e.g. Node.js).
QUnit's assertion methods follow the CommonJS unit testing specification, which itself was influenced to some degree by QUnit."
SciPy,0.0,691.0,Scientific Computing Tools for Python,"SciPy (pronounced  ""sigh pie"") is a free and open-source Python library used for scientific computing and technical computing.SciPy contains modules for optimization, linear algebra, integration, interpolation, special functions, FFT, signal and image processing, ODE solvers and other tasks common in science and engineering.
SciPy is also a family of conferences for users and developers of these tools: SciPy (in the United States), EuroSciPy (in Europe) and SciPy.in (in India). Enthought originated the SciPy conference in the United States and continues to sponsor many of the international conferences as well as host the SciPy website.
The SciPy library is currently distributed under the BSD license, and its development is sponsored and supported by an open community of developers. It is also supported by NumFOCUS, a community foundation for supporting reproducible and accessible science."
RestSharp,0.0,74.0,Simple REST and HTTP API Client for .NET,
Assembly Language,0.0,1020.0,A low-level programming language,"In computer programming,  assembly language (alternatively assembler language or symbolic machine code), often referred to simply as assembly and commonly abbreviated as ASM or asm, is any low-level programming language with a very strong correspondence between the instructions in the language and the architecture's machine code instructions. Assembly language usually has one statement per machine instruction (1:1), but  constants, comments, assembler directives, symbolic labels of, e.g., memory locations, registers, and macros are generally also supported.
The first assembly code in which a language is used to represent machine code instructions is found in Kathleen and Andrew Donald Booth's 1947 work, Coding for A.R.C.. Assembly code is converted into executable machine code by a utility program referred to as an assembler. The term ""assembler"" is generally attributed to Wilkes, Wheeler and Gill in their 1951 book The Preparation of Programs for an Electronic Digital Computer, who, however, used the term to mean ""a program that assembles another program consisting of several sections into a single program"". The conversion process is referred to as assembly, as in assembling the source code. The computational step when an assembler is processing a program is called assembly time.
Because assembly depends on the machine code instructions, each assembly language is specific to a particular computer architecture.Sometimes there is more than one assembler for the same architecture, and sometimes an assembler is specific to an operating system or to particular operating systems. Most assembly languages do not provide specific syntax for operating system calls, and most assembly languages can be used universally with any operating system, as the language provides access to all the real capabilities of the processor, upon which all system call mechanisms ultimately rest. In contrast to assembly languages, most high-level programming languages are generally portable across multiple architectures but require interpreting or compiling, much more complicated tasks than assembling.
In the first decades of computing, it was commonplace for both systems programming and application programming to take place entirely in assembly language.  While still irreplaceable for some purposes, the majority of programming is now conducted in higher-level interpreted and compiled languages.  In ""No Silver Bullet"", Fred Brooks summarised the effects of the switch away from assembly language programming: ""Surely the most powerful stroke for software productivity, reliability, and simplicity has been the progressive use of high-level languages for programming. Most observers credit that development with at least a factor of five in productivity, and with concomitant gains in reliability, simplicity, and comprehensibility.""Today, it is typical to use small amounts of assembly language code within larger systems implemented in a higher-level language, for performance reasons or to interact directly with hardware in ways unsupported by the higher-level language.  For instance, just under 2% of version 4.9 of the Linux kernel source code is written in assembly; more than 97% is written in C."
Loki,17.0,340.0,"Like Prometheus, but for logs (by the makers of Grafana)","Loki is a god in Norse mythology. Loki is  the son of Fárbauti (a jötunn) and Laufey (mentioned as a goddess), and the brother of Helblindi and Býleistr. Loki is married to Sigyn and they have two sons, Narfi or Nari and Váli. By the jötunn Angrboða, Loki is the father of Hel, the wolf Fenrir, and the world serpent Jörmungandr. In the form of a mare, Loki was impregnated by the stallion Svaðilfari and gave birth to the eight-legged horse Sleipnir.
Loki's relation with the gods varies by source; he sometimes assists the gods and sometimes behaves maliciously towards them. Loki is a shape shifter and in separate incidents appears in the form of a salmon, a mare, a fly, and possibly an elderly woman named Þökk (Old Norse 'thanks'). Loki's positive relations with the gods end with his role in engineering the death of the god Baldr, and eventually, Odin's specially engendered son Váli binds Loki with the entrails of one of his sons; in the Prose Edda, this son, Nari or Narfi, is killed by another son of Loki who is also called Váli. In both the Prose Edda and the Poetic Edda, the goddess Skaði is responsible for placing a serpent above him while he is bound. The serpent drips venom from above him that Sigyn collects into a bowl; however, she must empty the bowl when it is full, and the venom that drips in the meantime causes Loki to writhe in pain, thereby causing earthquakes. With the onset of Ragnarök, Loki is foretold to slip free from his bonds and to fight against the gods among the forces of the jötnar, at which time he will encounter the god Heimdallr, and the two will slay each other.
Loki is referred to in the Poetic Edda, compiled in the 13th century from earlier traditional sources; the Prose Edda and Heimskringla, written in the 13th century by Snorri Sturluson; the Norwegian Rune Poems, in the poetry of skalds, and in Scandinavian folklore. Loki may be depicted on the Snaptun Stone, the Kirkby Stephen Stone, and the Gosforth Cross. Scholars have debated Loki's origins and role in Norse mythology, which some have described as that of a trickster god. Loki has been depicted in or referenced in a variety of media in modern popular culture."
dbt,15.0,433.0,"dbt helps data teams work like software engineers—to ship trusted data, faster.","DBT may refer to:

Danish Board of Technology, a technology assessment institution in Denmark
data build tool (dbt), a data analytics tool
DBT (gene)
DBT Online Inc. a US data mining company
Department for Business and Trade, United Kingdom
Department of Biotechnology, India
.dbt, the extension of a DBase file format
Design-basis tornado within a Design basis accident of a nuclear facility
Deutscher Bundestag, the lower house of the bicameral parliament of Germany
Dialectical behavior therapy, a psychotherapy for psychiatric illnesses such as borderline personality disorder
Dibenzothiophene, a chemical compound
Dibutyltryptamine, a psychedelic drug
Digital breast tomosynthesis, a breast X-ray technique
Direct Benefit Transfer, an anti-poverty program launched by Government of India
Disney Branded Television
Double-blind trial, a methodology for scientific experiments
Drive-By Truckers, an alt-country/rock band
Dynamic Binary Translation, a technique often used by emulator software"
Zeplin,22.0,1010.0,Collaboration app for UI designers and frontend developers,"A Zeppelin is a type of rigid airship named after the German inventor Ferdinand von Zeppelin (German pronunciation: [ˈt͡sɛpəliːn] ) who pioneered rigid airship development at the beginning of the 20th century. Zeppelin's notions were first formulated in 1874 and developed in detail in 1893. They were patented in Germany in 1895 and in the United States in 1899. After the outstanding success of the Zeppelin design, the word zeppelin came to be commonly used to refer to all rigid airships. Zeppelins were first flown commercially in 1910 by Deutsche Luftschiffahrts-AG (DELAG), the world's first airline in revenue service. By mid-1914, DELAG had carried over 10,000 fare-paying passengers on over 1,500 flights. During World War I, the German military made extensive use of Zeppelins as bombers and as scouts, resulting in over 500 deaths in bombing raids in Britain.The defeat of Germany in 1918 temporarily slowed the airship business. Although DELAG established a scheduled daily service between Berlin, Munich, and Friedrichshafen in 1919, the airships built for this service eventually had to be surrendered under the terms of the Treaty of Versailles, which also prohibited Germany from building large airships. An exception was made allowing the construction of one airship for the United States Navy, which saved the company from extinction. In 1926, the restrictions on airship construction were lifted, and with the aid of donations from the public, work began on the construction of LZ 127 Graf Zeppelin. This revived the company's fortunes, and during the 1930s, the airships Graf Zeppelin, and the larger LZ 129 Hindenburg operated regular transatlantic flights from Germany to North America and Brazil. The Art Deco spire of the Empire State Building was originally designed to serve as a mooring mast for Zeppelins and other airships, although it was found that high winds made this impossible and the plan was abandoned. The Hindenburg disaster in 1937, along with political and economic issues, hastened the demise of Zeppelins."
Assembly Language,0.0,1020.0,A low-level programming language,"In computer programming,  assembly language (alternatively assembler language or symbolic machine code), often referred to simply as assembly and commonly abbreviated as ASM or asm, is any low-level programming language with a very strong correspondence between the instructions in the language and the architecture's machine code instructions. Assembly language usually has one statement per machine instruction (1:1), but  constants, comments, assembler directives, symbolic labels of, e.g., memory locations, registers, and macros are generally also supported.
The first assembly code in which a language is used to represent machine code instructions is found in Kathleen and Andrew Donald Booth's 1947 work, Coding for A.R.C.. Assembly code is converted into executable machine code by a utility program referred to as an assembler. The term ""assembler"" is generally attributed to Wilkes, Wheeler and Gill in their 1951 book The Preparation of Programs for an Electronic Digital Computer, who, however, used the term to mean ""a program that assembles another program consisting of several sections into a single program"". The conversion process is referred to as assembly, as in assembling the source code. The computational step when an assembler is processing a program is called assembly time.
Because assembly depends on the machine code instructions, each assembly language is specific to a particular computer architecture.Sometimes there is more than one assembler for the same architecture, and sometimes an assembler is specific to an operating system or to particular operating systems. Most assembly languages do not provide specific syntax for operating system calls, and most assembly languages can be used universally with any operating system, as the language provides access to all the real capabilities of the processor, upon which all system call mechanisms ultimately rest. In contrast to assembly languages, most high-level programming languages are generally portable across multiple architectures but require interpreting or compiling, much more complicated tasks than assembling.
In the first decades of computing, it was commonplace for both systems programming and application programming to take place entirely in assembly language.  While still irreplaceable for some purposes, the majority of programming is now conducted in higher-level interpreted and compiled languages.  In ""No Silver Bullet"", Fred Brooks summarised the effects of the switch away from assembly language programming: ""Surely the most powerful stroke for software productivity, reliability, and simplicity has been the progressive use of high-level languages for programming. Most observers credit that development with at least a factor of five in productivity, and with concomitant gains in reliability, simplicity, and comprehensibility.""Today, it is typical to use small amounts of assembly language code within larger systems implemented in a higher-level language, for performance reasons or to interact directly with hardware in ways unsupported by the higher-level language.  For instance, just under 2% of version 4.9 of the Linux kernel source code is written in assembly; more than 97% is written in C."
Loki,17.0,340.0,"Like Prometheus, but for logs (by the makers of Grafana)","Loki is a god in Norse mythology. Loki is  the son of Fárbauti (a jötunn) and Laufey (mentioned as a goddess), and the brother of Helblindi and Býleistr. Loki is married to Sigyn and they have two sons, Narfi or Nari and Váli. By the jötunn Angrboða, Loki is the father of Hel, the wolf Fenrir, and the world serpent Jörmungandr. In the form of a mare, Loki was impregnated by the stallion Svaðilfari and gave birth to the eight-legged horse Sleipnir.
Loki's relation with the gods varies by source; he sometimes assists the gods and sometimes behaves maliciously towards them. Loki is a shape shifter and in separate incidents appears in the form of a salmon, a mare, a fly, and possibly an elderly woman named Þökk (Old Norse 'thanks'). Loki's positive relations with the gods end with his role in engineering the death of the god Baldr, and eventually, Odin's specially engendered son Váli binds Loki with the entrails of one of his sons; in the Prose Edda, this son, Nari or Narfi, is killed by another son of Loki who is also called Váli. In both the Prose Edda and the Poetic Edda, the goddess Skaði is responsible for placing a serpent above him while he is bound. The serpent drips venom from above him that Sigyn collects into a bowl; however, she must empty the bowl when it is full, and the venom that drips in the meantime causes Loki to writhe in pain, thereby causing earthquakes. With the onset of Ragnarök, Loki is foretold to slip free from his bonds and to fight against the gods among the forces of the jötnar, at which time he will encounter the god Heimdallr, and the two will slay each other.
Loki is referred to in the Poetic Edda, compiled in the 13th century from earlier traditional sources; the Prose Edda and Heimskringla, written in the 13th century by Snorri Sturluson; the Norwegian Rune Poems, in the poetry of skalds, and in Scandinavian folklore. Loki may be depicted on the Snaptun Stone, the Kirkby Stephen Stone, and the Gosforth Cross. Scholars have debated Loki's origins and role in Norse mythology, which some have described as that of a trickster god. Loki has been depicted in or referenced in a variety of media in modern popular culture."
dbt,15.0,433.0,"dbt helps data teams work like software engineers—to ship trusted data, faster.","DBT may refer to:

Danish Board of Technology, a technology assessment institution in Denmark
data build tool (dbt), a data analytics tool
DBT (gene)
DBT Online Inc. a US data mining company
Department for Business and Trade, United Kingdom
Department of Biotechnology, India
.dbt, the extension of a DBase file format
Design-basis tornado within a Design basis accident of a nuclear facility
Deutscher Bundestag, the lower house of the bicameral parliament of Germany
Dialectical behavior therapy, a psychotherapy for psychiatric illnesses such as borderline personality disorder
Dibenzothiophene, a chemical compound
Dibutyltryptamine, a psychedelic drug
Digital breast tomosynthesis, a breast X-ray technique
Direct Benefit Transfer, an anti-poverty program launched by Government of India
Disney Branded Television
Double-blind trial, a methodology for scientific experiments
Drive-By Truckers, an alt-country/rock band
Dynamic Binary Translation, a technique often used by emulator software"
Linode,422.0,728.0,Deploy and Manage Linux Virtual Servers in the Linode Cloud.,"Linode, LLC () was an American cloud hosting provider that focused on providing Linux-based virtual machines, cloud infrastructure, and managed services.
In 2003, at the time of its launch, Linode was one of the few companies that provided virtual private server (VPS) hosting. It had grown over the years into a multinational corporation, well recognized by developers, hobbyists, and small businesses alike, with over 800,000 customers from 196 countries and data centers in 11 locations worldwide. Linode was considered one of the largest independent cloud infrastructure providers before its acquisition.
Linode was acquired by Akamai Technologies in February 2022 for $900 million. Akamai discontinued the Linode brand on February 14, 2023, with the launch of its ""Akamai Connected Cloud"" product line based on the combination of the Linode cloud computing platform and Akamai's existing content delivery network business."
Power BI,26.0,878.0,Empower team members to discover insights hidden in your data,"Microsoft Power BI is an interactive data visualization software product developed by Microsoft with a primary focus on business intelligence. It is part of the Microsoft Power Platform.
Power BI is a collection of software services, apps, and connectors that work together to turn various sources of data into static and interactive data visualizations. Data may be input by reading directly from a database, webpage, PDF, or structured files such as spreadsheets, CSV, XML,  JSON, XLSX, and SharePoint."
Zookeeper,43.0,736.0,Because coordinating distributed systems is a Zoo,"A zookeeper, sometimes referred as animal keeper, is a person who manages zoo animals that are kept in captivity for conservation or to be displayed to the public. They are usually responsible for the feeding and daily care of the animals. As part of their routine, the zookeepers may clean the exhibits and report health problems. They may also be involved in scientific research or public education, such as conducting tours and answering questions."
RestSharp,0.0,74.0,Simple REST and HTTP API Client for .NET,
GNU Bash,8.0,1320.0,Functional improvements over sh for both programming and interactive use,"Bash is a Unix shell and command language written by Brian Fox for the GNU Project as a free software replacement for the Bourne shell. First released in 1989, it has been used as the default login shell for most Linux distributions. Bash was one of the first programs Linus Torvalds ported to Linux, alongside GCC. A version is also available for Windows 10 and Windows 11 via the Windows Subsystem for Linux. It is also the default user shell in Solaris 11. Bash was also the default shell in versions of Apple macOS from 10.3 (originally, the default shell was tcsh) to 10.15 (macOS Catalina), which changed the default shell to zsh, although Bash remains available as an alternative shell.Bash is a command processor that typically runs in a text window where the user types commands that cause actions. Bash can also read and execute commands from a file, called a shell script. Like most Unix shells, it supports filename globbing (wildcard matching), piping, here documents, command substitution, variables, and control structures for condition-testing and iteration. The keywords, syntax, dynamically scoped variables and other basic features of the language are all copied from sh. Other features, e.g., history, are copied from csh and ksh. Bash is a POSIX-compliant shell, but with a number of extensions.
The shell's name is an acronym for Bourne Again Shell, a pun on the name of the Bourne shell that it replaces and the notion of being ""born again"".A security hole in Bash dating from version 1.03 (August 1989), dubbed Shellshock, was discovered in early September 2014 and quickly led to a range of attacks across the Internet. Patches to fix the bugs were made available soon after the bugs were identified."
Sequelize,142.0,790.0,Easy-to-use multi SQL dialect ORM for Node.js,
GPT-4 by OpenAI,0.0,8.0,A large multimodal model that can solve difficult problems with greater accuracy,
PHPStan,0.0,246.0,PHP Static Analysis Tool - discover bugs in your code without running it!,
Snyk,18.0,412.0,"Automatically find & fix vulnerabilities in your code, containers, Kubernetes, and Terraform",Snyk is a Boston-based cybersecurity company specializing in cloud computing. It was founded in 2015 out of London and Tel Aviv with headquarters in Boston.
Polymer,122.0,540.0,"A new library built on top of Web Components, designed to leverage the evolving web platform on modern...","A polymer (;)
is a substance or material consisting of very large molecules called macromolecules, composed of many repeating subunits. Due to their broad spectrum of properties, both synthetic and natural polymers play essential and ubiquitous roles in everyday life. Polymers range from familiar synthetic plastics such as polystyrene to natural biopolymers such as DNA and proteins that are fundamental to biological structure and function. Polymers, both natural and synthetic, are created via polymerization of many small molecules, known as monomers. Their consequently large molecular mass, relative to small molecule compounds, produces unique physical properties including toughness, high elasticity, viscoelasticity, and a tendency to form amorphous and semicrystalline structures rather than crystals.
The term ""polymer"" derives from Greek  πολύς (polus) 'many, much', and  μέρος (meros) 'part'. The term was coined in 1833 by Jöns Jacob Berzelius, though with a definition distinct from the modern IUPAC definition. The modern concept of polymers as covalently bonded macromolecular structures was proposed in 1920 by Hermann Staudinger, who spent the next decade finding experimental evidence for this hypothesis.Polymers are studied in the fields of polymer science (which includes polymer chemistry and polymer physics), biophysics and materials science and engineering. Historically, products arising from the linkage of repeating units by covalent chemical bonds have been the primary focus of polymer science. An emerging important area now focuses on supramolecular polymers formed by non-covalent links. Polyisoprene of latex rubber is an example of a natural polymer, and the polystyrene of styrofoam is an example of a synthetic polymer. In biological contexts, essentially all biological macromolecules—i.e., proteins (polyamides), nucleic acids (polynucleotides), and polysaccharides—are purely polymeric, or are composed in large part of polymeric components."
Windows,2.0,989.0,"A group of several graphical operating system families, all of which are developed by Microsoft","Microsoft Windows is a group of several proprietary graphical operating system families developed and marketed by Microsoft. Each family caters to a certain sector of the computing industry. For instance, Windows NT for consumers, Windows Server for servers, and Windows IoT for embedded systems. Defunct Windows families include Windows 9x, Windows Mobile, and Windows Phone.
The first version of Windows was released on November 20, 1985, as a graphical operating system shell for MS-DOS in response to the growing interest in graphical user interfaces (GUIs).Windows is the most popular desktop operating system in the world, with a 70% market share as of March 2023, according to StatCounter. However, Windows is not the most used operating system when including both mobile and desktop OSes, due to Android's massive growth.As of September 2022, the most recent version of Windows is Windows 11 for consumer PCs and tablets, Windows 11 Enterprise for corporations, and Windows Server 2022 for servers."
Apache Spark,139.0,2870.0,Fast and general engine for large-scale data processing,"Apache Spark  is an open-source unified analytics engine for large-scale data processing. Spark provides an interface for programming clusters with implicit data parallelism and fault tolerance. Originally developed at the University of California, Berkeley's AMPLab, the Spark codebase was later donated to the Apache Software Foundation, which has maintained it since."
Istio,54.0,930.0,"Open platform to connect, manage, and secure microservices, by Google, IBM, and Lyft",
Fastify,91.0,344.0,"Fast and low overhead web framework, for Node.js",
Google BigQuery,149.0,1580.0,Analyze terabytes of data in seconds,"BigQuery is Google's fully managed, serverless data warehouse that enables scalable analysis over petabytes of data. It is a Platform as a Service (PaaS) that supports querying using a dialect of SQL. It also has built-in machine learning capabilities. BigQuery was announced in May 2010 and made generally available in November 2011."
jsdoc,5.0,477.0,An API documentation generator for JavaScript,"JSDoc is a markup language used to annotate JavaScript source code files. Using comments containing JSDoc, programmers can add documentation describing the application programming interface of the code they're creating. This is then processed, by various tools, to produce documentation in accessible formats like HTML and Rich Text Format. The JSDoc specification is released under CC BY-SA 3.0, while its companion documentation generator and parser library is free software under the Apache License 2.0."
vuex,7.0,1320.0,Centralized State Management for Vue.js.,"Vuex is an open-source state management library for Vue.js applications. It was created by Evan You, the developer behind Vue.js, to provide a centralized store for managing state in Vue.js applications."
Zabbix,66.0,655.0,"Track, record, alert and visualize performance and availability of IT resources","Zabbix is an open-source software tool to monitor IT infrastructure such as networks, servers, virtual machines, and cloud services. Zabbix collects and displays basic metrics."
OpenID Connect,0.0,129.0,An authorization framework,"OpenID is an open standard and decentralized authentication protocol promoted by the non-profit OpenID Foundation. It allows users to be authenticated by co-operating sites (known as relying parties, or RP) using a third-party identity provider (IDP) service, eliminating the need for webmasters to provide their own ad hoc login systems, and allowing users to log in to multiple unrelated websites without having to have a separate identity and password for each. Users create accounts by selecting an OpenID identity provider, and then use those accounts to sign on to any website that accepts OpenID authentication. Several large organizations either issue or accept OpenIDs on their websites.The OpenID standard provides a framework for the communication that must take place between the identity provider and the OpenID acceptor (the ""relying party""). An extension to the standard (the OpenID Attribute Exchange) facilitates the transfer of user attributes, such as name and gender, from the OpenID identity provider to the relying party (each relying party may request a different set of attributes, depending on its requirements). The OpenID protocol does not rely on a central authority to authenticate a user's identity. Moreover, neither services nor the OpenID standard may mandate a specific means by which to authenticate users, allowing for approaches ranging from the common (such as passwords) to the novel (such as smart cards or biometrics).
The final version of OpenID is OpenID 2.0, finalized and published in December 2007. The term OpenID may also refer to an identifier as specified in the OpenID standard; these identifiers take the form of a unique Uniform Resource Identifier (URI), and are managed by some ""OpenID provider"" that handles authentication."
isort,0.0,93.0,A Python utility / library to sort imports,
Tableau,8.0,1220.0,Tableau helps people see and understand data.,"Tableau (French for 'little table' literally, also used to mean 'picture'; pl.: tableaux or, rarely, tableaus) may refer to:"
Bitdeli,1.0,69.0,Build Your Own Analytics,
Vitest,0.0,79.0,A Vite-native unit test framework. It's fast!,
LangChain,0.0,52.0,Build AI apps with LLMs through composability,"LangChain is a framework designed to simplify the creation of applications using large language models (LLMs). As a language model integration framework, LangChain's use-cases largely overlap with those of language models in general, including document analysis and summarization, chatbots, and code analysis."
Normalize.css,0.0,207.0,A modern alternative to CSS resets,
jsdoc,5.0,477.0,An API documentation generator for JavaScript,"JSDoc is a markup language used to annotate JavaScript source code files. Using comments containing JSDoc, programmers can add documentation describing the application programming interface of the code they're creating. This is then processed, by various tools, to produce documentation in accessible formats like HTML and Rich Text Format. The JSDoc specification is released under CC BY-SA 3.0, while its companion documentation generator and parser library is free software under the Apache License 2.0."
Fastify,91.0,344.0,"Fast and low overhead web framework, for Node.js",
Tableau,8.0,1220.0,Tableau helps people see and understand data.,"Tableau (French for 'little table' literally, also used to mean 'picture'; pl.: tableaux or, rarely, tableaus) may refer to:"
isort,0.0,93.0,A Python utility / library to sort imports,
Canvas,0.0,77.0,Teaching and learning software,"Canvas is an extremely durable plain-woven fabric used for making sails, tents, marquees, backpacks, shelters, as a support for oil painting and for other items for which sturdiness is required, as well as in such fashion objects as handbags, electronic device cases, and shoes. It is popularly used by artists as a painting surface, typically stretched across a wooden frame.
Modern canvas is usually made of cotton or linen, or sometimes polyvinyl chloride (PVC), although historically it was made from hemp. It differs from other heavy cotton fabrics, such as denim, in being plain weave rather than twill weave. Canvas comes in two basic types: plain and duck. The threads in duck canvas are more tightly woven. The term duck comes from the Dutch word for cloth, doek.  In the United States, canvas is classified in two ways: by weight (ounces per square yard) and by a graded number system. The numbers run in reverse of the weight so a number 10 canvas is lighter than number 4.
The word ""canvas"" is derived from the 13th century Anglo-French canevaz and the Old French canevas. Both may be derivatives of the Vulgar Latin cannapaceus for ""made of hemp"", originating from the Greek κάνναβις (cannabis)."
Istio,54.0,930.0,"Open platform to connect, manage, and secure microservices, by Google, IBM, and Lyft",
vuex,7.0,1320.0,Centralized State Management for Vue.js.,"Vuex is an open-source state management library for Vue.js applications. It was created by Evan You, the developer behind Vue.js, to provide a centralized store for managing state in Vue.js applications."
PySpark,0.0,242.0,The Python API for Spark,"Apache Spark  is an open-source unified analytics engine for large-scale data processing. Spark provides an interface for programming clusters with implicit data parallelism and fault tolerance. Originally developed at the University of California, Berkeley's AMPLab, the Spark codebase was later donated to the Apache Software Foundation, which has maintained it since."
Salesforce,0.0,718.0,Connect to your customers in a whole new way,"Salesforce, Inc. is an American cloud-based software company headquartered in San Francisco, California. It provides customer relationship management (CRM) software and applications focused on sales, customer service, marketing automation, e-commerce, analytics, and application development.
Founded by former Oracle executive Marc Benioff in February 1999, Salesforce grew quickly, making its IPO in 2004. As of September 2022, Salesforce is the 61st largest company in the world by market cap with a value of nearly US$153 billion. It became the world's largest enterprise software firm in 2022. Salesforce ranked 136th on the most recent edition of the Fortune 500, making US$26.5 billion in 2022. Since 2020, Salesforce has also been a component of the Dow Jones Industrial Average."
Django REST framework,310.0,1890.0,Web APIs for Django,
D,145.0,409.0,Modern convenience. Modeling power. Native efficiency.,"D, or d, is the fourth letter in the Latin alphabet, used in the modern English alphabet, the alphabets of other western European languages and others worldwide. Its name in English is dee (pronounced ), plural dees."
Transformers,0.0,132.0,State-of-the-art Natural Language Processing for Pytorch and TensorFlow 2.0,"Transformers is a media franchise produced by American toy company Hasbro and Japanese toy company Takara Tomy. It primarily follows the heroic Autobots and the villainous Decepticons, two alien robot factions at war that can transform into other forms, such as vehicles and animals. The franchise encompasses toys, animation, comic books, video games and films. As of 2011, it generated more than ¥2 trillion ($25 billion) in revenue, making it one of the highest-grossing media franchises of all time.
The franchise began in 1984 with the Transformers toy line, comprising transforming mecha toys from Takara's Diaclone and Micro Change toylines rebranded for Western markets. The term ""Generation 1"" covers both the animated television series The Transformers and the comic book series of the same name, which are further divided into Japanese, British and Canadian spin-offs, respectively. Sequels followed, such as the Generation 2 comic book and Beast Wars TV series, which became its own mini-universe. Generation 1 characters underwent two reboots with Dreamwave Productions in 2001 and IDW Publishing in 2005, with a third starting in 2019. There have been other incarnations of the story based on different toy lines during and after the 20th century. The first was the Robots in Disguise series, followed by three shows (Armada, Energon, and Cybertron) that constitute a single universe called the ""Unicron Trilogy"".
A live-action film series started in 2007, again distinct from previous incarnations, while the Transformers: Animated series merged concepts from the G1 continuity, the 2007 live-action film and the ""Unicron Trilogy"". For most of the 2010s, in an attempt to mitigate the wave of reboots, the ""Aligned Continuity"" was established. In 2018, Transformers: Cyberverse debuted, once again, distinct from the previous incarnations.
Although initially a separate and competing franchise started in 1983, Tonka's GoBots became the intellectual property of Hasbro after their buyout of Tonka in 1991. Subsequently, the universe depicted in the animated series Challenge of the GoBots and follow-up film GoBots: Battle of the Rock Lords was retroactively established as an alternate universe within the Transformers multiverse."
Spock Framework,23.0,196.0,The Enterprise-ready testing and specification framework,
React Query,0.0,196.0,"Fetch, cache and update data in your React and React Native applications all without touching any ""glo...",
Clojure,1100.0,1750.0,A dynamic programming language that targets the Java Virtual Machine,"Clojure (, like closure) is a dynamic and functional dialect of the Lisp programming language on the Java platform.Like most other Lisps, Clojure's syntax is built on S-expressions that are first parsed into data structures by a reader before being compiled. Clojure's reader supports literal syntax for maps, sets and vectors along with lists, and these are compiled to the mentioned structures directly. Clojure treats code as data and has a Lisp macro system. Clojure is a Lisp-1 and is not intended to be code-compatible with other dialects of Lisp, since it uses its own set of data structures incompatible with other Lisps.Clojure advocates immutability and immutable data structures and encourages programmers to be explicit about managing identity and its states. This focus on programming with immutable values and explicit progression-of-time constructs is intended to facilitate developing more robust, especially concurrent, programs that are simple and fast. While its type system is entirely dynamic, recent efforts have also sought the implementation of a dependent type system.The language was created by Rich Hickey in the mid-2000's, originally for the Java platform; the language has since been ported to other platforms, such as the Common Language Runtime (.NET). Hickey continues to lead development of the language as its benevolent dictator for life."
DomainRacer,60.0,9.0,Domain and Web Hosting Provider,
Microsoft Clarity,0.0,50.0,"A free, easy-to-use tool that captures how real people actually use your site",
Databricks,8.0,460.0,"A unified analytics platform, powered by Apache Spark","Databricks, Inc. is an American software company founded by the creators of Apache Spark. Databricks develops a web-based platform for working with Spark, that provides automated cluster management and IPython-style notebooks. The company develops Delta Lake, an open-source project to bring reliability to data lakes for machine learning and other data science use cases."
Bugsnag,267.0,1080.0,"Bugsnag provides production error monitoring and management for front-end, mobile and back-end applica...",
Cron,0.0,52.0,Background-only application,"The cron command-line utility is a job scheduler on Unix-like operating systems. Users who set up and maintain software environments use cron to schedule jobs (commands or shell scripts), also known as cron jobs, to run periodically at fixed times, dates, or intervals. It typically automates system maintenance or administration—though its general-purpose nature makes it useful for things like downloading files from the Internet and downloading email at regular intervals.Cron is most suitable for scheduling repetitive tasks. Scheduling one-time tasks can be accomplished using the associated at utility.
Cron's name originates from chronos, the Greek word for time."
Amazon SNS,18.0,1340.0,Fully managed push messaging service,"Amazon Simple Notification Service (Amazon SNS) is a notification service provided as part of Amazon Web Services since 2010. It provides a service for sending messages.Amazon SNS acts as a single message bus that can message to a variety of devices and platforms. A single code interface can address all of these equally, or message formats can be tailored to the particular needs of each platform. Amazon SNS can also deliver messages by SMS to 200+ countries."
D,145.0,409.0,Modern convenience. Modeling power. Native efficiency.,"D, or d, is the fourth letter in the Latin alphabet, used in the modern English alphabet, the alphabets of other western European languages and others worldwide. Its name in English is dee (pronounced ), plural dees."
DomainRacer,60.0,9.0,Domain and Web Hosting Provider,
ngrok,57.0,318.0,Securely expose a local web server to the internet and capture all traffic for detailed inspection and...,
Cron,0.0,52.0,Background-only application,"The cron command-line utility is a job scheduler on Unix-like operating systems. Users who set up and maintain software environments use cron to schedule jobs (commands or shell scripts), also known as cron jobs, to run periodically at fixed times, dates, or intervals. It typically automates system maintenance or administration—though its general-purpose nature makes it useful for things like downloading files from the Internet and downloading email at regular intervals.Cron is most suitable for scheduling repetitive tasks. Scheduling one-time tasks can be accomplished using the associated at utility.
Cron's name originates from chronos, the Greek word for time."
Puppet Labs,227.0,1080.0,Server automation framework and application,"Puppet is a software configuration management tool which includes its own declarative language to describe system configuration. It is produced by Puppet Inc., founded by Luke Kanies in 2005. Its primary product, Puppet Enterprise, is a proprietary and closed-source version of its open-source Puppet software. They use Puppet's declarative language to manage stages of the IT infrastructure lifecycle, including the provisioning, patching, configuration, and management of operating system and application components in data centers and cloud infrastructures.Puppet uses an open-core model; its free-software version was released under version 2 of the GNU General Public License (GPL) until version 2.7.0, and later releases use the Apache License, while Puppet Enterprise uses a proprietary license.
Puppet and Puppet Enterprise operate on multiple Unix-like systems (including Linux, Solaris, BSD, Mac OS X, AIX, HP-UX) and has Microsoft Windows support. Puppet itself is written in Ruby, Facter is written in C++, and Puppet Server and Puppet DB are written in Clojure."
Hadoop,56.0,2430.0,"Open-source software for reliable, scalable, distributed computing","Apache Hadoop ( ) is a collection of open-source software utilities that facilitates using a network of many computers to solve problems involving massive amounts of data and computation. It provides a software framework for distributed storage and processing of big data using the MapReduce programming model. Hadoop was originally designed for computer clusters built from commodity hardware, which is still the common use. It has since also found use on clusters of higher-end hardware. All the modules in Hadoop are designed with a fundamental assumption that hardware failures are common occurrences and should be automatically handled by the framework.The core of Apache Hadoop consists of a storage part, known as Hadoop Distributed File System (HDFS), and a processing part which is a MapReduce programming model. Hadoop splits files into large blocks and distributes them across nodes in a cluster. It then transfers packaged code into nodes to process the data in parallel. This approach takes advantage of data locality, where nodes manipulate the data they have access to. This allows the dataset to be processed faster and more efficiently than it would be in a more conventional supercomputer architecture that relies on a parallel file system where computation and data are distributed via high-speed networking.The base Apache Hadoop framework is composed of the following modules:

Hadoop Common – contains libraries and utilities needed by other Hadoop modules;
Hadoop Distributed File System (HDFS) – a distributed file-system that stores data on commodity machines, providing very high aggregate bandwidth across the cluster;
Hadoop YARN – (introduced in 2012) is a platform responsible for managing computing resources in clusters and using them for scheduling users' applications;
Hadoop MapReduce – an implementation of the MapReduce programming model for large-scale data processing.
Hadoop Ozone – (introduced in 2020) An object store for HadoopThe term Hadoop is often used for both base modules and sub-modules and also the ecosystem, or collection of additional software packages that can be installed on top of or alongside Hadoop, such as Apache Pig, Apache Hive, Apache HBase, Apache Phoenix, Apache Spark, Apache ZooKeeper, Apache Impala, Apache Flume, Apache Sqoop, Apache Oozie, and Apache Storm.Apache Hadoop's MapReduce and HDFS components were inspired by Google papers on MapReduce and Google File System.The Hadoop framework itself is mostly written in the Java programming language, with some native code in C and command line utilities written as shell scripts. Though MapReduce Java code is common, any programming language can be used with Hadoop Streaming to implement the map and reduce parts of the user's program. Other projects in the Hadoop ecosystem expose richer user interfaces."
Redux Persist,0.0,97.0,A library to persist and rehydrate a redux store,
Parcel,18.0,686.0,"📦🚀 A fast, zero configuration web application bundler","Parcel may refer to:

Parcels (band), an Australian modern soul band
Parcel (consignment), an individual consignment of cargo for shipment
Parcel (film), 2019 Bengali film
Parcel (package), sent through the mail or package delivery
Fluid parcel, a concept in fluid dynamics
Land lot, a piece of land
Placer (geography), parcel in Portuguese, a type of submerged bank or reef
an object used in the game Pass the parcel"
Amazon SNS,18.0,1340.0,Fully managed push messaging service,"Amazon Simple Notification Service (Amazon SNS) is a notification service provided as part of Amazon Web Services since 2010. It provides a service for sending messages.Amazon SNS acts as a single message bus that can message to a variety of devices and platforms. A single code interface can address all of these equally, or message formats can be tailored to the particular needs of each platform. Amazon SNS can also deliver messages by SMS to 200+ countries."
Spock Framework,23.0,196.0,The Enterprise-ready testing and specification framework,
Puma,20.0,711.0,"A Modern, Concurrent Web Server for Ruby",Puma or PUMA may refer to:
ActiveMQ,77.0,576.0,A message broker written in Java together with a full JMS client,"Apache ActiveMQ is an open source message broker written in Java together with a full Java Message Service (JMS) client. It provides ""Enterprise Features"" which in this case means fostering the communication from more than one client or server. Supported clients include Java via JMS 1.1 as well as several other ""cross language"" clients. The communication is managed with features such as computer clustering and ability to use any database as a JMS persistence provider besides virtual memory, cache, and journal persistency.There's another broker under the ActiveMQ umbrella code-named Artemis. It is based on the HornetQ code-base which was donated from the JBoss community to the Apache ActiveMQ community in 2015. Artemis is the ""next generation"" broker from ActiveMQ and will ultimately become the next major version of ActiveMQ."
Vuetify,168.0,1140.0,Material Component Framework for VueJS 2,
Chartio,6.0,338.0,A powerful Business Intelligence tool anyone can use,
Spring,1070.0,3850.0,Provides a comprehensive programming and configuration model for modern Java-based enterprise applicat...,Spring(s) may refer to:
Hugging Face,0.0,34.0,"Build, train and deploy state of the art models","Hugging Face, Inc. is a French-American company that develops tools for building applications using machine learning, based in New York City. It is most notable for its transformers library built for natural language processing applications and its platform that allows users to share machine learning models and datasets and showcase their work in a space."
Depot,0.0,8.0,Build Docker containers up to 20x faster,Depot may refer to:
Microsoft Clarity,0.0,50.0,"A free, easy-to-use tool that captures how real people actually use your site",
Sphinx,32.0,755.0,"Open source full text search server, designed from the ground up with performance, relevance (aka sear...","A sphinx ( SFINKS, Ancient Greek: σφίγξ [spʰíŋks], Boeotian: φίξ [pʰíːks], pl.: sphinxes or sphinges) is a mythical creature with the head of a human, the body of a lion, and the wings of an eagle.
In Greek tradition, the sphinx is a treacherous and merciless being with the head of a woman, the haunches of a lion, and the wings of a bird. According to Greek myth, she challenges those who encounter her to answer a riddle, and kills and eats them when they fail to do so. This deadly version of a sphinx appears in the myth and drama of Oedipus.In Egyptian mythology, in contrast, the sphinx is typically depicted as a man (an androsphinx (Ancient Greek: ανδρόσφιγξ)), and seen as benevolent, though with strength as ferocious as that of the Greek version. Both the Greek and Egyptian sphinxes were thought of as guardians, and statues of them often flank the entrances to temples.During the Renaissance the sphinx enjoyed a major revival in European decorative art. During this period, images of the sphinx were initially similar to the ancient Egyptian version, but when later exported to other cultures, the sphinx was often conceived of quite differently, partly due to varied translations of descriptions of the originals, and partly through the evolution of the concept as it was integrated into other cultural traditions.
However, depictions of the sphinx are generally associated with grand architectural structures, such as royal tombs or religious temples."
Context.IO,0.0,23.0,A REST email API that makes it easy and fast to integrate your user's email data in your application.,
Nextcloud,11.0,255.0,A self-hosted productivity platform that keeps you in control,"Nextcloud is a suite of client-server software for creating and using file hosting services. Nextcloud provides functionality similar to Dropbox, Office 365 or Google Drive when used with integrated office suites Collabora Online or OnlyOffice. It can be hosted in the cloud or on-premises. It is scalable, from home office software based on the low cost Raspberry Pi, all the way through to full sized data centers that support millions of users. Translations in 60 languages exist for web interface and client applications."
Mapbox,112.0,674.0,Design and publish beautiful maps,"Mapbox is an American provider of custom online maps for websites and applications such as Foursquare, Lonely Planet, the Financial Times, The Weather Channel, Instacart Inc. and Snapchat. Since 2010, it has rapidly expanded the niche of custom maps, as a response to the limited choice offered by map providers such as Google Maps.By 2020, Mapbox switched to a proprietary software license for most of the software it previously maintained as open source.
As of October 2020, Mapbox had a valuation of $1 billion."
JetBrains Rider,25.0,562.0,A cross-platform .NET IDE based on the IntelliJ platform and ReSharper,
Simple,6.0,906.0,Track Time with One Click,"Simple  or SIMPLE may refer to:

Simplicity, the state or quality of being simple"
OpenTelemetry,2.0,117.0,"A single set of APIs, libraries, agents, and collector services to capture distributed traces and metr...","The Cloud Native Computing Foundation (CNCF) is a Linux Foundation project that was founded in 2015 to help advance container technology and align the tech industry around its evolution.
It was announced alongside Kubernetes 1.0, an open source container cluster manager, which was contributed to the Linux Foundation by Google as a seed technology. Founding members include Google, CoreOS, Mesosphere, Red Hat, Twitter, Huawei, Intel, Cisco, IBM, Docker, Univa, and VMware. Today, CNCF is supported by over 450 members. In order to establish qualified representatives of the technologies governed by the CNCF, a program was announced at the inaugural CloudNativeDay in Toronto in August, 2016.Dan Kohn (who also helped launch the Core Infrastructure Initiative) led CNCF as executive director until May 2020. The foundation announced Priyanka Sharma, director of Cloud Native Alliances at GitLab, would step into a general manager role in his place. Sharma describes CNCF as ""a very impactful organization built by a small group of people but [within] a very large ecosystem"" and believes that CNCF is entering into a ""second wave"" due to increased industry awareness and adoption.In August 2018 Google announced that it was handing over operational control of Kubernetes to the community. Since its creation, CNCF has launched a number of hosted sub-projects.
In January 2020, the CNCF annual report for the previous year was issued and reflected significant growth to the foundation across membership, event attendance, training, and industry investment. In 2019, CNCF grew by 50% since the previous year with 173 new members and nearly 90% growth in end-users. The report revealed a 78% increase in the usage of Kubernetes in production."
Microsoft Power Automate,0.0,143.0,Securely automate across your organization with low-code and AI,"Microsoft Power Automate, formerly known as Microsoft Flow until November 2019, is a SaaS platform by Microsoft for automation of recurring tasks. It is part of the Microsoft Power Platform line of products together with products such as Power Apps and Power BI.Microsoft Power Automate offers a variety of powerful flows that streamline workflows and enhance productivity. With Power Automate, you can automate repetitive tasks, connect different applications, and create custom flows."
Project Reactor,0.0,145.0,Library for building non-blocking applications on JVM,
Hibernate,30.0,1440.0,Idiomatic persistence for Java and relational databases.,"Hibernation is a state of minimal activity and metabolic depression undergone by some animal species. Hibernation is a seasonal heterothermy characterized by low body-temperature, slow breathing and heart-rate, and low metabolic rate. It most commonly occurs during winter months.
Although traditionally reserved for ""deep"" hibernators such as rodents, the term has been redefined to include animals such as bears and is now applied based on active metabolic suppression rather than any absolute decline in body temperature. Many experts believe that the processes of daily torpor and hibernation form a continuum and utilise similar mechanisms. The equivalent during the summer months is aestivation.
Hibernation functions to conserve energy when sufficient food is not available. To achieve this energy saving, an endothermic animal decreases its metabolic rate and thereby its body temperature. Hibernation may last days, weeks, or months—depending on the species, ambient temperature, time of year, and the individual's body-condition. Before entering hibernation, animals need to store enough energy to last through the duration of their dormant period, possibly as long as an entire winter. Larger species become hyperphagic, eating a large amount of food and storing the energy in their bodies in the form of fat deposits. In many small species, food caching replaces eating and becoming fat.Some species of mammals hibernate while gestating young, which are born either while the mother hibernates or shortly afterwards. For example, female black bears go into hibernation during the winter months in order to give birth to their offspring. The pregnant mothers significantly increase their body mass prior to hibernation, and this increase is further reflected in the weight of the offspring. The fat accumulation enables them to provide a sufficiently warm and nurturing environment for their newborns. During hibernation, they subsequently lose 15–27% of their pre-hibernation weight by using their stored fats for energy.Ectothermic animals also undergo periods of metabolic suppression and dormancy, which in many invertebrates is referred to as diapause. Some researchers and members of the public use the term brumate to describe winter dormancy of reptiles, but the more general term hibernation is believed adequate to refer to any winter dormancy. Many insects, such as the wasp Polistes exclamans, exhibit periods of dormancy which have often been referred to as hibernation, despite their ectothermy. Botanists may use the term ""seed hibernation"" to refer to a form of seed dormancy."
Retrofit,0.0,293.0,A type-safe HTTP client for Android and Java,"Retrofitting is the addition of new technology or features to older systems. Retrofits can happen for a number of reasons, for example with big capital expenditures like naval vessels, military equipment or manufacturing plants, businesses or governments may retrofit in order to reduce the need to replace a system entirely. Other retrofits may be due to changing codes or requirements, such as seismic retrofit which are designed strengthening older buildings in order to make them earthquake resistant.
Retrofitting is also an important part of climate change mitigation and climate change adaptation: because society invested in built infrastructure, housing and other systems before the magnitude of changes anticipated by climate change. Retrofits to increase building efficiency, for example, both help reduce the overall negative impacts of climate change by reducing building emissions and environmental impacts while also allowing the building to be more healthy during extreme weather events. Retrofitting also is part of a circular economy, reducing the amount of newly manufactured goods, thus reducing lifecycle emissions and environmental impacts."
FindBugs,0.0,410.0,An open-source static code analyser,"FindBugs is an open-source static code analyser created by Bill Pugh and David Hovemeyer which detects possible bugs in Java programs. Potential errors are classified in four ranks: (i) scariest, (ii) scary, (iii) troubling and (iv) of concern. This is a hint to the developer about their possible impact or severity. FindBugs operates on Java bytecode, rather than source code. The software is distributed as a stand-alone GUI application. There are also plug-ins available for Eclipse, NetBeans, IntelliJ IDEA, Gradle, Hudson, Maven, Bamboo and Jenkins.Additional rule sets can be plugged in FindBugs to increase the set of checks performed."
Phoenix Framework,678.0,923.0,Most web frameworks make you choose between speed and a productive environment. Phoenix gives you both.,
LiveReload,8.0,322.0,"CSS edits and image changes apply live. CoffeeScript, SASS, LESS and others just work.",
unittest,0.0,129.0,A unit testing framework for Python,"Code-driven unit testing frameworks for various programming languages are as follows. Some, but not all, are based on xUnit."
OpenTelemetry,2.0,117.0,"A single set of APIs, libraries, agents, and collector services to capture distributed traces and metr...","The Cloud Native Computing Foundation (CNCF) is a Linux Foundation project that was founded in 2015 to help advance container technology and align the tech industry around its evolution.
It was announced alongside Kubernetes 1.0, an open source container cluster manager, which was contributed to the Linux Foundation by Google as a seed technology. Founding members include Google, CoreOS, Mesosphere, Red Hat, Twitter, Huawei, Intel, Cisco, IBM, Docker, Univa, and VMware. Today, CNCF is supported by over 450 members. In order to establish qualified representatives of the technologies governed by the CNCF, a program was announced at the inaugural CloudNativeDay in Toronto in August, 2016.Dan Kohn (who also helped launch the Core Infrastructure Initiative) led CNCF as executive director until May 2020. The foundation announced Priyanka Sharma, director of Cloud Native Alliances at GitLab, would step into a general manager role in his place. Sharma describes CNCF as ""a very impactful organization built by a small group of people but [within] a very large ecosystem"" and believes that CNCF is entering into a ""second wave"" due to increased industry awareness and adoption.In August 2018 Google announced that it was handing over operational control of Kubernetes to the community. Since its creation, CNCF has launched a number of hosted sub-projects.
In January 2020, the CNCF annual report for the previous year was issued and reflected significant growth to the foundation across membership, event attendance, training, and industry investment. In 2019, CNCF grew by 50% since the previous year with 173 new members and nearly 90% growth in end-users. The report revealed a 78% increase in the usage of Kubernetes in production."
Cucumber,36.0,927.0,"Simple, human collaboration.","The cucumber (Cucumis sativus) is a widely-cultivated creeping vine plant in the family Cucurbitaceae that bears cylindrical to spherical fruits, which are used as culinary vegetables. Considered an annual plant, there are three main types of cucumber—slicing, pickling, and seedless—within which several cultivars have been created. The cucumber originates in Asia extending from India, Nepal, Bangladesh, China (Yunnan, Guizhou, Guangxi), and Northern Thailand, but now grows on most continents, and many different types of cucumber are grown commercially and traded on the global market. In North America, the term wild cucumber refers to plants in the genera Echinocystis and Marah, though the two are not closely related."
Mapbox,112.0,674.0,Design and publish beautiful maps,"Mapbox is an American provider of custom online maps for websites and applications such as Foursquare, Lonely Planet, the Financial Times, The Weather Channel, Instacart Inc. and Snapchat. Since 2010, it has rapidly expanded the niche of custom maps, as a response to the limited choice offered by map providers such as Google Maps.By 2020, Mapbox switched to a proprietary software license for most of the software it previously maintained as open source.
As of October 2020, Mapbox had a valuation of $1 billion."
Solr,126.0,765.0,"A blazing-fast, open source enterprise search platform","Solr (pronounced ""solar"") is an open-source enterprise-search platform, written in Java. Its major features include full-text search, hit highlighting, faceted search, real-time indexing, dynamic clustering, database integration, NoSQL features and rich document (e.g., Word, PDF) handling. Providing distributed search and index replication, Solr is designed for scalability and fault tolerance. Solr is widely used for enterprise search and analytics use cases and has an active development community and regular releases.
Solr runs as a standalone full-text search server. It uses the Lucene Java search library at its core for full-text indexing and search, and has REST-like HTTP/XML and JSON APIs that make it usable from most popular programming languages. Solr's external configuration allows it to be tailored to many types of applications without Java coding, and it has a plugin architecture to support more advanced customization.
Apache Solr is developed in an open, collaborative manner by the Apache Solr project at the Apache Software Foundation."
Effe,0.0,65.0,A building block for an open source AWS lambda,"Stefan Effenberg (German pronunciation: [ˈʃtɛfan ˈʔɛfn̩bɛʁk]; born 2 August 1968) is a German former footballer who most recently acted as sporting director for KFC Uerdingen 05. A midfielder, he was known for his leadership skills, passing range, shooting ability, and physical strength, but was also a temperamental and controversial character.In the Bundesliga alone – where he represented Bayern Munich most notably, in six seasons and in two different spells – Effenberg collected 109 yellow cards, an all-time record at the time of his retirement. With Bayern, he won three Bundesligas and captained the club to the UEFA Champions League title in 2001.
In a career which was cut short after a run-in with the management, he played for Germany on more than 30 occasions, representing the nation in one World Cup and one European Championship. His nickname is Der Tiger (IPA: [deːɐ̯ ˈtiːɡɐ], ""the tiger"")."
Google Cloud Run,62.0,253.0,Run stateless HTTP containers on a fully managed environment or in your own GKE cluster,
F#,374.0,522.0,"Strongly-typed, functional-first programming language for writing simple code to solve complex problems","F, or f, is the sixth letter in the Latin alphabet, used in the modern English alphabet, the alphabets of other western European languages and others worldwide. Its name in English is ef (pronounced ), and the plural is efs."
Quasar Framework,397.0,437.0,Full front-end framework powered by Vue,
Istanbul,0.0,195.0,A JS code coverage tool written in JS,"Istanbul ( IST-an-BUUL, US also  IST-an-buul; Turkish: İstanbul [isˈtanbuɫ] ), formerly known as Constantinople, is the largest city in Turkey, serving as the country's economic, cultural and historic hub. The city straddles the Bosporus strait, lying in both Europe and Asia, and has a population of over 15 million residents, comprising 19% of the population of Turkey. Istanbul is the most populous European city and the world's 15th-largest city.
The city was founded as Byzantium (Greek: Βυζάντιον, Byzantion) in the 7th century BCE by Greek settlers from Megara. In 330 CE, the Roman emperor Constantine the Great made it his imperial capital, renaming it first as New Rome (Greek: Νέα Ῥώμη, Nea Rhomē; Latin: Nova Roma) and then as Constantinople (Constantinopolis) after himself. In 1930, the city's name was officially changed to Istanbul, the Turkish rendering of εἰς τὴν Πόλιν (romanized: eis tḕn Pólin; 'to the City'), the appellation Greek speakers used since the 11th century to colloquially refer to the city.The city served as an imperial capital for almost 1600 years: during the Roman/Byzantine (330–1204), Latin (1204–1261), late Byzantine (1261–1453), and Ottoman (1453–1922) empires. The city grew in size and influence, eventually becoming a beacon of the Silk Road and one of the most important cities in history. The city played a key role in the advancement of Christianity during Roman/Byzantine times, hosting four of the first seven ecumenical councils before its transformation to an Islamic stronghold following the Fall of Constantinople in 1453 CE—especially after becoming the seat of the Ottoman Caliphate in 1517. In 1923, after the Turkish War of Independence, Ankara replaced the city as the capital of the newly formed Republic of Turkey.
Over 13.4 million foreign visitors came to Istanbul in 2018, eight years after it was named a European Capital of Culture, making it the world's eighth most visited city. The historic centre of Istanbul is a UNESCO World Heritage Site, and the city hosts the headquarters of numerous Turkish companies, accounting for more than thirty percent of the country's economy."
OVH,183.0,325.0,Dedicated infrastructure for your business,"OVH, legally OVH Groupe SA, is a French cloud computing company which offers VPS, dedicated servers and other web services. As of 2016 OVH owned the world's largest data center in surface area. As of 2019, it was the largest hosting provider in Europe, and the third largest in the world based on physical servers. The company was founded in 1999 by the Klaba family and is headquartered in Roubaix, France. OVH is incorporated as a simplified joint-stock company under French law. In 2019 OVH adopted OVHcloud as its public brand name."
FluentValidation,0.0,47.0,A popular .NET validation library,
Magento,74.0,3090.0,"Flexible eCommerce solutions, a vibrant extensions marketplace and an open global ecosystem","Magento is an open-source e-commerce platform written in PHP. Magento source code is distributed under Open Software License. Magento was acquired by Adobe Inc in May 2018 for $1.68 billion.More than 150,000  online stores have been created on the platform. The platform code has been downloaded more than 2.5 million times, and $155 billion worth of goods were sold through Magento-based systems in 2019. As of April 2021, Magento holds a 2.32% market share in global e-commerce platforms.Roy Rubin, the former CEO of Varien, sold a share of the company to eBay, which eventually completely acquired and then sold the company to Permira; Permira later sold it to Adobe."
SvelteKit,0.0,147.0,An application framework powered by Svelte for building extremely high-performance web apps,"Svelte is a free and open-source front-end component framework and language created by Rich Harris and maintained by the Svelte core team members. Svelte is not a monolithic JavaScript library imported by applications: instead, Svelte compiles HTML templates to specialized code that manipulates the DOM directly, which may reduce the size of transferred files and give better client performance. Application code is also processed by the compiler, inserting calls to automatically recompute data and re-render UI elements when the data they depend on is modified. This also avoids the overhead associated with runtime intermediate representations, such as virtual DOM, unlike traditional frameworks (such as React and Vue) which carry out the bulk of their work at runtime, i.e. in the browser.The compiler itself is written in TypeScript. Its source code is licensed under MIT License and hosted on GitHub. Among comparable frontend libraries, Svelte has one of the smallest bundle footprint at merely 2KB."
Testcontainers,0.0,74.0,"A library that integrates Docker with testing libs - for databases, Selenium web browsers, or anything...",
Nix,0.0,386.0,A package manager for Linux and other Unix systems,Nix or NIX may refer to:
Patterns,0.0,32.0,A much faster way to build and deploy data apps,"A pattern is a regularity in the world, in human-made design, or in abstract ideas. As such, the elements of a pattern repeat in a predictable manner. A geometric pattern is a kind of pattern formed of geometric shapes and typically repeated like a wallpaper design.
Any of the senses may directly observe patterns. Conversely, abstract patterns in science, mathematics, or language may be observable only by analysis. Direct observation in practice means seeing visual patterns, which are widespread in nature and in art. Visual patterns in nature are often chaotic, rarely exactly repeating, and often involve fractals. Natural patterns include spirals, meanders, waves, foams, tilings, cracks, and those created by symmetries of rotation and reflection. Patterns have an underlying mathematical structure;: 6  indeed, mathematics can be seen as the search for regularities, and the output of any function is a mathematical pattern. Similarly in the sciences, theories explain and predict regularities in the world.
In art and architecture, decorations or visual motifs may be combined and repeated to form patterns designed to have a chosen effect on the viewer. In computer science, a software design pattern is a known solution to a class of problems in programming. In fashion, the pattern is a template used to create any number of similar garments.
In many areas of the decorative arts, from ceramics and textiles to wallpaper, ""pattern"" is used for an ornamental design that is manufactured, perhaps for many different shapes of object."
AWS IAM,26.0,1200.0,Securely control access to AWS services and resources for your users,
Magento,74.0,3090.0,"Flexible eCommerce solutions, a vibrant extensions marketplace and an open global ecosystem","Magento is an open-source e-commerce platform written in PHP. Magento source code is distributed under Open Software License. Magento was acquired by Adobe Inc in May 2018 for $1.68 billion.More than 150,000  online stores have been created on the platform. The platform code has been downloaded more than 2.5 million times, and $155 billion worth of goods were sold through Magento-based systems in 2019. As of April 2021, Magento holds a 2.32% market share in global e-commerce platforms.Roy Rubin, the former CEO of Varien, sold a share of the company to eBay, which eventually completely acquired and then sold the company to Permira; Permira later sold it to Adobe."
Mapbox,112.0,674.0,Design and publish beautiful maps,"Mapbox is an American provider of custom online maps for websites and applications such as Foursquare, Lonely Planet, the Financial Times, The Weather Channel, Instacart Inc. and Snapchat. Since 2010, it has rapidly expanded the niche of custom maps, as a response to the limited choice offered by map providers such as Google Maps.By 2020, Mapbox switched to a proprietary software license for most of the software it previously maintained as open source.
As of October 2020, Mapbox had a valuation of $1 billion."
Quasar Framework,397.0,437.0,Full front-end framework powered by Vue,
Solr,126.0,765.0,"A blazing-fast, open source enterprise search platform","Solr (pronounced ""solar"") is an open-source enterprise-search platform, written in Java. Its major features include full-text search, hit highlighting, faceted search, real-time indexing, dynamic clustering, database integration, NoSQL features and rich document (e.g., Word, PDF) handling. Providing distributed search and index replication, Solr is designed for scalability and fault tolerance. Solr is widely used for enterprise search and analytics use cases and has an active development community and regular releases.
Solr runs as a standalone full-text search server. It uses the Lucene Java search library at its core for full-text indexing and search, and has REST-like HTTP/XML and JSON APIs that make it usable from most popular programming languages. Solr's external configuration allows it to be tailored to many types of applications without Java coding, and it has a plugin architecture to support more advanced customization.
Apache Solr is developed in an open, collaborative manner by the Apache Solr project at the Apache Software Foundation."
SvelteKit,0.0,147.0,An application framework powered by Svelte for building extremely high-performance web apps,"Svelte is a free and open-source front-end component framework and language created by Rich Harris and maintained by the Svelte core team members. Svelte is not a monolithic JavaScript library imported by applications: instead, Svelte compiles HTML templates to specialized code that manipulates the DOM directly, which may reduce the size of transferred files and give better client performance. Application code is also processed by the compiler, inserting calls to automatically recompute data and re-render UI elements when the data they depend on is modified. This also avoids the overhead associated with runtime intermediate representations, such as virtual DOM, unlike traditional frameworks (such as React and Vue) which carry out the bulk of their work at runtime, i.e. in the browser.The compiler itself is written in TypeScript. Its source code is licensed under MIT License and hosted on GitHub. Among comparable frontend libraries, Svelte has one of the smallest bundle footprint at merely 2KB."
Bootsnap,0.0,188.0,"Boot large ruby/rails apps faster, by Shopify",
Dapper,6.0,125.0,A simple object mapper for .Net,Dapper may refer to:
Effe,0.0,65.0,A building block for an open source AWS lambda,"Stefan Effenberg (German pronunciation: [ˈʃtɛfan ˈʔɛfn̩bɛʁk]; born 2 August 1968) is a German former footballer who most recently acted as sporting director for KFC Uerdingen 05. A midfielder, he was known for his leadership skills, passing range, shooting ability, and physical strength, but was also a temperamental and controversial character.In the Bundesliga alone – where he represented Bayern Munich most notably, in six seasons and in two different spells – Effenberg collected 109 yellow cards, an all-time record at the time of his retirement. With Bayern, he won three Bundesligas and captained the club to the UEFA Champions League title in 2001.
In a career which was cut short after a run-in with the management, he played for Germany on more than 30 occasions, representing the nation in one World Cup and one European Championship. His nickname is Der Tiger (IPA: [deːɐ̯ ˈtiːɡɐ], ""the tiger"")."
Helm,18.0,1320.0,The Kubernetes Package Manager,Helm may refer to:
Q,0.0,161.0,A promise library for JavaScript,"Q, or q, is the seventeenth letter of the Latin alphabet, used in the modern English alphabet, the alphabets of other western European languages and others worldwide. Its name in English is pronounced , most commonly spelled cue, but also kew, kue and que."
shadcn UI,0.0,13.0,Beautifully designed components built with Radix UI and Tailwind CSS,
Nix,0.0,386.0,A package manager for Linux and other Unix systems,Nix or NIX may refer to:
Looker,9.0,568.0,"Pioneering the next generation of BI, data discovery & data analytics","Looker is a 1981 American science fiction film written and directed by Michael Crichton and starring Albert Finney, Susan Dey, and James Coburn. It follows a series of mysterious deaths plaguing the female models who have undergone cosmetic surgery from a renowned Los Angeles physician. The film is a suspense/science-fiction piece that comments upon and satirizes media, advertising, television's effects on the populace, and a ridiculous standard of beauty.
Though sparse in visual effects, the film is the first commercial film to attempt to make a computer-generated, three-dimensional, solid-looking model of a whole human body. However, as with its predecessors Futureworld, Star Wars, and Alien, this was an example of ""CGI representing CGI"", and only depicted on CRT screens in the film, rather than being used as a special effect. The model had no skeletal or facial movements and was not a character. Looker was also the first film to create three-dimensional (3D) shading with a computer, months before the release of the better-known Tron."
Astro,0.0,127.0,A static site builder that delivers lightning-fast performance,Astro may refer to:
ent,0.0,226.0,An entity framework for Go,"Ents are a species of sentient beings in J. R. R. Tolkien's fantasy world of Middle-earth who closely resemble trees; their leader is Treebeard of Fangorn forest. Their name is derived from an Old English word for ""giant"".
The Ents appear in The Lord of the Rings as ancient shepherds of the forest and allies of the free peoples of Middle-earth during the War of the Ring. The Ent who figures most prominently in the book is Treebeard, who is called the oldest creature in Middle-earth. At that time, there are no young Ents (Entings) because the Entwives (female Ents) were lost. Akin to Ents are Huorns, whom Treebeard describes as a transitional form of trees which become animated or, conversely, as Ents who grow more ""treelike"" over time.
Tolkien stated that he was disappointed by Shakespeare's handling of the coming of ""Great Birnam Wood to High Dunsinane hill""; he wanted a setting in which the trees would actually go to war. Commentators have seen this as wish-fulfilment, as he disliked the damage being done to the English countryside in his lifetime. Scholars have seen his tale of the Ents as a myth, mostly without analysing it. Corey Olsen interprets the song of the Ents and the Entwives as a myth which warns of the dangers of apathetically isolating oneself in nature, whereas the Ents' song ""In the willow-meads of Tasarinan"" is a lament.
Inspired by Tolkien and similar traditions, animated or anthropomorphic tree creatures appear in a variety of media and works of fantasy."
Buffer,101.0,464.0,"The easiest way to schedule tweets, Facebook posts and more",Buffer may refer to:
Microsoft 365,7.0,1360.0,Enterprise-class set of productivity tools and cloud-based email,"Microsoft 365  is a product family of productivity software, collaboration and cloud-based services owned by Microsoft. It encompasses online services such as Outlook.com, OneDrive, Microsoft Teams, programs formerly marketed under the name Microsoft Office (including applications such as Word, Excel, PowerPoint, and Outlook on Microsoft Windows, macOS, mobile devices, and on the web), enterprise products and services associated with these products such as Exchange Server, SharePoint, and Yammer. It also covers subscription plans encompassing these products, including those that include subscription-based licenses to desktop and mobile software, and hosted email and intranet services.
The branding Office 365 was introduced in 2010 to refer to a subscription-based software as a service platform for the corporate market, including hosted services such as Exchange, SharePoint, and Lync Server, and Office on the web. Some plans also included licenses for the Microsoft Office 2010 software. Upon the release of Office 2013, Microsoft began to promote the service as the primary distribution model for the Microsoft Office suite, adding consumer-focused plans integrating with services such as OneDrive and Skype, and emphasizing ongoing feature updates (as opposed to non-subscription licenses, where new versions require purchase of a new license, and do not receive feature updates).
In July 2017, Microsoft introduced a second brand of subscription services for the enterprise market known as Microsoft 365, combining Office 365 with Windows 10 Enterprise volume licenses and other cloud-based security and device management products. On April 21, 2020, Office 365 was rebranded as Microsoft 365, to emphasize the service's current inclusion of products and services beyond the core Microsoft Office software family (including cloud-based productivity tools and artificial intelligence features). Most products that were called Office 365 were renamed as Microsoft 365 on the same day. In October 2022, Microsoft announced that it would discontinue the ""Microsoft Office"" brand by January 2023, with most of its products and online productivity services being marketed primarily under the ""Microsoft 365"" brand. It continues to reside on the domain name office365.com, whereas personal (non-education/enterprise) accounts are on live.com."
Splunk,14.0,579.0,"Search, monitor, analyze and visualize machine data","Splunk Inc. is an American software company based in San Francisco, California, that produces software for searching, monitoring, and analyzing machine-generated data via a web-style interface.Its software helps capture, index and correlate real-time data in a searchable repository, from which it can generate graphs, reports, alerts, dashboards and visualizations. Splunk uses machine data for identifying data patterns, providing metrics, diagnosing problems and providing intelligence for business operations. Splunk is a horizontal technology used for application management, security and compliance, as well as business and web analytics.Splunk is due to be acquired by Cisco for $28 billion in an all-cash deal announced in September 2023."
Ember.js,775.0,1480.0,A JavaScript framework for creating ambitious web apps,"Ember.js is an open-source JavaScript web framework that utilizes a component-service pattern. It allows developers to create scalable single-page web applications by incorporating common idioms, best practices, and patterns from other single-page-app ecosystem patterns into the framework.Ember is used on many websites including HashiCorp, DigitalOcean, Apple Music, Square, Inc., Intercom, Discourse, Groupon, LinkedIn, Live Nation, Ghost, Nordstrom, and Twitch. Although primarily considered a framework for the web, it is also possible to build desktop and mobile applications with Ember when utilizing a hybrid app pattern. The most notable example of an Ember desktop application is Apple Music, a feature of the iTunes desktop application.The Ember trademark is owned by Tilde Inc."
three.js,0.0,643.0,A JavaScript 3D library,Three.js is a cross-browser JavaScript library and application programming interface (API) used to create and display animated 3D computer graphics in a web browser using WebGL. The source code is hosted in a repository on GitHub.
Consul,210.0,1100.0,"A tool for service discovery, monitoring and configuration","Consul (abbrev. cos.; Latin plural consules) was the title of one of the two chief magistrates of the Roman Republic, and subsequently also an important title under the Roman Empire. The title was used in other European city-states through antiquity and the Middle Ages, in particular in the Republics of Genoa and Pisa, then revived in modern states, notably in the First French Republic. The related adjective is consular, from the Latin consularis.
This usage contrasts with modern terminology, where a consul is a type of diplomat."
Sidekiq,407.0,1080.0,"Simple, efficient background processing for Ruby",Sidekiq is an open source background job framework written in Ruby.
D3.js,643.0,1730.0,A JavaScript visualization library for HTML and SVG,"D3.js (also known as D3, short for Data-Driven Documents) is a JavaScript library for producing dynamic, interactive data visualizations in web browsers. It makes use of Scalable Vector Graphics (SVG), HTML5, and Cascading Style Sheets (CSS) standards. It is the successor to the earlier Protovis framework. Its development was noted in 2011, as version 2.0.0 was released in August 2011. With the release of version 4.0.0 in June 2016, D3 was changed from a single library into a collection of smaller, modular libraries that can be used independently."
Base,0.0,27.0,All-in-one sales and customer management platform,Base or BASE may refer to:
Azure SQL Database,13.0,493.0,"Managed, intelligent SQL in the cloud",
Proxmox VE,41.0,298.0,Open-Source Virtualization Platform,"Proxmox Virtual Environment (Proxmox VE or PVE) is a hyper-converged infrastructure open-source software. It is a hosted hypervisor that can run operating systems including Linux and Windows on x64 hardware. It is a Debian-based Linux distribution with a modified Ubuntu LTS kernel and allows deployment and management of virtual machines and containers. Two types of virtualization are supported: container-based with LXC (starting from version 4.0 replacing OpenVZ used in version up to 3.4, included), and full virtualization with KVM.
It includes a web-based management interface. There is also mobile application available for controlling PVE environments."
Google reCaptcha,0.0,104.0,A free service that protects your website from spam and abuse,
three.js,0.0,643.0,A JavaScript 3D library,Three.js is a cross-browser JavaScript library and application programming interface (API) used to create and display animated 3D computer graphics in a web browser using WebGL. The source code is hosted in a repository on GitHub.
Echo,59.0,225.0,"High performance, extensible, minimalist Go web framework","In audio signal processing and acoustics, an echo is a reflection of sound that arrives at the listener with a delay after the direct sound. The delay is directly proportional to the distance of the reflecting surface from the source and the listener. Typical examples are the echo produced by the bottom of a well, by a building, or by the walls of an enclosed room and an empty room. A true echo is a single reflection of the sound source.
The word echo derives from the Greek ἠχώ (ēchō), itself from ἦχος (ēchos), ""sound"". Echo in the Greek folk story is a mountain nymph whose ability to speak was cursed, leaving her able only to repeat the last words spoken to her. Some animals use echo for location sensing and navigation, such as cetaceans (dolphins and whales) and bats in a process known as echolocation. Echoes are also the basis of Sonar technology."
WebdriverIO,40.0,313.0,Webdriver/Selenium 2.0 JavaScript bindings for Node.js,
OpenStack,129.0,768.0,Open source software for building private and public clouds,"OpenStack is a free, open standard cloud computing platform. It is mostly deployed as infrastructure-as-a-service (IaaS) in both public and private clouds where virtual servers and other resources are made available to users. The software platform consists of interrelated components that control diverse, multi-vendor hardware pools of processing, storage, and networking resources throughout a data center. Users manage it either through a web-based dashboard, through command-line tools, or through RESTful web services.
OpenStack began in 2010 as a joint project of Rackspace Hosting and NASA. As of 2012, it was managed by the OpenStack Foundation, a non-profit corporate entity established in September 2012 to promote OpenStack software and its community. By 2018, more than 500 companies had joined the project. In 2020 the foundation announced it would be renamed the Open Infrastructure Foundation in 2021."
Let's Encrypt,98.0,1640.0,"A free, automated, and open Certificate Authority (CA)","Let's Encrypt is a non-profit certificate authority run by Internet Security Research Group (ISRG) that provides X.509 certificates for Transport Layer Security (TLS) encryption at no charge. It is the world's largest certificate authority, used by more than 300 million websites, with the goal of all websites being secure and using HTTPS. The Internet Security Research Group (ISRG), the provider of the service, is a public benefit organization. Major sponsors include the Electronic Frontier Foundation (EFF), the Mozilla Foundation, OVH, Cisco Systems, Facebook, Google Chrome, Internet Society, AWS, NGINX, and Bill and Melinda Gates Foundation. Other partners include the certificate authority IdenTrust, the University of Michigan (U-M), and the Linux Foundation."
Leaflet,107.0,1330.0,JavaScript library for mobile-friendly interactive maps,"Leaflet may refer to:

Leaflet (botany), part of a compound leaf
Leaflet (software), a JavaScript library for interactive maps
Pamphlet, a type of publication
Folded leaflet
Flyer (pamphlet)
Airborne leaflet propaganda
Cusps of heart valves, also known as leaflets
Any of two layers of lipid bilayer, including biological membrane"
Sidekiq,407.0,1080.0,"Simple, efficient background processing for Ruby",Sidekiq is an open source background job framework written in Ruby.
D3.js,643.0,1730.0,A JavaScript visualization library for HTML and SVG,"D3.js (also known as D3, short for Data-Driven Documents) is a JavaScript library for producing dynamic, interactive data visualizations in web browsers. It makes use of Scalable Vector Graphics (SVG), HTML5, and Cascading Style Sheets (CSS) standards. It is the successor to the earlier Protovis framework. Its development was noted in 2011, as version 2.0.0 was released in August 2011. With the release of version 4.0.0 in June 2016, D3 was changed from a single library into a collection of smaller, modular libraries that can be used independently."
AWS Cloud Development Kit,0.0,184.0,A framework for defining cloud infrastructure in code,"The AWS Cloud Development Kit (AWS CDK) is an open-source software development framework developed by Amazon Web Services (AWS) for defining and provisioning cloud infrastructure resources using familiar programming languages. The AWS CDK aims to improve the experience of working with Infrastructure as Code by providing higher-level, reusable constructs that enable developers to create and manage AWS resources more efficiently and with less boilerplate code compared to traditional configuration files like AWS CloudFormation templates."
Blockchain,0.0,355.0,An incredibly easy method for websites to send and receive bitcoin payments,"A blockchain is a distributed ledger with growing lists of records (blocks) that are securely linked together via cryptographic hashes. Each block contains a cryptographic hash of the previous block, a timestamp, and transaction data (generally represented as a Merkle tree, where data nodes are represented by leaves). Since each block contains information about the previous block, they effectively form a chain (compare linked list data structure), with each additional block linking to the ones before it. Consequently, blockchain transactions are irreversible in that, once they are recorded, the data in any given block cannot be altered retroactively without altering all subsequent blocks.
Blockchains are typically managed by a peer-to-peer (P2P) computer network for use as a public distributed ledger, where nodes collectively adhere to a consensus algorithm protocol to add and validate new transaction blocks. Although blockchain records are not unalterable, since blockchain forks are possible, blockchains may be considered secure by design and exemplify a distributed computing system with high Byzantine fault tolerance.A blockchain was created by a person (or group of people) using the name (or pseudonym) Satoshi Nakamoto in 2008 to serve as the public distributed ledger for bitcoin cryptocurrency transactions, based on previous work by Stuart Haber, W. Scott Stornetta, and Dave Bayer. The implementation of the blockchain within bitcoin made it the first digital currency to solve the double-spending problem without the need of a trusted authority or central server. The bitcoin design has inspired other applications and blockchains that are readable by the public and are widely used by cryptocurrencies. The blockchain may be considered a type of payment rail.Private blockchains have been proposed for business use. Computerworld called the marketing of such privatized blockchains without a proper security model ""snake oil""; however, others have argued that permissioned blockchains, if carefully designed, may be more decentralized and therefore more secure in practice than permissionless ones."
Base,0.0,27.0,All-in-one sales and customer management platform,Base or BASE may refer to:
Azure SQL Database,13.0,493.0,"Managed, intelligent SQL in the cloud",
1Password,20.0,421.0,Streamline how you manage passwords and development secrets throughout your workflows.,"1Password is a password manager developed by the Canadian software company AgileBits Inc. It supports multiple platforms such as iOS, Android, Windows, Linux, and macOS. It provides a place for users to store various passwords, software licenses, and other sensitive information in a virtual vault that is locked with a PBKDF2-guarded master password. By default, the user’s encrypted vault is hosted on AgileBits’ servers for a monthly fee."
Adobe Photoshop,56.0,2150.0,"The industry standard in design, photography, video editing & more","Adobe Photoshop is a raster graphics editor developed and published by Adobe Inc. for Windows and macOS. It was originally created in 1987 by Thomas and John Knoll.  Since then, the software has become the most used tool for professional digital art, especially in raster graphics editing.  The software's name is often colloquially used as a verb (e.g. ""to photoshop an image"", ""photoshopping"", and ""photoshop contest"") although Adobe discourages such use.Photoshop can edit and compose raster images in multiple layers and supports masks, alpha compositing and several color models.  Photoshop uses its own PSD and PSB file formats to support these features. In addition to raster graphics, Photoshop has limited abilities to edit or render text and vector graphics (especially through clipping path for the latter), as well as 3D graphics and video.  Its feature set can be expanded by plug-ins; programs developed and distributed independently of Photoshop that run inside it and offer new or enhanced features.
Photoshop's naming scheme was initially based on version numbers. However, in October 2002 (following the introduction of Creative Suite branding), each new version of Photoshop was designated with ""CS"" plus a number; e.g., the eighth major version of Photoshop was Photoshop CS and the ninth was Photoshop CS2. Photoshop CS3 through CS6 were also distributed in two different editions: Standard and Extended. With the introduction of the Creative Cloud branding in June 2013 (and in turn, the change of the ""CS"" suffix to ""CC""), Photoshop's licensing scheme was changed to that of software as a service subscription model. Historically, Photoshop was bundled with additional software such as Adobe ImageReady, Adobe Fireworks, Adobe Bridge, Adobe Device Central and Adobe Camera RAW.
Alongside Photoshop, Adobe also develops and publishes Photoshop Elements, Photoshop Lightroom, Photoshop Express,  Photoshop Fix,  Adobe Illustrator, and Photoshop Mix. As of November 2019, Adobe has also released a full version of Photoshop for the iPad, and while initially limited, Adobe plans to bring more features to Photoshop for iPad. Collectively, they are branded as ""The Adobe Photoshop Family""."
MongoDB Atlas,33.0,819.0,Deploy and scale a MongoDB cluster in the cloud with just a few clicks,
Playwright,76.0,316.0,"Node library to automate Chromium, Firefox and WebKit with a single API (By Microsoft)",A playwright or dramatist is a person who writes plays.
scikit-learn,44.0,1130.0,Easy-to-use and general-purpose machine learning in Python,"scikit-learn (formerly scikits.learn and also known as sklearn) is a free software machine learning library for the Python programming language.
It features various classification, regression and clustering algorithms including support-vector machines, random forests, gradient boosting, k-means and DBSCAN, and is designed to interoperate with the Python numerical and scientific libraries NumPy and SciPy. Scikit-learn is a NumFOCUS fiscally sponsored project."
Hyper,0.0,140.0,"On-Demand Container, Per-Second Billing",Hyper may refer to:
Okta,65.0,392.0,"Enterprise-grade identity management for all your apps, users & devices","In meteorology, an okta is a unit of measurement used to describe the amount of cloud cover at any given location such as a weather station. Sky conditions are estimated in terms of how many eighths of the sky are covered in cloud, ranging from 0 oktas (completely clear sky) through to 8 oktas (completely overcast). In  addition, in the SYNOP code there is an extra cloud cover indicator '9' indicating that the sky is totally obscured (i.e. hidden from view), usually due to dense fog or heavy snow.When used in weather charts, okta measurements are shown by means of graphic symbols (rather than numerals) contained within weather circles, to which are attached further symbols indicating other measured data such as wind speed and wind direction.Although relatively straightforward to measure (visually, for instance, by using a mirror), oktas only estimate cloud cover in terms of the area of the sky covered by clouds. They do not account for cloud type or thickness, and this limits their use for estimating cloud albedo or surface solar radiation receipt.
Cloud oktas can also be measured using satellite imagery from geostationary satellites equipped with high-resolution image sensors such as Himawari-8. Similar to traditional approaches, satellite images do not account for cloud composition.
Oktas are often referenced in aviation weather forecasts and low level forecasts: SKC = Sky clear (0 oktas); FEW = Few (1 to 2 oktas); SCT = Scattered (3 to 4 oktas); BKN = Broken (5 to 7 oktas); OVC = Overcast (8 oktas); NSC = nil significant cloud; CAVOK = ceiling and visibility okay."
Render,147.0,215.0,A unified platform to build and run all your apps and websites,"Render, rendered, or rendering may refer to:"
Zuul,8.0,210.0,"An edge service that provides dynamic routing, monitoring, resiliency, security, and more","Zuul is a genus of herbivorous ankylosaurine dinosaur from the Campanian Judith River Formation of Montana. The type species is Zuul crurivastator. It is known from a complete skull and tail, which represents the first ankylosaurin known from a complete skull and tail club, as well as the most complete ankylosaurid specimen thus far recovered from North America. The specimen also preserved in situ osteoderms, keratin, and skin remains."
Rancher,644.0,927.0,Open Source Platform for Running a Private Container Service,"A ranch (from Spanish: rancho/Mexican Spanish) is an area of land, including various structures, given primarily to ranching, the practice of raising grazing livestock such as cattle and sheep. It is a subtype of farm. These terms are most often applied to livestock-raising operations in Mexico, the Western United States and Western Canada, though there are ranches in other areas. People who own or operate a ranch are called ranchers, cattlemen, or stockgrowers. Ranching is also a method used to raise less common livestock such as horses, elk, American bison, ostrich, emu, and alpaca.Ranches generally consist of large areas, but may be of nearly any size. In the western United States, many ranches are a combination of privately owned land supplemented by grazing leases on land under the control of the federal Bureau of Land Management or the United States Forest Service. If the ranch includes arable or irrigated land, the ranch may also engage in a limited amount of farming, raising crops for feeding the animals, such as hay and feed grains.Ranches that cater exclusively to tourists are called guest ranches or, colloquially, ""dude ranches"". Most working ranches do not cater to guests, though they may allow private hunters or outfitters onto their property to hunt native wildlife. However, in recent years, a few struggling smaller operations have added some dude ranch features such as horseback rides, cattle drives, and guided hunting to bring in additional income. Ranching is part of the iconography of the ""Wild West"" as seen in Western movies and rodeos."
Keras,22.0,1060.0,Deep Learning library for Theano and TensorFlow,"Keras is an open-source library that provides a Python interface for artificial neural networks. Keras acts as an interface for the TensorFlow library.
Up until version 2.3, Keras supported multiple backends, including TensorFlow, Microsoft Cognitive Toolkit, Theano, and PlaidML. As of version 2.4, only TensorFlow is supported. However, starting with version 3.0 (including its preview version, Keras Core), Keras will become multi-backend again, supporting TensorFlow, JAX, and PyTorch. Designed to enable fast experimentation with deep neural networks, it focuses on being user-friendly, modular, and extensible. It was developed as part of the research effort of project ONEIROS (Open-ended Neuro-Electronic Intelligent Robot Operating System), and its primary author and maintainer is François Chollet, a Google engineer. Chollet is also the author of the Xception deep neural network model."
Okta,65.0,392.0,"Enterprise-grade identity management for all your apps, users & devices","In meteorology, an okta is a unit of measurement used to describe the amount of cloud cover at any given location such as a weather station. Sky conditions are estimated in terms of how many eighths of the sky are covered in cloud, ranging from 0 oktas (completely clear sky) through to 8 oktas (completely overcast). In  addition, in the SYNOP code there is an extra cloud cover indicator '9' indicating that the sky is totally obscured (i.e. hidden from view), usually due to dense fog or heavy snow.When used in weather charts, okta measurements are shown by means of graphic symbols (rather than numerals) contained within weather circles, to which are attached further symbols indicating other measured data such as wind speed and wind direction.Although relatively straightforward to measure (visually, for instance, by using a mirror), oktas only estimate cloud cover in terms of the area of the sky covered by clouds. They do not account for cloud type or thickness, and this limits their use for estimating cloud albedo or surface solar radiation receipt.
Cloud oktas can also be measured using satellite imagery from geostationary satellites equipped with high-resolution image sensors such as Himawari-8. Similar to traditional approaches, satellite images do not account for cloud composition.
Oktas are often referenced in aviation weather forecasts and low level forecasts: SKC = Sky clear (0 oktas); FEW = Few (1 to 2 oktas); SCT = Scattered (3 to 4 oktas); BKN = Broken (5 to 7 oktas); OVC = Overcast (8 oktas); NSC = nil significant cloud; CAVOK = ceiling and visibility okay."
Base,0.0,27.0,All-in-one sales and customer management platform,Base or BASE may refer to:
LLaMA,0.0,9.0,"A foundational, 65-billion-parameter large language model (By Facebook)","LLaMA (Large Language Model Meta AI) is a family of large language models (LLMs), released by Meta AI starting in February 2023. 
For the first version of LLaMA, four model sizes were trained: 7, 13, 33 and 65 billion parameters. LLaMA's developers reported that the 13B parameter model's performance on most NLP benchmarks exceeded that of the much larger GPT-3 (with 175B parameters) and that the largest model was competitive with state of the art models such as PaLM and Chinchilla. Whereas the most powerful LLMs have generally been accessible only through limited APIs (if at all), Meta released LLaMA's model weights to the research community under a noncommercial license. Within a week of LLaMA's release, its weights were leaked to the public on 4chan via BitTorrent.In July 2023, Meta released several models as Llama 2, using 7, 13 and 70 billion parameters."
Amazon Kinesis,9.0,713.0,Store and process terabytes of data each hour from hundreds of thousands of sources,"Amazon Kinesis is a family of services provided by Amazon Web Services (AWS) for processing and analyzing real-time streaming data at a large scale. Launched in November 2013, it offers developers the ability to build applications that can consume and process data from multiple sources simultaneously. Kinesis supports multiple use cases, including real-time analytics, log and event data collection, and real-time processing of data generated by IoT devices."
Azure SQL Database,13.0,493.0,"Managed, intelligent SQL in the cloud",
Appium,28.0,543.0,Automation for iOS and Android Apps,"Appium is an open source automation tool for running scripts and testing native applications, mobile-web applications and hybrid applications on Android or iOS using a webdriver."
Keras,22.0,1060.0,Deep Learning library for Theano and TensorFlow,"Keras is an open-source library that provides a Python interface for artificial neural networks. Keras acts as an interface for the TensorFlow library.
Up until version 2.3, Keras supported multiple backends, including TensorFlow, Microsoft Cognitive Toolkit, Theano, and PlaidML. As of version 2.4, only TensorFlow is supported. However, starting with version 3.0 (including its preview version, Keras Core), Keras will become multi-backend again, supporting TensorFlow, JAX, and PyTorch. Designed to enable fast experimentation with deep neural networks, it focuses on being user-friendly, modular, and extensible. It was developed as part of the research effort of project ONEIROS (Open-ended Neuro-Electronic Intelligent Robot Operating System), and its primary author and maintainer is François Chollet, a Google engineer. Chollet is also the author of the Xception deep neural network model."
UglifyJS,0.0,417.0,"A JavaScript parser, minifier, compressor and beautifier toolkit.","Minification (also minimisation or minimization) is the process of removing all unnecessary characters from the source code of interpreted programming languages or markup languages without changing its functionality. These unnecessary characters usually include white space characters, new line characters, comments, and sometimes block delimiters, which are used to add readability to the code but are not required for it to execute. Minification reduces the size of the source code, making its transmission over a network (e.g. the Internet) more efficient. In programmer culture, aiming at extremely minified source code is the purpose of recreational code golf competitions.
Minification can be distinguished from the more general concept of data compression in that the minified source can be interpreted immediately without the need for an uncompression step: the same interpreter can work with both the original as well as with the minified source.
The goals of minification are not the same as the goals of obfuscation; the former is often intended to be reversed using a pretty-printer or unminifier. However, to achieve its goals, minification sometimes uses techniques also used by obfuscation; for example, shortening variable names and refactoring the source code. When minification uses such techniques, the pretty-printer or unminifier can only fully reverse the minification process if it is supplied details of the transformations done by such techniques. If not supplied those details, the reversed source code will contain different variable names and control flow, even though it will have the same functionality as the original source code."
Chroma,0.0,8.0,The AI-native open-source embedding database,"Chroma, which is Greek for color (χρώμα), may refer to:"
Requests,0.0,112.0,Elegant and simple HTTP library for Python,"Request may refer to:

a question, a request for information
a petition, a formal document demanding something that is submitted to an authority.Request may also refer to:"
Dagster,0.0,14.0,"An orchestration platform for the development, production, and observation of data assets",
CUDA,0.0,372.0,It provides everything you need to develop GPU-accelerated applications,"CUDA (or Compute Unified Device Architecture) is a proprietary and closed source parallel computing platform and application programming interface (API) that allows software to use certain types of graphics processing units (GPUs) for general purpose processing, an approach called general-purpose computing on GPUs (GPGPU). CUDA is a software layer that gives direct access to the GPU's virtual instruction set and parallel computational elements, for the execution of compute kernels.CUDA is designed to work with programming languages such as C, C++, and Fortran. This accessibility makes it easier for specialists in parallel programming to use GPU resources, in contrast to prior APIs like Direct3D and OpenGL, which required advanced skills in graphics programming. CUDA-powered GPUs also support programming frameworks such as OpenMP, OpenACC and OpenCL; and HIP by compiling such code to CUDA.
CUDA was created by Nvidia. When it was first introduced, the name was an acronym for Compute Unified Device Architecture, but Nvidia later dropped the common use of the acronym."
react-testing-library,4.0,253.0,A lightweight solution for testing React components,
Adobe Photoshop,56.0,2150.0,"The industry standard in design, photography, video editing & more","Adobe Photoshop is a raster graphics editor developed and published by Adobe Inc. for Windows and macOS. It was originally created in 1987 by Thomas and John Knoll.  Since then, the software has become the most used tool for professional digital art, especially in raster graphics editing.  The software's name is often colloquially used as a verb (e.g. ""to photoshop an image"", ""photoshopping"", and ""photoshop contest"") although Adobe discourages such use.Photoshop can edit and compose raster images in multiple layers and supports masks, alpha compositing and several color models.  Photoshop uses its own PSD and PSB file formats to support these features. In addition to raster graphics, Photoshop has limited abilities to edit or render text and vector graphics (especially through clipping path for the latter), as well as 3D graphics and video.  Its feature set can be expanded by plug-ins; programs developed and distributed independently of Photoshop that run inside it and offer new or enhanced features.
Photoshop's naming scheme was initially based on version numbers. However, in October 2002 (following the introduction of Creative Suite branding), each new version of Photoshop was designated with ""CS"" plus a number; e.g., the eighth major version of Photoshop was Photoshop CS and the ninth was Photoshop CS2. Photoshop CS3 through CS6 were also distributed in two different editions: Standard and Extended. With the introduction of the Creative Cloud branding in June 2013 (and in turn, the change of the ""CS"" suffix to ""CC""), Photoshop's licensing scheme was changed to that of software as a service subscription model. Historically, Photoshop was bundled with additional software such as Adobe ImageReady, Adobe Fireworks, Adobe Bridge, Adobe Device Central and Adobe Camera RAW.
Alongside Photoshop, Adobe also develops and publishes Photoshop Elements, Photoshop Lightroom, Photoshop Express,  Photoshop Fix,  Adobe Illustrator, and Photoshop Mix. As of November 2019, Adobe has also released a full version of Photoshop for the iPad, and while initially limited, Adobe plans to bring more features to Photoshop for iPad. Collectively, they are branded as ""The Adobe Photoshop Family""."
Azure Key Vault,0.0,87.0,Safeguard cryptographic keys and other secrets used by cloud apps and services,
YAML,0.0,358.0,A straightforward machine parsable data serialization format designed for human readability and intera...,"YAML () (see § History and name) is a human-readable data serialization language. It is commonly used for configuration files and in applications where data is being stored or transmitted. YAML targets many of the same communications applications as Extensible Markup Language (XML) but has a minimal syntax which intentionally differs from Standard Generalized Markup Language (SGML). It uses both Python-style indentation to indicate nesting, and a more compact format that uses [...] for lists and {...} for maps but forbids tab characters to use as indentation thus only some JSON files are valid YAML 1.2.Custom data types are allowed, but YAML natively encodes scalars (such as strings, integers, and floats), lists, and associative arrays (also known as maps, dictionaries or hashes). These data types are based on the Perl programming language, though all commonly used high-level programming languages share very similar concepts. The colon-centered syntax, used for expressing key-value pairs, is inspired by electronic mail headers as defined in RFC 822, and the document separator --- is borrowed from MIME (RFC 2046). Escape sequences are reused from C, and whitespace wrapping for multi-line strings is inspired by HTML.  Lists and hashes can contain nested lists and hashes, forming a tree structure; arbitrary graphs can be represented using YAML aliases (similar to XML in SOAP). YAML is intended to be read and written in streams, a feature inspired by SAX.Support for reading and writing YAML is available for many programming languages. Some source-code editors such as Vim, Emacs, and various integrated development environments have features that make editing YAML easier, such as folding up nested structures or automatically highlighting syntax errors.
The official recommended filename extension for YAML files has been .yaml since 2006."
Solito,0.0,3.0,"A library dedicated to unifying React Native with Next.js, primarily focused on navigation",
reselect,0.0,164.0,Selector library for Redux,
Nodemailer,0.0,129.0,A module for Node.js applications to allow email sending,
OpenStreetMap,56.0,247.0,The free editable map of the whole world,"OpenStreetMap (OSM) is a free, open geographic database updated and maintained by a community of volunteers via open collaboration. Contributors collect data from surveys, trace from aerial imagery and also import from other freely licensed geodata sources. OpenStreetMap is freely licensed under the Open Database License and as a result commonly used to make electronic maps, inform turn-by-turn navigation, assist in humanitarian aid and data visualisation. OpenStreetMap uses its own topology to store geographical features which can then be exported into other GIS file formats. The OpenStreetMap website itself is an online map, geodata search engine and editor.
OpenStreetMap was created by Steve Coast in response to the Ordnance Survey, the United Kingdom's national mapping agency, failing to release its data to the public under free licences in 2004. Initially, maps were created only via GPS traces, but it was quickly populated by importing public domain geographical data such as the U.S. TIGER and by tracing permitted aerial photography or satellite imagery. OpenStreetMap's adoption was accelerated by Google Maps's introduction of pricing in 2012 and the development of supporting software and applications.
The database is hosted by the OpenStreetMap Foundation, a non-profit organisation registered in England and Wales and is funded mostly via donations. Meta (formerly Facebook) launched its distribution called Daylight, based on OSM in 2020. Overture released their first reliable open map data based on OSM and other sources in July 2023."
Haskell,527.0,1330.0,An advanced purely-functional programming language,"Haskell () is a general-purpose, statically-typed, purely functional programming language with type inference and lazy evaluation. Designed for teaching, research, and industrial applications, Haskell has pioneered a number of programming language features such as type classes, which enable type-safe operator overloading, and monadic input/output (IO). It is named after logician Haskell Curry. Haskell's main implementation is the Glasgow Haskell Compiler (GHC).
Haskell's semantics are historically based on those of the Miranda programming language, which served to focus the efforts of the initial Haskell working group. The last formal specification of the language was made in July 2010, while the development of GHC continues to expand Haskell via language extensions.
Haskell is used in academia and industry. As of May 2021, Haskell was the 28th most popular programming language by Google searches for tutorials,  and made up less than 1% of active users on the GitHub source code repository."
Castle Core,0.0,64.0,It provides common Castle Project abstractions including logging services,
Monit,0.0,99.0,"A free, open-source process supervision tool","Monit is a free, open-source process supervision tool for Unix and Linux. With Monit, system status can be viewed directly from the command line, or via the native HTTP(S) web server. Monit is able to do automatic maintenance, repair, and run meaningful causal actions in error situations. Monit rose to popularity with Ruby on Rails and the Mongrel web server, because a tool was needed that could manage the many identical Mongrel processes that needed to be run to support a scalable Ruby on Rails site, and Monit was fairly uniquely suited for the needs of the Ruby on Rails community. Many popular Rails sites have used Monit, including Twitter and scribd.Monit can restart a process automatically if process dies or monitor process characteristics, such as  memory or cpu cycles and alert by email or execute and action.Additionally M/Monit can monitor and manage distributed computer systems, M/Monit uses Monit as an agent and can manage and monitor. M/Monit is proprietary software."
Hyper,0.0,140.0,"On-Demand Container, Per-Second Billing",Hyper may refer to:
HSQLDB,0.0,167.0,Leading SQL relational database software written in Java,"HSQLDB (Hyper SQL Database) is a relational database management system written in Java. It has a JDBC driver and supports a large subset of SQL-92, SQL:2008, SQL:2011, and SQL:2016 standards. It offers a fast, small (around 1300 kilobytes in version 2.2) database engine which offers both in-memory and disk-based tables. Both embedded and server modes are available.
Additionally, it includes tools such as a minimal Web server, command line and GUI management tools (can be run as applets), and a number of demonstration examples. It can run on Java runtimes from version 1.1 upwards, including free Java implementations such as Kaffe.
HSQLDB is available under a BSD license. It is used as a database and persistence engine in many open source software projects, such as descendants of OpenOffice.org Base (i.e., Apache OpenOffice Base, LibreOffice Base, etc.), and the Jitsi VoIP and video-conference client since version 2.6. It is also used in commercial products, such as Mathematica and InstallAnywhere (starting with version 8.0)."
OpenStreetMap,56.0,247.0,The free editable map of the whole world,"OpenStreetMap (OSM) is a free, open geographic database updated and maintained by a community of volunteers via open collaboration. Contributors collect data from surveys, trace from aerial imagery and also import from other freely licensed geodata sources. OpenStreetMap is freely licensed under the Open Database License and as a result commonly used to make electronic maps, inform turn-by-turn navigation, assist in humanitarian aid and data visualisation. OpenStreetMap uses its own topology to store geographical features which can then be exported into other GIS file formats. The OpenStreetMap website itself is an online map, geodata search engine and editor.
OpenStreetMap was created by Steve Coast in response to the Ordnance Survey, the United Kingdom's national mapping agency, failing to release its data to the public under free licences in 2004. Initially, maps were created only via GPS traces, but it was quickly populated by importing public domain geographical data such as the U.S. TIGER and by tracing permitted aerial photography or satellite imagery. OpenStreetMap's adoption was accelerated by Google Maps's introduction of pricing in 2012 and the development of supporting software and applications.
The database is hosted by the OpenStreetMap Foundation, a non-profit organisation registered in England and Wales and is funded mostly via donations. Meta (formerly Facebook) launched its distribution called Daylight, based on OSM in 2020. Overture released their first reliable open map data based on OSM and other sources in July 2023."
YAML,0.0,358.0,A straightforward machine parsable data serialization format designed for human readability and intera...,"YAML () (see § History and name) is a human-readable data serialization language. It is commonly used for configuration files and in applications where data is being stored or transmitted. YAML targets many of the same communications applications as Extensible Markup Language (XML) but has a minimal syntax which intentionally differs from Standard Generalized Markup Language (SGML). It uses both Python-style indentation to indicate nesting, and a more compact format that uses [...] for lists and {...} for maps but forbids tab characters to use as indentation thus only some JSON files are valid YAML 1.2.Custom data types are allowed, but YAML natively encodes scalars (such as strings, integers, and floats), lists, and associative arrays (also known as maps, dictionaries or hashes). These data types are based on the Perl programming language, though all commonly used high-level programming languages share very similar concepts. The colon-centered syntax, used for expressing key-value pairs, is inspired by electronic mail headers as defined in RFC 822, and the document separator --- is borrowed from MIME (RFC 2046). Escape sequences are reused from C, and whitespace wrapping for multi-line strings is inspired by HTML.  Lists and hashes can contain nested lists and hashes, forming a tree structure; arbitrary graphs can be represented using YAML aliases (similar to XML in SOAP). YAML is intended to be read and written in streams, a feature inspired by SAX.Support for reading and writing YAML is available for many programming languages. Some source-code editors such as Vim, Emacs, and various integrated development environments have features that make editing YAML easier, such as folding up nested structures or automatically highlighting syntax errors.
The official recommended filename extension for YAML files has been .yaml since 2006."
Haskell,527.0,1330.0,An advanced purely-functional programming language,"Haskell () is a general-purpose, statically-typed, purely functional programming language with type inference and lazy evaluation. Designed for teaching, research, and industrial applications, Haskell has pioneered a number of programming language features such as type classes, which enable type-safe operator overloading, and monadic input/output (IO). It is named after logician Haskell Curry. Haskell's main implementation is the Glasgow Haskell Compiler (GHC).
Haskell's semantics are historically based on those of the Miranda programming language, which served to focus the efforts of the initial Haskell working group. The last formal specification of the language was made in July 2010, while the development of GHC continues to expand Haskell via language extensions.
Haskell is used in academia and industry. As of May 2021, Haskell was the 28th most popular programming language by Google searches for tutorials,  and made up less than 1% of active users on the GitHub source code repository."
reselect,0.0,164.0,Selector library for Redux,
Dagster,0.0,14.0,"An orchestration platform for the development, production, and observation of data assets",
Hyper,0.0,140.0,"On-Demand Container, Per-Second Billing",Hyper may refer to:
HSQLDB,0.0,167.0,Leading SQL relational database software written in Java,"HSQLDB (Hyper SQL Database) is a relational database management system written in Java. It has a JDBC driver and supports a large subset of SQL-92, SQL:2008, SQL:2011, and SQL:2016 standards. It offers a fast, small (around 1300 kilobytes in version 2.2) database engine which offers both in-memory and disk-based tables. Both embedded and server modes are available.
Additionally, it includes tools such as a minimal Web server, command line and GUI management tools (can be run as applets), and a number of demonstration examples. It can run on Java runtimes from version 1.1 upwards, including free Java implementations such as Kaffe.
HSQLDB is available under a BSD license. It is used as a database and persistence engine in many open source software projects, such as descendants of OpenOffice.org Base (i.e., Apache OpenOffice Base, LibreOffice Base, etc.), and the Jitsi VoIP and video-conference client since version 2.6. It is also used in commercial products, such as Mathematica and InstallAnywhere (starting with version 8.0)."
Amplitude,36.0,867.0,User analytics to fuel explosive user growth,"The amplitude of a periodic variable is a measure of its change in a single period (such as time or spatial period). The amplitude of a non-periodic signal is its magnitude compared with a reference value. There are various definitions of amplitude (see below), which are all functions of the magnitude of the differences between the variable's extreme values. In older texts, the phase of a periodic function is sometimes called the amplitude."
Tornado,167.0,402.0,"A Python web framework and asynchronous networking library, originally developed at FriendFeed","A tornado is a violently rotating column of air that is in contact with both the surface of the Earth and a cumulonimbus cloud or, in rare cases, the base of a cumulus cloud. It is often referred to as a twister, whirlwind or cyclone, although the word cyclone is used in meteorology to name a weather system with a low-pressure area in the center around which, from an observer looking down toward the surface of the Earth, winds blow counterclockwise in the Northern Hemisphere and clockwise in the Southern. Tornadoes come in many shapes and sizes, and they are often (but not always) visible in the form of a condensation funnel originating from the base of a cumulonimbus cloud, with a cloud of rotating debris and dust beneath it. Most tornadoes have wind speeds less than 180 kilometers per hour (110 miles per hour), are about 80 meters (250 feet) across, and travel several kilometers (a few miles) before dissipating. The most extreme tornadoes can attain wind speeds of more than 480 kilometers per hour (300 mph), are more than 3 kilometers (2 mi) in diameter, and stay on the ground for more than 100 km (62 mi).Various types of tornadoes include the multiple-vortex tornado, landspout, and waterspout. Waterspouts are characterized by a spiraling funnel-shaped wind current, connecting to a large cumulus or cumulonimbus cloud. They are generally classified as non-supercellular tornadoes that develop over bodies of water, but there is disagreement over whether to classify them as true tornadoes. These spiraling columns of air frequently develop in tropical areas close to the equator and are less common at high latitudes. Other tornado-like phenomena that exist in nature include the gustnado, dust devil, fire whirl, and steam devil.
Tornadoes occur most frequently in North America (particularly in central and southeastern regions of the United States colloquially known as Tornado Alley; the United States and Canada have by far the most tornadoes of any countries in the world). Tornadoes also occur in South Africa, much of Europe (except Spain, most of the Alps, Balkans, and northern Scandinavia), western and eastern Australia, New Zealand, Bangladesh and adjacent eastern India, Japan, the Philippines, and southeastern South America (Uruguay and Argentina). Tornadoes can be detected before or as they occur through the use of pulse-Doppler radar by recognizing patterns in velocity and reflectivity data, such as hook echoes or debris balls, as well as through the efforts of storm spotters."
Castle Core,0.0,64.0,It provides common Castle Project abstractions including logging services,
Azure Active Directory,6.0,381.0,Identity and access management for the cloud,"Microsoft Entra ID (formerly Microsoft Azure Active Directory or Azure AD) is a cloud-based identity and access management (IAM) solution. It is a directory and identity management service that operates in the cloud and offers authentication and authorization services to various Microsoft services such as Microsoft 365, Dynamics 365, and Microsoft Azure. Entra ID provides users with single sign-on experience, regardless of whether their applications are cloud-based or on-premises.
Entra ID offers many authentication methods, including password-based, multi-factor, smart card, and certificate-based authentication. It also includes several security features, such as Conditional Access policies, risk-based authentication, and identity protection.On July 11, 2023, Microsoft announced the renaming of Azure AD to Microsoft Entra ID to improve consistency with other Microsoft cloud products. This decision received a largely negative response from the security community. The name change took place on July 15, 2023."
Nodemailer,0.0,129.0,A module for Node.js applications to allow email sending,
Immutable.js,17.0,324.0,"Immutable persistent data collections for Javascript which increase efficiency and simplicity, by Face...",
Crashlytics,340.0,1010.0,"The world's most powerful, yet lightest weight crash reporting solution. Free for everybody.","Crashlytics was a Boston, Massachusetts-based software company founded in May 2011 by entrepreneurs Wayne Chang and Jeff Seibert. Crashlytics helps collecting, analyzing and organizing app crash reports. 
Its main product is a software development kit for crash reporting, application logging, online review and statistical analysis of application logs. It supports iOS, Android and Unity.
In January 2013, Twitter acquired Crashlytics for over $100 million. Most of the package was in stock vesting over four years with an upfront payment of $38.2 million in common Twitter stock.In January 2017, Google announced that it signed an agreement to acquire Crashlytics and its offspring creations including Fabric and Answers. The acquisition would bolster its existing efforts in mobile by becoming part of the Firebase platform and known as Firebase Crashlytics."
MATLAB,37.0,869.0,"A high-level language and interactive environment for numerical computation, visualization, and progra...","MATLAB (an abbreviation of ""MATrix LABoratory"") is a proprietary multi-paradigm programming language and numeric computing environment developed by MathWorks. MATLAB allows matrix manipulations, plotting of functions and data, implementation of algorithms, creation of user interfaces, and interfacing with programs written in other languages.
Although MATLAB is intended primarily for numeric computing, an optional toolbox uses the MuPAD symbolic engine allowing access to symbolic computing abilities. An additional package, Simulink, adds graphical multi-domain simulation and model-based design for dynamic and embedded systems.
As of 2020, MATLAB has more than 4 million users worldwide. They come from various backgrounds of engineering, science, and economics. As of 2017, more than 5000 global colleges and universities use MATLAB to support instruction and research."
Rancher,644.0,927.0,Open Source Platform for Running a Private Container Service,"A ranch (from Spanish: rancho/Mexican Spanish) is an area of land, including various structures, given primarily to ranching, the practice of raising grazing livestock such as cattle and sheep. It is a subtype of farm. These terms are most often applied to livestock-raising operations in Mexico, the Western United States and Western Canada, though there are ranches in other areas. People who own or operate a ranch are called ranchers, cattlemen, or stockgrowers. Ranching is also a method used to raise less common livestock such as horses, elk, American bison, ostrich, emu, and alpaca.Ranches generally consist of large areas, but may be of nearly any size. In the western United States, many ranches are a combination of privately owned land supplemented by grazing leases on land under the control of the federal Bureau of Land Management or the United States Forest Service. If the ranch includes arable or irrigated land, the ranch may also engage in a limited amount of farming, raising crops for feeding the animals, such as hay and feed grains.Ranches that cater exclusively to tourists are called guest ranches or, colloquially, ""dude ranches"". Most working ranches do not cater to guests, though they may allow private hunters or outfitters onto their property to hunt native wildlife. However, in recent years, a few struggling smaller operations have added some dude ranch features such as horseback rides, cattle drives, and guided hunting to bring in additional income. Ranching is part of the iconography of the ""Wild West"" as seen in Western movies and rodeos."
Amazon DynamoDB,195.0,3630.0,Fully managed NoSQL database service,"Amazon DynamoDB is a fully managed proprietary NoSQL database offered by Amazon.com as part of the Amazon Web Services portfolio. DynamoDB offers a fast persistent Key-Value Datastore with built-in support for replication, autoscaling, encryption at rest, and on-demand backup among other features."
Redmine,129.0,589.0,A flexible project management web application written using Ruby on Rails framework,"Redmine is a free and open source, web-based project management and issue tracking tool. It allows users to manage multiple projects and associated subprojects. It features per project wikis and forums, time tracking, and flexible, role-based access control. It includes a calendar and Gantt charts to aid visual representation of projects and their deadlines. Redmine integrates with various version control systems and includes a repository browser and diff viewer.
The design of Redmine is significantly influenced by Trac, a software package with some similar features.Redmine is written using the Ruby on Rails framework. It is cross-platform and cross-database and supports 49 languages."
SwiftUI,6.0,515.0,Build user interfaces across all Apple platforms with Swift,"SwiftUI is a development framework for building user interfaces for iOS, iPadOS, watchOS, tvOS and macOS, from Apple Inc. SwiftUI provides views, controls, and layout structures for declaring the app's user interface. The framework provides event handlers for delivering taps, gestures, and other types of input, and tools to manage the flow of data from the app's models down to the views and controls that users see and interact with.SwiftUI was first introduced in 2019 at Apple's WWDC event and has gained significant popularity among developers due to its simplicity, flexibility, and seamless integration with Apple's Swift programming language.
Since SwiftUI is built on a declarative syntax, developers can describe the desired UI and its behavior using a series of structured statements rather than imperatively defining each individual UI element.
One of the most important features of SwiftUI is the ability to provide a real-time preview of the UI while coding. Developers can see the changes they make in the code reflected in the preview, facilitating rapid prototyping and iterative design. SwiftUI also includes a powerful data binding mechanism, enabling automatic synchronization between the UI and the underlying data models. When the data changes, the UI updates automatically, reducing the need for manual updating and synchronization."
Monit,0.0,99.0,"A free, open-source process supervision tool","Monit is a free, open-source process supervision tool for Unix and Linux. With Monit, system status can be viewed directly from the command line, or via the native HTTP(S) web server. Monit is able to do automatic maintenance, repair, and run meaningful causal actions in error situations. Monit rose to popularity with Ruby on Rails and the Mongrel web server, because a tool was needed that could manage the many identical Mongrel processes that needed to be run to support a scalable Ruby on Rails site, and Monit was fairly uniquely suited for the needs of the Ruby on Rails community. Many popular Rails sites have used Monit, including Twitter and scribd.Monit can restart a process automatically if process dies or monitor process characteristics, such as  memory or cpu cycles and alert by email or execute and action.Additionally M/Monit can monitor and manage distributed computer systems, M/Monit uses Monit as an agent and can manage and monitor. M/Monit is proprietary software."
Adobe Photoshop,56.0,2150.0,"The industry standard in design, photography, video editing & more","Adobe Photoshop is a raster graphics editor developed and published by Adobe Inc. for Windows and macOS. It was originally created in 1987 by Thomas and John Knoll.  Since then, the software has become the most used tool for professional digital art, especially in raster graphics editing.  The software's name is often colloquially used as a verb (e.g. ""to photoshop an image"", ""photoshopping"", and ""photoshop contest"") although Adobe discourages such use.Photoshop can edit and compose raster images in multiple layers and supports masks, alpha compositing and several color models.  Photoshop uses its own PSD and PSB file formats to support these features. In addition to raster graphics, Photoshop has limited abilities to edit or render text and vector graphics (especially through clipping path for the latter), as well as 3D graphics and video.  Its feature set can be expanded by plug-ins; programs developed and distributed independently of Photoshop that run inside it and offer new or enhanced features.
Photoshop's naming scheme was initially based on version numbers. However, in October 2002 (following the introduction of Creative Suite branding), each new version of Photoshop was designated with ""CS"" plus a number; e.g., the eighth major version of Photoshop was Photoshop CS and the ninth was Photoshop CS2. Photoshop CS3 through CS6 were also distributed in two different editions: Standard and Extended. With the introduction of the Creative Cloud branding in June 2013 (and in turn, the change of the ""CS"" suffix to ""CC""), Photoshop's licensing scheme was changed to that of software as a service subscription model. Historically, Photoshop was bundled with additional software such as Adobe ImageReady, Adobe Fireworks, Adobe Bridge, Adobe Device Central and Adobe Camera RAW.
Alongside Photoshop, Adobe also develops and publishes Photoshop Elements, Photoshop Lightroom, Photoshop Express,  Photoshop Fix,  Adobe Illustrator, and Photoshop Mix. As of November 2019, Adobe has also released a full version of Photoshop for the iPad, and while initially limited, Adobe plans to bring more features to Photoshop for iPad. Collectively, they are branded as ""The Adobe Photoshop Family""."
Amazon VPC,46.0,1370.0,Provision a logically isolated section of the AWS Cloud and launch AWS resources in a virtual network ...,"Amazon Virtual Private Cloud (VPC) is a commercial cloud computing service that provides a virtual private cloud, by provisioning a logically isolated section of Amazon Web Services (AWS) Cloud. Enterprise customers can access the Amazon Elastic Compute Cloud (EC2) over an IPsec based virtual private network. Unlike traditional EC2 instances which are allocated internal and external IP numbers by Amazon, the customer can assign IP numbers of their choosing from one or more subnets."
CodeSandbox,21.0,89.0,Online playground for React,
Tailwind UI,0.0,56.0,"Beautiful UI components, crafted with Tailwind CSS",
Pandoc,3.0,122.0,A universal document converter,"Pandoc is a free-software document converter, widely used as a writing tool (especially by scholars) and as a basis for publishing workflows. It was created by John MacFarlane, a philosophy professor at the University of California, Berkeley."
Unreal Engine,32.0,339.0,A suite of integrated tools for game developers,"Unreal Engine (UE) is a series of 3D computer graphics game engines developed by Epic Games, first showcased in the 1998 first-person shooter video game Unreal. Initially developed for PC first-person shooters, it has since been used in a variety of genres of games and has seen adoption by other industries, most notably the film and television industry. Unreal Engine is written in C++ and features a high degree of portability, supporting a wide range of desktop, mobile, console, and virtual reality platforms.
The latest generation, Unreal Engine 5, was launched in April 2022. Its source code is available on GitHub, and commercial use is granted based on a royalty model, with Epic charging 5% of revenues over US$1 million, which is waived for games published on the Epic Games Store. Epic has included features from acquired companies like Quixel in the engine, which is seen as helped by Fortnite's revenue.
In 2014, Unreal Engine was named the world's ""most successful videogame engine"" by Guinness World Records."
Amazon VPC,46.0,1370.0,Provision a logically isolated section of the AWS Cloud and launch AWS resources in a virtual network ...,"Amazon Virtual Private Cloud (VPC) is a commercial cloud computing service that provides a virtual private cloud, by provisioning a logically isolated section of Amazon Web Services (AWS) Cloud. Enterprise customers can access the Amazon Elastic Compute Cloud (EC2) over an IPsec based virtual private network. Unlike traditional EC2 instances which are allocated internal and external IP numbers by Amazon, the customer can assign IP numbers of their choosing from one or more subnets."
Tailwind UI,0.0,56.0,"Beautiful UI components, crafted with Tailwind CSS",
CodeSandbox,21.0,89.0,Online playground for React,
GitInsights,0.0,1.0,A weekly summary email of your team's GitHub activity,
Bundler,0.0,1030.0,A consistent environment for tracking and installing gems and versions,"Bundler can refer to:

Bundler (campaigning)
Bundler (strapping), another name for a strapping machine"
Pandoc,3.0,122.0,A universal document converter,"Pandoc is a free-software document converter, widely used as a writing tool (especially by scholars) and as a basis for publishing workflows. It was created by John MacFarlane, a philosophy professor at the University of California, Berkeley."
drawio,0.0,393.0,An Open source diagramming tool,"diagrams.net (previously draw.io) is a cross-platform graph drawing software developed in HTML5 and JavaScript. Its interface can be used to create diagrams such as flowcharts, wireframes, UML diagrams, organizational charts, and network diagrams. Parts of its source code are provided under the Apache 2 open-source license.
diagrams.net is available free of charge as an online web app, and as an offline desktop application for Linux, macOS, and Windows. Its offline application is built using the Electron framework. The web app does not require online login or registration and can open from and save to the local hard drive. Supported storage and export formats to download include PNG, JPEG, SVG, and PDF.It also integrates with cloud services for storage including Dropbox, OneDrive, Google Drive, GitHub, and GitLab.com.It is also available as plugin to embed the web app in platforms such as NextCloud, MediaWiki, Notion, Atlassian Confluence, and Jira.It has been described by tech reviewers such as TechRadar and PCMag as an alternative to Lucidchart, Microsoft Visio, and SmartDraw."
Radix Primitives,3.0,22.0,"An open-source UI component library for building high-quality, accessible design systems and web apps",
Bytescale,21.0,10.0,"The Developer Platform for Images, Videos & Audio.",
phpMyAdmin,15.0,287.0,"A free software, for MySQL and MariaDB","phpMyAdmin is a free and open source administration tool for MySQL and MariaDB. As a portable web application written primarily in PHP, it has become one of the most popular MySQL administration tools, especially for web hosting services."
Sonatype Nexus,0.0,516.0,"organize, store, and distribute software components",
etcd,24.0,279.0,A distributed consistent key-value store for shared configuration and service discovery,"Container Linux  (formerly CoreOS Linux) is a discontinued open-source lightweight operating system based on the Linux kernel and designed for providing infrastructure for clustered deployments while focusing on automation, ease of application deployment, security, reliability, and scalability. As an operating system, Container Linux provided only the minimal functionality required for deploying applications inside software containers, together with built-in mechanisms for service discovery and configuration sharing.Container Linux shares foundations with Gentoo Linux, ChromeOS, and ChromiumOS through a common software development kit (SDK). Container Linux adds new functionality and customization to this shared foundation to support server hardware and use cases.: 7:02  CoreOS was developed primarily by Alex Polvi, Brandon Philips, and Michael Marineau, with its major features available as a stable release.The CoreOS team announced the end-of-life for Container Linux on May 26, 2020, offering Fedora CoreOS, and RHEL CoreOS as its replacement, both based on Red Hat."
Knockout,6.0,236.0,"Create rich, responsive UIs with JavaScript","A knockout (abbreviated to KO or K.O.) is a fight-ending, winning criterion in several full-contact combat sports, such as boxing, kickboxing, muay thai, mixed martial arts, karate, some forms of taekwondo and other sports involving striking, as well as fighting-based video games. A full knockout is considered any legal strike or combination thereof that renders an opponent unable to continue fighting.
The term is often associated with a sudden traumatic loss of consciousness caused by a physical blow. Single powerful blows to the head (particularly the jawline and temple) can produce a cerebral concussion or a carotid sinus reflex with syncope and cause a sudden, dramatic KO. Body blows, particularly the liver punch, can cause progressive, debilitating pain that can also result in a KO.
In boxing and kickboxing, a knockout is usually awarded when one participant falls to the canvas and is unable to rise to their feet within a specified period of time, typically because of exhaustion, pain, disorientation, or unconsciousness. For example, if a boxer is knocked down and is unable to continue the fight within a ten-second count, they are counted as having been knocked out and their opponent is awarded the KO victory.
In mixed martial arts (MMA) competitions, no time count is given after a knockdown, as the sport allows submission grappling as well as ground and pound. If a fighter loses consciousness (""goes limp"") as a result of legal strikes, it is declared a KO. Even if the fighter loses consciousness for a brief moment and wakes up again to continue to fight, the fight is stopped and a KO is declared. As many MMA fights can take place on the mat rather than standing, it is possible to score a KO via ground and pound, a common victory for grapplers. 
In fighting games such as Street Fighter and Tekken, a player scores a knockout by fully depleting the opponent's health bar, with the victor being awarded the round. The player who wins the most rounds, either by scoring the most knockouts or by having more vitality remaining when time expires during each round, wins the match. This differs from combat sports in reality, where a knockout ends the match immediately. However, some fighting games aim for a more realistic experience, with titles like Fight Night adhering to the rules of professional boxing, although technically they are classified as sports games, and share many of the same features as NFL and NBA video games."
XAMPP,6.0,132.0,A free and open-source cross-platform web server solution stack package,"XAMPP ( or ) is a free and open-source cross-platform web server solution stack package developed by Apache Friends, consisting mainly of the Apache HTTP Server, MariaDB database, and interpreters for scripts written in the PHP and Perl programming languages. Since most actual web server deployments use the same components as XAMPP, it makes transitioning from a local test server to a live server possible.
XAMPP's ease of deployment means a WAMP or LAMP stack can be installed quickly and simply on an operating system by a developer, with the advantage that common add-in applications such as WordPress and Joomla! can also be installed with similar ease using Bitnami."
Twig,8.0,267.0,"A flexible, fast, and secure template engine","A twig is a thin, often short, branch of a tree or bush.The buds on the twig are an important diagnostic characteristic, as are the abscission scars where the leaves have fallen away. The color, texture, and patterning of the twig bark are also important, in addition to the thickness and nature of any pith of the twig.There are two types of twig: vegetative twigs and fruiting spurs. Fruiting spurs are specialized twigs that generally branch off the sides of branches and are stubby and slow-growing, with many annular ring markings from seasons past. The age and rate of growth of a twig can be determined by counting the winter terminal bud scale scars, or annular ring marking, across the diameter of the twig.
Twigs can be useful in starting fire. They can be used as kindling wood, bridging the gap between highly flammable tinder (dry grass and leaves) and firewood. This is due to their high amounts of stored carbon dioxide used in photosynthesis.


== References =="
Porkbun,0.0,15.0,ICANN accredited domain name registration,
GitKraken,279.0,713.0,Git GUI Client for Windows Mac and Linux built on Electron,"GitKraken (formerly Axosoft) is a software company based in Scottsdale, Arizona. Founded in 2000, the company was purchased in 2020 by Resurgens Technology Partners, and changed its name from Axosoft to GitKraken in 2021."
Pylint,17.0,382.0,"Source-code, bug and quality checker for the Python programming language","Pylint is a static code analysis tool for the Python programming language. It is named following a common convention in Python of a ""py"" prefix, and a nod to the C programming lint program. It follows the style recommended by PEP 8, the Python style guide. It is similar to Pychecker and Pyflakes, but includes the following features:

Checking the length of each line
Checking that variable names are well-formed according to the project's coding standard
Checking that declared interfaces are truly implemented.It is also equipped with the Pyreverse module that allows UML diagrams to be generated from Python code.
It can be used as a stand-alone program, but also integrates with IDEs such as Eclipse with PyDev, Spyder and Visual Studio Code, and editors such as Atom, GNU Emacs and Vim.
It has received favourable reviews."
Airbyte,5.0,69.0,Open-Source Alternative to Fivetran,
Linear,0.0,263.0,Streamlined issue tracking for software teams,"In mathematics, the term linear is used in two distinct senses for two different properties:

linearity of a function (or mapping);
linearity of a polynomial.An example of a linear function is the function defined by 
  
    
      
        f
        (
        x
        )
        =
        (
        a
        x
        ,
        b
        x
        )
      
    
    {\displaystyle f(x)=(ax,bx)}
   that maps the real line to a line in the Euclidean plane R2 that passes through the origin. An example of a linear polynomial in the variables 
  
    
      
        X
        ,
      
    
    {\displaystyle X,}
   
  
    
      
        Y
      
    
    {\displaystyle Y}
   and 
  
    
      
        Z
      
    
    {\displaystyle Z}
   is 
  
    
      
        a
        X
        +
        b
        Y
        +
        c
        Z
        +
        d
        .
      
    
    {\displaystyle aX+bY+cZ+d.}
   
Linearity of a mapping is closely related to proportionality. Examples in physics include the linear relationship of voltage and current in an electrical conductor (Ohm's law), and the relationship of mass and weight. By contrast, more complicated relationships, such as between velocity and kinetic energy, are nonlinear.
Generalized for functions in more than one dimension, linearity means the property of a function of being compatible with addition and scaling, also known as the superposition principle.
Linearity of a polynomial means that its degree is less than two. The use of the term for polynomials stems from the fact that the graph of a polynomial in one variable is a straight line. In the term ""linear equation"", the word refers to the linearity of the polynomials involved.
Because a function such as 
  
    
      
        f
        (
        x
        )
        =
        a
        x
        +
        b
      
    
    {\displaystyle f(x)=ax+b}
   is defined by a linear polynomial in its argument, it is sometimes also referred to as being a ""linear function"", and the relationship between the argument and the function value may be referred to as a ""linear relationship"". This is potentially confusing, but usually the intended meaning will be clear from the context.
The word linear comes from Latin linearis, ""pertaining to or resembling a line""."
C3.js,4.0,218.0,A D3-based reusable chart library,
Adobe Illustrator,2.0,1470.0,"Create logos, icons, sketches, typography and complex illustrations","Adobe Illustrator is a vector graphics editor and design program developed and marketed by Adobe Inc. Originally designed for the Apple Macintosh, development of Adobe Illustrator began in 1985. Along with Creative Cloud (Adobe's shift to a monthly or annual subscription service delivered over the Internet), Illustrator CC was released. The latest version, Illustrator 2024, was released on October 10, 2023, and is the 28th generation in the product line. Adobe Illustrator was reviewed as the best vector graphics editing program in 2021 by PC Magazine."
Dynatrace,28.0,312.0,"Monitor, optimize, and scale every app, in any cloud","Dynatrace, Inc. is a global technology company listed on the NYSE that provides a software observability platform based on artificial intelligence (AI) and automation. Dynatrace technologies are used to monitor, analyze, and optimize application performance, software development and security practices, IT infrastructure, and user experience for businesses and government agencies throughout the world.The Dynatrace Software Intelligence Platform uses a proprietary form of AI called Davis to discover, map, and monitor applications, microservices, container orchestration platforms such as Kubernetes, and IT infrastructure running in multicloud, hybrid-cloud, and hyperscale network environments. The platform also provides automated problem remediation. The Dynatrace platform provides observability of the full solution stack in order to simplify the complexity of cloud native computing and accelerate an organization's digital transformation and cloud migration."
AG Grid,0.0,23.0,The Best JavaScript Grid in the World,
Sonatype Nexus,0.0,516.0,"organize, store, and distribute software components",
GitKraken,279.0,713.0,Git GUI Client for Windows Mac and Linux built on Electron,"GitKraken (formerly Axosoft) is a software company based in Scottsdale, Arizona. Founded in 2000, the company was purchased in 2020 by Resurgens Technology Partners, and changed its name from Axosoft to GitKraken in 2021."
Prototype,0.0,2210.0,Prototype JavaScript framework,"A prototype is an early sample, model, or release of a product built to test a concept or process. It is a term used in a variety of contexts, including semantics, design, electronics, and software programming. A prototype is generally used to evaluate a new design to enhance precision by system analysts and users. Prototyping serves to provide specifications for a real, working system rather than a theoretical one. In some design workflow models, creating a prototype (a process sometimes called materialization) is the step between the formalization and the evaluation of an idea.A prototype can also mean a typical example of something such as in the use of the derivation 'prototypical'. This is a useful term in identifying objects, behaviours and concepts which are considered the accepted norm and is analogous with terms such as stereotypes and archetypes.
The word prototype derives from the Greek πρωτότυπον prototypon, ""primitive form"", neutral of πρωτότυπος prototypos, ""original, primitive"", from πρῶτος protos, ""first"" and τύπος typos, ""impression"" (originally in the sense of a mark left by a blow, then by a stamp struck by a die (note ""typewriter""); by implication a scar or mark; by analogy a shape i.e. a statue, (figuratively) style, or resemblance; a model for imitation or illustrative example—note ""typical"")."
Porkbun,0.0,15.0,ICANN accredited domain name registration,
etcd,24.0,279.0,A distributed consistent key-value store for shared configuration and service discovery,"Container Linux  (formerly CoreOS Linux) is a discontinued open-source lightweight operating system based on the Linux kernel and designed for providing infrastructure for clustered deployments while focusing on automation, ease of application deployment, security, reliability, and scalability. As an operating system, Container Linux provided only the minimal functionality required for deploying applications inside software containers, together with built-in mechanisms for service discovery and configuration sharing.Container Linux shares foundations with Gentoo Linux, ChromeOS, and ChromiumOS through a common software development kit (SDK). Container Linux adds new functionality and customization to this shared foundation to support server hardware and use cases.: 7:02  CoreOS was developed primarily by Alex Polvi, Brandon Philips, and Michael Marineau, with its major features available as a stable release.The CoreOS team announced the end-of-life for Container Linux on May 26, 2020, offering Fedora CoreOS, and RHEL CoreOS as its replacement, both based on Red Hat."
Twig,8.0,267.0,"A flexible, fast, and secure template engine","A twig is a thin, often short, branch of a tree or bush.The buds on the twig are an important diagnostic characteristic, as are the abscission scars where the leaves have fallen away. The color, texture, and patterning of the twig bark are also important, in addition to the thickness and nature of any pith of the twig.There are two types of twig: vegetative twigs and fruiting spurs. Fruiting spurs are specialized twigs that generally branch off the sides of branches and are stubby and slow-growing, with many annular ring markings from seasons past. The age and rate of growth of a twig can be determined by counting the winter terminal bud scale scars, or annular ring marking, across the diameter of the twig.
Twigs can be useful in starting fire. They can be used as kindling wood, bridging the gap between highly flammable tinder (dry grass and leaves) and firewood. This is due to their high amounts of stored carbon dioxide used in photosynthesis.


== References =="
Fabric,75.0,445.0,"Simple, Pythonic remote execution and deployment","Textile is an umbrella term that includes various fiber-based materials, including fibers, yarns, filaments, threads, different fabric types, etc. At first, the word ""textiles"" only referred to woven fabrics.: 3 : 5  However, weaving is not the only manufacturing method, and many other methods were later developed to form textile structures based on their intended use. Knitting and non-woven are other popular types of fabric manufacturing. In the contemporary world, textiles satisfy the material needs for versatile applications, from simple daily clothing to bulletproof jackets, spacesuits, and doctor's gowns.Textiles are divided into two groups: consumer textiles for domestic purposes and technical textiles. In consumer textiles, aesthetics and comfort are the most important factors, while in technical textiles, functional properties are the priority.Geotextiles, industrial textiles, medical textiles, and many other areas are examples of technical textiles, whereas clothing and furnishings are examples of consumer textiles. Each component of a textile product, including fiber, yarn, fabric, processing, and finishing, affects the final product. Components may vary among various textile products as they are selected based on their fitness for purpose.Fiber is the smallest component of a fabric; fibers are typically spun into yarn, and yarns are used to manufacture fabrics. Fiber has a hair-like appearance and a higher length-to-width ratio. The sources of fibers may be natural, synthetic, or both. The techniques of felting and bonding directly transform fibers into fabric. In other cases, yarns are manipulated with different fabric manufacturing systems to produce various fabric constructions. The fibers are twisted or laid out to make a long, continuous strand of yarn. Yarns are then used to make different kinds of fabric by weaving, knitting, crocheting, knotting, tatting, or braiding. After manufacturing, textile materials are processed and finished to add value, such as aesthetics, physical characteristics, and increased usefulness. The manufacturing of textiles is the oldest industrial art. Dyeing, printing, and embroidery are all different decorative arts applied to textile materials."
DocsGPT,0.0,0.0,Open-source documentation assistant,
Fluentd,37.0,587.0,Unified logging layer,Fluentd is a cross-platform open-source data collection software project originally developed at Treasure Data. It is written primarily in the Ruby programming language.
Dynatrace,28.0,312.0,"Monitor, optimize, and scale every app, in any cloud","Dynatrace, Inc. is a global technology company listed on the NYSE that provides a software observability platform based on artificial intelligence (AI) and automation. Dynatrace technologies are used to monitor, analyze, and optimize application performance, software development and security practices, IT infrastructure, and user experience for businesses and government agencies throughout the world.The Dynatrace Software Intelligence Platform uses a proprietary form of AI called Davis to discover, map, and monitor applications, microservices, container orchestration platforms such as Kubernetes, and IT infrastructure running in multicloud, hybrid-cloud, and hyperscale network environments. The platform also provides automated problem remediation. The Dynatrace platform provides observability of the full solution stack in order to simplify the complexity of cloud native computing and accelerate an organization's digital transformation and cloud migration."
XAMPP,6.0,132.0,A free and open-source cross-platform web server solution stack package,"XAMPP ( or ) is a free and open-source cross-platform web server solution stack package developed by Apache Friends, consisting mainly of the Apache HTTP Server, MariaDB database, and interpreters for scripts written in the PHP and Perl programming languages. Since most actual web server deployments use the same components as XAMPP, it makes transitioning from a local test server to a live server possible.
XAMPP's ease of deployment means a WAMP or LAMP stack can be installed quickly and simply on an operating system by a developer, with the advantage that common add-in applications such as WordPress and Joomla! can also be installed with similar ease using Bitnami."
Emacs,322.0,1270.0,The extensible self-documenting text editor.,"Emacs , originally named EMACS (an acronym for ""Editor Macros""), is a family of text editors that are characterized by their extensibility. The manual for the most widely used variant, GNU Emacs, describes it as ""the extensible, customizable, self-documenting, real-time display editor"". Development of the first Emacs began in the mid-1970s, and work on its direct descendant, GNU Emacs, is ongoing; its latest version is 29.1, released July 2023.Emacs has over 10,000 built-in commands and its user interface allows the user to combine these commands into macros to automate work. Implementations of Emacs typically feature a dialect of the Lisp programming language, allowing users and developers to write new commands and applications for the editor. Extensions have been written to, among other things, manage files, remote access, e-mail, outlines, multimedia, Git integration, and RSS feeds, as well as implementations of ELIZA, Pong, Conway's Life, Snake, Dunnet, and Tetris.The original EMACS was written in 1976 by David A. Moon and Guy L. Steele Jr. as a set of macros for the TECO editor. It was inspired by the ideas of the TECO-macro editors TECMAC and TMACS.The most popular, and most ported, version of Emacs is GNU Emacs, which was created by Richard Stallman for the GNU Project. XEmacs is a variant that branched from GNU Emacs in 1991. GNU Emacs and XEmacs use similar Lisp dialects and are, for the most part, compatible with each other. XEmacs development is inactive.
GNU Emacs is, along with vi, one of the two main contenders in the traditional editor wars of Unix culture. GNU Emacs is among the oldest free and open source projects still under development."
Clickvote,0.0,1.0,"Like, upvote and review any context",
Railway,0.0,24.0,Ship quickly by removing common developer hurdles,"Rail transport (also known as train transport) is a means of transport that transfers passengers and goods on wheeled vehicles running on rails, which are incorporated in tracks. In contrast to road transport, where the vehicles run on a prepared flat surface, rail vehicles (rolling stock) are directionally guided by the tracks on which they run. Tracks usually consist of steel rails.Rolling stock in a rail transport system generally encounters lower frictional resistance than rubber-tyred road vehicles, so passenger and freight cars (carriages and wagons) can be coupled into longer trains.  The operation is carried out by a railway company, providing transport between train stations or freight facilities.  Power is provided by locomotives which draw electric power from a railway electrification system or produce it by diesel engines or, historically, steam engines.  Most tracks are accompanied by a signalling system.  Railways are safer than most other land transport.  Railway transport can carry heavy traffic of passengers and cargo at high energy efficiency, but often with less flexibility and more capital intensity than road transport, for lighter traffic.
The oldest known, man/animal-hauled railways date back to the 6th century BC in Corinth, Greece.  Rail transport resumed in mid 16th century in Germany in the form of horse-powered funiculars and wagonways.  Modern rail transport began with a British steam locomotive in 1802.  The Locomotion No. 1 became the first steam locomotive to carry passengers on a public rail line, the Stockton and Darlington Railway in 1825, and the first public inter-city railway line, the Liverpool and Manchester Railway, opened in 1830.  
Steam engines brought mainline railways, a key component of the Industrial Revolution.  Shipping cost less, and fewer goods were lost, than in water transport.  The change from canals to railways allowed for ""national markets"" in which prices varied little from city to city.  The use of railway timetables led to standard railway time replacing local mean time.  The invention and development of the railway in the United Kingdom was one of the most important technological inventions of the 19th century. The world's first underground railway, the Metropolitan Railway (part of the London Underground), opened in 1863.
In the 1880s, railway electrification began with tramways and rapid transit systems.  Starting during the 1940s, steam locomotives were replaced by diesel locomotives, with steam becoming rare by the 2000s.  During the 1960s, electrified high-speed railway systems were introduced in Japan and later in some other countries. Many countries are in the process of replacing diesel locomotives with electric locomotives, mainly due to environmental concerns, as in Switzerland, which has completely electrified its network.  Guided ground transport outside the traditional railway definitions, such as monorail or maglev, have been tried but have seen limited use.
Following a decline after World War II due to competition from cars and airplanes, rail transport has had a revival in recent decades due to road congestion and rising fuel prices, as well as governments investing in rail as a means of reducing CO2 emissions in the context of concerns about global warming."
C3.js,4.0,218.0,A D3-based reusable chart library,
Lottie,6.0,336.0,Easily add high-quality animation to any native app (by Airbnb),Lottie may refer to:
Google Cloud SQL,46.0,540.0,"Fully managed relational database service for MySQL, PostgreSQL, and SQL Server.",
OmniAuth,9.0,212.0,OmniAuth is a flexible authentication system utilizing Rack middleware.,
Azure Cosmos DB,130.0,568.0,"A fully-managed, globally distributed NoSQL database service","Azure Cosmos DB is a globally distributed, multi-model database service offered by Microsoft. It is designed to provide high availability, scalability, and low-latency access to data for mission-critical applications. Unlike traditional relational databases, Cosmos DB is a NoSQL (meaning ""Not only SQL"", rather than ""zero SQL"") database, which means it can handle unstructured and semi-structured, in addition to structured, data types."
FileZilla,0.0,172.0,The free FTP solution for both client and server,"FileZilla is a free and open-source, cross-platform FTP application, consisting of FileZilla Client and FileZilla Server. Clients are available for Windows, Linux, and macOS. Both server and client support FTP and FTPS (FTP over SSL/TLS), while the client can in addition connect to SFTP servers. FileZilla's source code is hosted on SourceForge."
SweetAlert,0.0,521.0,"A beautiful replacement for JavaScript's ""alert""",
GNU sed,0.0,313.0,A non-interactive command-line text editor,
InfluxDB,174.0,1010.0,An open-source distributed time series database with no external dependencies,"InfluxDB is an open-source time series database (TSDB) developed by the company InfluxData. It is used for storage and retrieval of time series data in fields such as operations monitoring, application metrics, Internet of Things sensor data, and real-time analytics. It also has support for processing data from Graphite.It is written in the Rust programming language."
SignalR,138.0,462.0,A new library for ASP.NET developers that makes developing real-time web functionality easy.,SignalR is a free and open-source software library for Microsoft ASP.NET that allows server code to send asynchronous notifications to client-side web applications. The library includes server-side and client-side JavaScript components.
Lazarus,34.0,27.0,A Delphi-compatible cross-platform IDE,Lazarus may refer to:
etcd,24.0,279.0,A distributed consistent key-value store for shared configuration and service discovery,"Container Linux  (formerly CoreOS Linux) is a discontinued open-source lightweight operating system based on the Linux kernel and designed for providing infrastructure for clustered deployments while focusing on automation, ease of application deployment, security, reliability, and scalability. As an operating system, Container Linux provided only the minimal functionality required for deploying applications inside software containers, together with built-in mechanisms for service discovery and configuration sharing.Container Linux shares foundations with Gentoo Linux, ChromeOS, and ChromiumOS through a common software development kit (SDK). Container Linux adds new functionality and customization to this shared foundation to support server hardware and use cases.: 7:02  CoreOS was developed primarily by Alex Polvi, Brandon Philips, and Michael Marineau, with its major features available as a stable release.The CoreOS team announced the end-of-life for Container Linux on May 26, 2020, offering Fedora CoreOS, and RHEL CoreOS as its replacement, both based on Red Hat."
OmniAuth,9.0,212.0,OmniAuth is a flexible authentication system utilizing Rack middleware.,
SignalR,138.0,462.0,A new library for ASP.NET developers that makes developing real-time web functionality easy.,SignalR is a free and open-source software library for Microsoft ASP.NET that allows server code to send asynchronous notifications to client-side web applications. The library includes server-side and client-side JavaScript components.
GNU sed,0.0,313.0,A non-interactive command-line text editor,
FileZilla,0.0,172.0,The free FTP solution for both client and server,"FileZilla is a free and open-source, cross-platform FTP application, consisting of FileZilla Client and FileZilla Server. Clients are available for Windows, Linux, and macOS. Both server and client support FTP and FTPS (FTP over SSL/TLS), while the client can in addition connect to SFTP servers. FileZilla's source code is hosted on SourceForge."
AppDynamics,68.0,297.0,Application management for the cloud generation,"AppDynamics is a full-stack application performance management (APM) and IT operations analytics (ITOA) company based in San Francisco. The company focuses on managing the performance and availability of applications across cloud computing environments, IT infrastructure, network architecture, digital user experience design, application security threat detection, observability, and   data centers. In March 2017, AppDynamics was acquired by Cisco for $3.7 billion.
The software intelligence platform is used in enterprise and public sector SaaS applications such as the financial service sector, healthcare, telecom, manufacturing, and government for full-stack observability and IT infrastructure monitoring."
Twig,8.0,267.0,"A flexible, fast, and secure template engine","A twig is a thin, often short, branch of a tree or bush.The buds on the twig are an important diagnostic characteristic, as are the abscission scars where the leaves have fallen away. The color, texture, and patterning of the twig bark are also important, in addition to the thickness and nature of any pith of the twig.There are two types of twig: vegetative twigs and fruiting spurs. Fruiting spurs are specialized twigs that generally branch off the sides of branches and are stubby and slow-growing, with many annular ring markings from seasons past. The age and rate of growth of a twig can be determined by counting the winter terminal bud scale scars, or annular ring marking, across the diameter of the twig.
Twigs can be useful in starting fire. They can be used as kindling wood, bridging the gap between highly flammable tinder (dry grass and leaves) and firewood. This is due to their high amounts of stored carbon dioxide used in photosynthesis.


== References =="
Qdrant,0.0,5.0,Open-source Vector Search Engine and Vector Database written in Rust,
Microsoft Outlook,0.0,261.0,Free personal email and calendar from Microsoft,"Microsoft Outlook is a personal information manager software system from Microsoft, available as a part of the Microsoft 365 software suites. Though primarily being popular as an email client for businesses, Outlook also includes functions such as calendaring, task managing, contact managing, note-taking, journal logging, web browsing, and RSS news aggregation. 
Individuals can use Outlook as a stand-alone application; organizations can deploy it as multi-user software (through Microsoft Exchange Server or SharePoint) for shared functions such as mailboxes, calendars, folders, data aggregation (i.e., SharePoint lists), and as appointment scheduling apps.
Other than the paid software on Windows and Mac desktops that this article talks about, the Outlook name also covers several other current software:

Outlook on the web, formerly Outlook Web App, a web version of Microsoft Outlook, included in Microsoft 365, Exchange Server, and Exchange Online (domain outlook.office365.com)
Outlook for Windows, a new, free Outlook application that will be preloaded with Windows 11 from 2024
Outlook Mobile, a mobile app version of Outlook
Outlook.com, formerly Hotmail, a free personal email service offered by Microsoft alongside a webmail client (domain outlook.live.com)"
XAMPP,6.0,132.0,A free and open-source cross-platform web server solution stack package,"XAMPP ( or ) is a free and open-source cross-platform web server solution stack package developed by Apache Friends, consisting mainly of the Apache HTTP Server, MariaDB database, and interpreters for scripts written in the PHP and Perl programming languages. Since most actual web server deployments use the same components as XAMPP, it makes transitioning from a local test server to a live server possible.
XAMPP's ease of deployment means a WAMP or LAMP stack can be installed quickly and simply on an operating system by a developer, with the advantage that common add-in applications such as WordPress and Joomla! can also be installed with similar ease using Bitnami."
Alt,0.0,73.0,A library for managing data within JavaScript applications,Alt or ALT may refer to:
Dynatrace,28.0,312.0,"Monitor, optimize, and scale every app, in any cloud","Dynatrace, Inc. is a global technology company listed on the NYSE that provides a software observability platform based on artificial intelligence (AI) and automation. Dynatrace technologies are used to monitor, analyze, and optimize application performance, software development and security practices, IT infrastructure, and user experience for businesses and government agencies throughout the world.The Dynatrace Software Intelligence Platform uses a proprietary form of AI called Davis to discover, map, and monitor applications, microservices, container orchestration platforms such as Kubernetes, and IT infrastructure running in multicloud, hybrid-cloud, and hyperscale network environments. The platform also provides automated problem remediation. The Dynatrace platform provides observability of the full solution stack in order to simplify the complexity of cloud native computing and accelerate an organization's digital transformation and cloud migration."
PureBasic,0.0,505.0,A powerful BASIC programming language,"PureBasic is a commercially distributed procedural computer programming language and integrated development environment based on BASIC and developed by Fantaisie Software for Windows, Linux, and macOS. An Amiga version is available, although it has been discontinued and some parts of it are released as open-source. The first public release of PureBasic for Windows was on 17 December 2000. It has been continually updated ever since.
PureBasic has a ""lifetime license model"". As cited on the website, the first PureBasic user (who registered in 1998) still has free access to new updates and this is not going to change.PureBasic compiles directly to IA-32, x86-64, PowerPC or 680x0  instruction sets, generating small standalone executables and DLLs which need no runtime libraries beyond the standard system libraries. Programs developed without using the platform-specific application programming interfaces (APIs) can be built easily from the same source file with little or no modification.
PureBasic supports inline assembly, allowing the developer to include FASM assembler commands within PureBasic source code, while using the variables declared in PureBasic source code, enabling experienced programmers to improve the speed of speed-critical sections of code. PureBasic supports and has integrated the OGRE 3D Environment. Other 3D environments such as the Irrlicht Engine are unofficially supported."
Google Kubernetes Engine,69.0,1130.0,"Deploy, manage, and scale containerized applications on Kubernetes, powered by Google Cloud",
GlassFish,0.0,260.0,The Open Source Java EE Reference Implementation,"GlassFish is an open-source Jakarta EE platform application server project started by Sun Microsystems, then sponsored by Oracle Corporation, and now living at the Eclipse Foundation and supported by Payara, Oracle and Red Hat. The supported version under Oracle was called Oracle GlassFish Server. GlassFish is free software and was initially dual-licensed under two free software licences: the Common Development and Distribution License (CDDL) and the GNU General Public License (GPL) with the Classpath exception. After having been transferred to Eclipse, GlassFish remained dual-licensed, but the CDDL license was replaced by the Eclipse Public License (EPL)."
MkDocs,14.0,99.0,A static site generator,"MkDocs is static site generator designed for building project documentation. It is written in Python, and also used in other environments."
Airtable,40.0,952.0,Real-time spreadsheet-database hybrid,"Airtable is a cloud collaboration service headquartered in San Francisco. It was founded in 2012 by Howie Liu, Andrew Ofstad, and Emmett Nicholas.
Airtable is a spreadsheet-database hybrid, with the features of a database but applied to a spreadsheet. The fields in an Airtable table are similar to cells in a spreadsheet, but have types such as 'checkbox', 'phone number', and 'drop-down list', and can reference file attachments like images.Users can create a database, set up column types, add records, link tables to one another, collaborate, sort records and publish views to external websites."
InfluxDB,174.0,1010.0,An open-source distributed time series database with no external dependencies,"InfluxDB is an open-source time series database (TSDB) developed by the company InfluxData. It is used for storage and retrieval of time series data in fields such as operations monitoring, application metrics, Internet of Things sensor data, and real-time analytics. It also has support for processing data from Graphite.It is written in the Rust programming language."
MirageJS,2.0,10.0,"Build complete frontend features, even if your API doesn't exist",
PlanetScaleDB,0.0,71.0,A fully managed cloud native database-as-a-service,
MQTT,7.0,555.0,A machine-to-machine Internet of Things connectivity protocol,"MQTT (originally an Acronym of MQ Telemetry Transport) is a lightweight, publish-subscribe, machine to machine network protocol for message queue/message queuing service. It is designed for connections with remote locations that have devices with resource constraints or limited network bandwidth, such as in the Internet of Things (IoT). It must run over a transport protocol that provides ordered, lossless, bi-directional connections—typically, TCP/IP, but also possibly over QUIC It is an open OASIS standard and an ISO recommendation (ISO/IEC 20922)."
Chakra UI,17.0,189.0,Modular and accessible UI components for React apps,
Azure Cosmos DB,130.0,568.0,"A fully-managed, globally distributed NoSQL database service","Azure Cosmos DB is a globally distributed, multi-model database service offered by Microsoft. It is designed to provide high availability, scalability, and low-latency access to data for mission-critical applications. Unlike traditional relational databases, Cosmos DB is a NoSQL (meaning ""Not only SQL"", rather than ""zero SQL"") database, which means it can handle unstructured and semi-structured, in addition to structured, data types."
C3.js,4.0,218.0,A D3-based reusable chart library,
CLion,224.0,368.0,A cross-platform IDE for C and C++,"JetBrains s.r.o. (formerly IntelliJ Software s.r.o.) is a Czech software development private limited company which makes tools for software developers and project managers. The company has its headquarters in Prague, and has offices in China, Europe, and the United States.The company offers integrated development environments (IDEs) for a variety of programming languages. The company created the Kotlin programming language, which can run in a Java virtual machine (JVM), in 2011.
InfoWorld magazine awarded the firm ""Technology of the Year Award"" in 2011 and 2015."
etcd,24.0,279.0,A distributed consistent key-value store for shared configuration and service discovery,"Container Linux  (formerly CoreOS Linux) is a discontinued open-source lightweight operating system based on the Linux kernel and designed for providing infrastructure for clustered deployments while focusing on automation, ease of application deployment, security, reliability, and scalability. As an operating system, Container Linux provided only the minimal functionality required for deploying applications inside software containers, together with built-in mechanisms for service discovery and configuration sharing.Container Linux shares foundations with Gentoo Linux, ChromeOS, and ChromiumOS through a common software development kit (SDK). Container Linux adds new functionality and customization to this shared foundation to support server hardware and use cases.: 7:02  CoreOS was developed primarily by Alex Polvi, Brandon Philips, and Michael Marineau, with its major features available as a stable release.The CoreOS team announced the end-of-life for Container Linux on May 26, 2020, offering Fedora CoreOS, and RHEL CoreOS as its replacement, both based on Red Hat."
XAMPP,6.0,132.0,A free and open-source cross-platform web server solution stack package,"XAMPP ( or ) is a free and open-source cross-platform web server solution stack package developed by Apache Friends, consisting mainly of the Apache HTTP Server, MariaDB database, and interpreters for scripts written in the PHP and Perl programming languages. Since most actual web server deployments use the same components as XAMPP, it makes transitioning from a local test server to a live server possible.
XAMPP's ease of deployment means a WAMP or LAMP stack can be installed quickly and simply on an operating system by a developer, with the advantage that common add-in applications such as WordPress and Joomla! can also be installed with similar ease using Bitnami."
Twig,8.0,267.0,"A flexible, fast, and secure template engine","A twig is a thin, often short, branch of a tree or bush.The buds on the twig are an important diagnostic characteristic, as are the abscission scars where the leaves have fallen away. The color, texture, and patterning of the twig bark are also important, in addition to the thickness and nature of any pith of the twig.There are two types of twig: vegetative twigs and fruiting spurs. Fruiting spurs are specialized twigs that generally branch off the sides of branches and are stubby and slow-growing, with many annular ring markings from seasons past. The age and rate of growth of a twig can be determined by counting the winter terminal bud scale scars, or annular ring marking, across the diameter of the twig.
Twigs can be useful in starting fire. They can be used as kindling wood, bridging the gap between highly flammable tinder (dry grass and leaves) and firewood. This is due to their high amounts of stored carbon dioxide used in photosynthesis.


== References =="
CLion,224.0,368.0,A cross-platform IDE for C and C++,"JetBrains s.r.o. (formerly IntelliJ Software s.r.o.) is a Czech software development private limited company which makes tools for software developers and project managers. The company has its headquarters in Prague, and has offices in China, Europe, and the United States.The company offers integrated development environments (IDEs) for a variety of programming languages. The company created the Kotlin programming language, which can run in a Java virtual machine (JVM), in 2011.
InfoWorld magazine awarded the firm ""Technology of the Year Award"" in 2011 and 2015."
Chakra UI,17.0,189.0,Modular and accessible UI components for React apps,
C3.js,4.0,218.0,A D3-based reusable chart library,
PlanetScaleDB,0.0,71.0,A fully managed cloud native database-as-a-service,
AutoFac,0.0,97.0,An Inversion of Control container,
Microsoft Outlook,0.0,261.0,Free personal email and calendar from Microsoft,"Microsoft Outlook is a personal information manager software system from Microsoft, available as a part of the Microsoft 365 software suites. Though primarily being popular as an email client for businesses, Outlook also includes functions such as calendaring, task managing, contact managing, note-taking, journal logging, web browsing, and RSS news aggregation. 
Individuals can use Outlook as a stand-alone application; organizations can deploy it as multi-user software (through Microsoft Exchange Server or SharePoint) for shared functions such as mailboxes, calendars, folders, data aggregation (i.e., SharePoint lists), and as appointment scheduling apps.
Other than the paid software on Windows and Mac desktops that this article talks about, the Outlook name also covers several other current software:

Outlook on the web, formerly Outlook Web App, a web version of Microsoft Outlook, included in Microsoft 365, Exchange Server, and Exchange Online (domain outlook.office365.com)
Outlook for Windows, a new, free Outlook application that will be preloaded with Windows 11 from 2024
Outlook Mobile, a mobile app version of Outlook
Outlook.com, formerly Hotmail, a free personal email service offered by Microsoft alongside a webmail client (domain outlook.live.com)"
Apicart,0.0,1.0,"Prepared Administration, Components and SDKs for integrating e-commerce into any website or app",
Azure Cosmos DB,130.0,568.0,"A fully-managed, globally distributed NoSQL database service","Azure Cosmos DB is a globally distributed, multi-model database service offered by Microsoft. It is designed to provide high availability, scalability, and low-latency access to data for mission-critical applications. Unlike traditional relational databases, Cosmos DB is a NoSQL (meaning ""Not only SQL"", rather than ""zero SQL"") database, which means it can handle unstructured and semi-structured, in addition to structured, data types."
PostHog,6.0,72.0,Open-source product analytics for developers,
fastlane,73.0,615.0,Connect all iOS deployment tools into one streamlined workflow,"Fastlane or fast lane or Fast Lane may refer to:

Fast Lane (video game), a 1987 Konami arcade game
WWE Fastlane, a professional wrestling event
Fastlane (2015)
Fastlane (2016)
Fastlane (2017)
Fastlane (2018)
Fastlane (2019)"
InfluxDB,174.0,1010.0,An open-source distributed time series database with no external dependencies,"InfluxDB is an open-source time series database (TSDB) developed by the company InfluxData. It is used for storage and retrieval of time series data in fields such as operations monitoring, application metrics, Internet of Things sensor data, and real-time analytics. It also has support for processing data from Graphite.It is written in the Rust programming language."
Amazon Redshift,108.0,1500.0,"Fast, fully managed, petabyte-scale data warehouse service","Amazon Redshift is a data warehouse product which forms part of the larger cloud-computing platform Amazon Web Services. It is built on top of technology from the massive parallel processing (MPP) data warehouse company ParAccel (later acquired by Actian), to handle large scale data sets and database migrations. Redshift differs from Amazon's other hosted database offering, Amazon RDS, in its ability to handle analytic workloads on big data data sets stored by a column-oriented DBMS principle. Redshift allows up to 16 petabytes of data on a cluster compared to Amazon RDS Aurora's maximum size of 128 terabytes.Amazon Redshift is based on an older version of PostgreSQL 8.0.2, and Redshift has made changes to that version. An initial preview beta was released in November 2012 and a full release was made available on February 15, 2013. The service can handle connections from most other applications using ODBC and JDBC connections.
According to Cloud Data Warehouse report published by Forrester in Q4 2018, Amazon Redshift has the largest number of Cloud data warehouse deployments, with more than 6,500 deployments.Redshift uses parallel-processing and compression to decrease command execution time. This allows Redshift to perform operations on billions of rows at once. This also makes Redshift useful for storing and analyzing large quantities of data from logs or live feeds through a source such as Amazon Kinesis Data Firehose.Amazon has listed a number of business intelligence software proprietors as partners and tested tools in their ""APN Partner"" program, including Actian, Actuate Corporation, Alteryx, Dundas Data Visualization, IBM Cognos, InetSoft, Infor, Logi Analytics, Looker, MicroStrategy, Pentaho, Qlik, SiSense, Tableau Software, and  Yellowfin. Partner companies providing data integration tools include Informatica and SnapLogic. System integration and consulting partners include Accenture, Deloitte, Capgemini and DXC Technology.
The ""Red"" in Redshift's name alludes to Oracle, a competing computer technology company sometimes informally referred to as ""Big Red"" due to its red corporate color. Hence, customers choosing to move their databases from Oracle to Redshift would be ""shifting"" from ""Red""."
Milvus,1.0,21.0,An Open Source Vector Similarity Search Engine,Milvus is a genus of medium-sized birds of prey. The genus was erected by the French naturalist Bernard Germain de Lacépède in 1799 with the red kite as the type species. The name is the Latin word for the red kite.
Testling,2.0,71.0,Automatic browser tests on every push,
Poli,0.0,181.0,An easy-to-use SQL reporting application,Poli can refer to:
Neovim,183.0,570.0,Vim's rebirth for the 21st century,"Vim (; a contraction of Vi IMproved) is a free and open-source, screen-based text editor program. It is an improved clone of Bill Joy's vi. Vim's author, Bram Moolenaar, derived Vim from a port of the Stevie editor for Amiga and released a version to the public in 1991. Vim is designed for use both from a command-line interface and as a standalone application in a graphical user interface.Since its release for the Amiga, cross-platform development has made it available on many other systems. In 2018, it was voted the most popular editor amongst Linux Journal readers; in 2015 the Stack Overflow developer survey found it to be the third most popular text editor, and in 2019 the fifth most popular development environment."
Turborepo,0.0,54.0,High-performance build system for JavaScript & TypeScript codebases,
Bun,0.0,7.0,"Incredibly fast JavaScript runtime, bundler, test runner, and package manager – all in one","A bun is a type of bread roll, typically filled with savory fillings (for example hamburger). A bun may also refer to a  sweet cake in certain parts of the world. Though they come in many shapes and sizes, buns are most commonly round, and are generally hand-sized or smaller.Seeds are added for grip and to ensure it doesn’t slip out of your hand. 
In the United Kingdom, the usage of the term differs greatly in different regions. In Southern England, a bun is a hand-sized sweet cake, while in Northern England, it is a small round of ordinary bread. In the Republic of Ireland, a bun refers to a sweet cake, roughly analogous to an American cupcake. 
Buns are usually made from a dough of flour, milk, yeast and small amounts of sugar and/or butter. Sweet bun dough is distinguished from bread dough by the addition of sugar, butter and sometimes egg. Common sweet varieties contain small fruit or nuts, topped with icing or caramel, and filled with jam or cream.
Chinese baozi, with savory or sweet fillings, are often referred to as ""buns"" in English."
FlutterFlow,0.0,62.0,Build apps visually,
Bash-My-AWS,0.0,18.0,CLI Commands for AWS,
AG Grid,0.0,23.0,The Best JavaScript Grid in the World,
Strapi,277.0,652.0,The leading open-source Headless-CMS,
Amazon Redshift,108.0,1500.0,"Fast, fully managed, petabyte-scale data warehouse service","Amazon Redshift is a data warehouse product which forms part of the larger cloud-computing platform Amazon Web Services. It is built on top of technology from the massive parallel processing (MPP) data warehouse company ParAccel (later acquired by Actian), to handle large scale data sets and database migrations. Redshift differs from Amazon's other hosted database offering, Amazon RDS, in its ability to handle analytic workloads on big data data sets stored by a column-oriented DBMS principle. Redshift allows up to 16 petabytes of data on a cluster compared to Amazon RDS Aurora's maximum size of 128 terabytes.Amazon Redshift is based on an older version of PostgreSQL 8.0.2, and Redshift has made changes to that version. An initial preview beta was released in November 2012 and a full release was made available on February 15, 2013. The service can handle connections from most other applications using ODBC and JDBC connections.
According to Cloud Data Warehouse report published by Forrester in Q4 2018, Amazon Redshift has the largest number of Cloud data warehouse deployments, with more than 6,500 deployments.Redshift uses parallel-processing and compression to decrease command execution time. This allows Redshift to perform operations on billions of rows at once. This also makes Redshift useful for storing and analyzing large quantities of data from logs or live feeds through a source such as Amazon Kinesis Data Firehose.Amazon has listed a number of business intelligence software proprietors as partners and tested tools in their ""APN Partner"" program, including Actian, Actuate Corporation, Alteryx, Dundas Data Visualization, IBM Cognos, InetSoft, Infor, Logi Analytics, Looker, MicroStrategy, Pentaho, Qlik, SiSense, Tableau Software, and  Yellowfin. Partner companies providing data integration tools include Informatica and SnapLogic. System integration and consulting partners include Accenture, Deloitte, Capgemini and DXC Technology.
The ""Red"" in Redshift's name alludes to Oracle, a competing computer technology company sometimes informally referred to as ""Big Red"" due to its red corporate color. Hence, customers choosing to move their databases from Oracle to Redshift would be ""shifting"" from ""Red""."
Power Virtual Agents,0.0,50.0,"Easily build, manage, and deploy bots with a no-code interface","Microsoft Power Platform is a line of business intelligence, app development, and app connectivity software applications. Microsoft developed the Power Fx low-code programming language for expressing logic across the Power Platform. It also provides integrations with GitHub and Teams among other apps."
Bash-My-AWS,0.0,18.0,CLI Commands for AWS,
fastlane,73.0,615.0,Connect all iOS deployment tools into one streamlined workflow,"Fastlane or fast lane or Fast Lane may refer to:

Fast Lane (video game), a 1987 Konami arcade game
WWE Fastlane, a professional wrestling event
Fastlane (2015)
Fastlane (2016)
Fastlane (2017)
Fastlane (2018)
Fastlane (2019)"
C3.js,4.0,218.0,A D3-based reusable chart library,
Milvus,1.0,21.0,An Open Source Vector Similarity Search Engine,Milvus is a genus of medium-sized birds of prey. The genus was erected by the French naturalist Bernard Germain de Lacépède in 1799 with the red kite as the type species. The name is the Latin word for the red kite.
Poli,0.0,181.0,An easy-to-use SQL reporting application,Poli can refer to:
Azure Cosmos DB,130.0,568.0,"A fully-managed, globally distributed NoSQL database service","Azure Cosmos DB is a globally distributed, multi-model database service offered by Microsoft. It is designed to provide high availability, scalability, and low-latency access to data for mission-critical applications. Unlike traditional relational databases, Cosmos DB is a NoSQL (meaning ""Not only SQL"", rather than ""zero SQL"") database, which means it can handle unstructured and semi-structured, in addition to structured, data types."
InfluxDB,174.0,1010.0,An open-source distributed time series database with no external dependencies,"InfluxDB is an open-source time series database (TSDB) developed by the company InfluxData. It is used for storage and retrieval of time series data in fields such as operations monitoring, application metrics, Internet of Things sensor data, and real-time analytics. It also has support for processing data from Graphite.It is written in the Rust programming language."
Neovim,183.0,570.0,Vim's rebirth for the 21st century,"Vim (; a contraction of Vi IMproved) is a free and open-source, screen-based text editor program. It is an improved clone of Bill Joy's vi. Vim's author, Bram Moolenaar, derived Vim from a port of the Stevie editor for Amiga and released a version to the public in 1991. Vim is designed for use both from a command-line interface and as a standalone application in a graphical user interface.Since its release for the Amiga, cross-platform development has made it available on many other systems. In 2018, it was voted the most popular editor amongst Linux Journal readers; in 2015 the Stack Overflow developer survey found it to be the third most popular text editor, and in 2019 the fifth most popular development environment."
Testling,2.0,71.0,Automatic browser tests on every push,
Strapi,277.0,652.0,The leading open-source Headless-CMS,
11ty,15.0,95.0,A simpler static site generator,
Apicart,0.0,1.0,"Prepared Administration, Components and SDKs for integrating e-commerce into any website or app",
Capybara,15.0,547.0,Acceptance test framework for web applications,"The capybara or greater capybara (Hydrochoerus hydrochaeris) is a giant cavy rodent native to South America. It is the largest living rodent and a member of the genus Hydrochoerus. The only other extant member is the lesser capybara (Hydrochoerus isthmius). Its close relatives include guinea pigs and rock cavies, and it is more distantly related to the agouti, the chinchilla, and the nutria. The capybara inhabits savannas and dense forests, and lives near bodies of water. It is a highly social species and can be found in groups as large as 100 individuals, but usually live in groups of 10–20 individuals. The capybara is hunted for its meat and hide and also for grease from its thick fatty skin. It is not considered a threatened species."
Turborepo,0.0,54.0,High-performance build system for JavaScript & TypeScript codebases,
Bun,0.0,7.0,"Incredibly fast JavaScript runtime, bundler, test runner, and package manager – all in one","A bun is a type of bread roll, typically filled with savory fillings (for example hamburger). A bun may also refer to a  sweet cake in certain parts of the world. Though they come in many shapes and sizes, buns are most commonly round, and are generally hand-sized or smaller.Seeds are added for grip and to ensure it doesn’t slip out of your hand. 
In the United Kingdom, the usage of the term differs greatly in different regions. In Southern England, a bun is a hand-sized sweet cake, while in Northern England, it is a small round of ordinary bread. In the Republic of Ireland, a bun refers to a sweet cake, roughly analogous to an American cupcake. 
Buns are usually made from a dough of flour, milk, yeast and small amounts of sugar and/or butter. Sweet bun dough is distinguished from bread dough by the addition of sugar, butter and sometimes egg. Common sweet varieties contain small fruit or nuts, topped with icing or caramel, and filled with jam or cream.
Chinese baozi, with savory or sweet fillings, are often referred to as ""buns"" in English."
Capacitor,2.0,212.0,The Native Bridge for Cross-Platform Web Apps,"A capacitor is an electronic device that stores electrical energy in an electric field by accumulating electric charges on two closely spaced surfaces that are insulated from each other. It is a passive electronic component with two terminals.
The effect of a capacitor is known as capacitance. While some capacitance exists between any two electrical conductors in proximity in a circuit, a capacitor is a component designed to add capacitance to a circuit.  The capacitor was originally known as the condenser, a term still encountered in a few compound names, such as the condenser microphone.
The physical form and construction of practical capacitors vary widely and many types of capacitor are in common use. Most capacitors contain at least two electrical conductors, often in the form of metallic plates or surfaces separated by a dielectric medium. A conductor may be a foil, thin film, sintered bead of metal, or an electrolyte. The nonconducting dielectric acts to increase the capacitor's charge capacity. Materials commonly used as dielectrics include glass, ceramic, plastic film, paper, mica, air, and oxide layers. Capacitors are widely used as parts of electrical circuits in many common electrical devices. Unlike a resistor, an ideal capacitor does not dissipate energy, although real-life capacitors do dissipate a small amount (see Non-ideal behavior). When an electric potential difference (a voltage) is applied across the terminals of a capacitor, for example when a capacitor is connected across a battery, an electric field develops across the dielectric, causing a net positive charge to collect on one plate and net negative charge to collect on the other plate. No current actually flows through the dielectric. However, there is a flow of charge through the source circuit. If the condition is maintained sufficiently long, the current through the source circuit ceases. If a time-varying voltage is applied across the leads of the capacitor, the source experiences an ongoing current due to the charging and discharging cycles of the capacitor.
The earliest forms of capacitors were created in the 1740s, when European experimenters discovered that electric charge could be stored in water-filled glass jars that came to be known as Leyden jars. Today, capacitors are widely used in electronic circuits for blocking direct current while allowing alternating current to pass. In analog filter networks, they smooth the output of power supplies. In resonant circuits they tune radios to particular frequencies. In electric power transmission systems, they stabilize voltage and power flow. The property of energy storage in capacitors was exploited as dynamic memory in early digital computers, and still is in modern DRAM."
MediaWiki,0.0,172.0,A free and open-source wiki engine,"MediaWiki is free and open-source wiki software originally developed by Magnus Manske for use on Wikipedia on January 25, 2002 and further improved by Lee Daniel Crocker, after which it has been coordinated by the Wikimedia Foundation. It powers most websites hosted by the Foundation including Wikipedia, Wiktionary, Wikimedia Commons, Wikiquote, Meta-Wiki and Wikidata, which define a large part of the set requirements for the software.MediaWiki is written in the PHP programming language and stores all text content into a database. The software is optimized to efficiently handle large projects, which can have terabytes of content and hundreds of thousands of views per second. Because Wikipedia is one of the world's largest and most visited websites, achieving scalability through multiple layers of caching and database replication has been a major concern for developers. Another major aspect of MediaWiki is its internationalization; its interface is available in more than 400 languages. The software has more than 1,000 configuration settings and more than 1,800 extensions available for enabling various features to be added or changed.Besides its usage on Wikimedia sites, MediaWiki has been used as a knowledge management and content management system on websites such as Fandom, wikiHow and major internal installations like Intellipedia and Diplopedia."
SonarLint,16.0,160.0,An IDE extension to detect and fix issues as you write code,"SonarQube (formerly Sonar) is an open-source platform developed by SonarSource for continuous inspection of code quality to perform automatic reviews with static analysis of code to detect bugs and code smells on 29 programming languages. SonarQube offers reports on duplicated code, coding standards, unit tests, code coverage, code complexity, comments, bugs, and security recommendations.SonarQube provides automated analysis and integration with Maven, Ant, Gradle, MSBuild and continuous integration tools."
Retool,0.0,151.0,"Build custom internal tools, fast.","Re-tooling or retooling may refer to:

Changing tools
Tool management change
Soft retooling
Reboot (fiction)"
AG Grid,0.0,23.0,The Best JavaScript Grid in the World,
vscode.dev,0.0,230.0,Bringing VS Code to the browser,
SVN (Subversion),43.0,785.0,Enterprise-class centralized version control for the masses,
Vendure,0.0,2.0,"Powerful, flexible, and open-source headless commerce platform",
Vendure,0.0,2.0,"Powerful, flexible, and open-source headless commerce platform",
FlutterFlow,0.0,62.0,Build apps visually,
Turborepo,0.0,54.0,High-performance build system for JavaScript & TypeScript codebases,
Testling,2.0,71.0,Automatic browser tests on every push,
vscode.dev,0.0,230.0,Bringing VS Code to the browser,
Mixpanel,438.0,7070.0,"Powerful, self-serve product analytics to help you convert, engage, and retain more users","Mixpanel is an event analytics service company that tracks user interactions with web and mobile applications.
Data collected is used to build custom reports and measure user engagement and retention. Mixpanel works with web applications, in particular SaaS, but also supports mobile apps."
AG Grid,0.0,23.0,The Best JavaScript Grid in the World,
Microsoft SharePoint,6.0,409.0,Content collaboration for the modern workplace,"SharePoint is a web-based collaborative platform that integrates natively with Microsoft 365. Launched in 2001,  It allows organisations to create, manage, and share content and resources. It's often used for building intranet portals, document management, and team collaboration spaces. The platform integrates with Microsoft Office and offers features like workflow automation, data storage, and business intelligence tools. With SharePoint Online, businesses can access company data, facilitating remote work and improving productivity. SharePoint was built for content management and team interaction and has integrated AI functionalities.
According to Microsoft, as of December 2020 SharePoint had over 200 million users."
MobX,114.0,672.0,"Simple, scalable state management",
Zsh (Z shell),0.0,284.0,An extended Bourne shell with a large number of improvements,
Apache JMeter,10.0,400.0,An open source load testing tool,"Apache JMeter is an Apache project that can be used as a load testing tool for analyzing and measuring the performance of a variety of services, with a focus on web applications.
JMeter can be used as a unit-test tool for JDBC database connections, FTP, LDAP, web services, JMS, HTTP, generic TCP connections and OS-native processes. One can also configure JMeter as a monitor, although this is typically used as a basic monitoring solution rather than advanced monitoring. It can be used for some functional testing as well. Additionally Jmeter supports integration with Selenium, which allows it to run automation scripts alongside performance or load testsJMeter supports variable parameterization, assertions (response validation), per-thread cookies, configuration variables and a variety of reports.
JMeter architecture is based on plugins. Most of its ""out of the box"" features are implemented with plugins"
Refit,0.0,15.0,Turn your REST API into a live interface,"Refitting or refit of boats and marine vessels includes repairing, fixing, restoring, renewing, mending, and renovating an old vessel. Refitting has become one of the most important activities inside a shipyard. It offers a variety of services for an old vessel of any size and kind starting with the construction itself and what is added to it, such as hardware, electric & hydraulic systems, entertainment systems, etc.Ship refits can range from relatively small changes to and including cutting the ship in half to facilitate near-total overhauls and redesign of interior spaces and modification or replacement of engines, systems or other equipment.Refitting can be divided into several main subjects:

Adding or replacing: for example replacing old deck equipment with new or refurbished ones.
Modifying: for example modifying a yacht for participating in winning a regatta.
Customizing: for example customizing a yacht for the owner's needs and desires.
Modernizing: for example modernizing an old yacht with modern styling, technologies and systems.
Restoring: for example restoring an old wooden boat for preservation."
Microsoft PowerApps,0.0,144.0,Quickly build and share low-code apps,
Queue,0.0,19.0,Collect visual feedback for your website in seconds,"Queue (; French pronunciation: [kø]) may refer to:

Queue area, or queue, a line or area where people wait for goods or services"
Warmy,0.0,4.0,Auto all-in-one tool for email deliverability to make your Email Channel Reliable.,
StatsD,31.0,288.0,Simple daemon for easy stats aggregation,
Vitess,0.0,63.0,A database clustering system for horizontal scaling of MySQL,
Zephyr,1.0,53.0,A real-time Test Management solution,"In European tradition, a zephyr is a light wind or a west wind, named after Zephyrus, the Greek god or personification of the west wind.
Zephyr may also refer to:"
11ty,15.0,95.0,A simpler static site generator,
Chef,345.0,1260.0,"Build, destroy and rebuild servers on any public or private cloud","A chef is a professional cook and tradesman who is proficient in all aspects of food preparation, often focusing on a particular cuisine. The word ""chef"" is derived from the term chef de cuisine (French pronunciation: [ʃɛf də kɥizin]), the director or head of a kitchen. Chefs can receive formal training from an institution, as well as by apprenticing with an experienced chef.
There are different terms that use the word chef in their titles, and deal with specific areas of food preparation. Examples include the sous-chef, who acts as the second-in-command in a kitchen, and the chef de partie, who handles a specific area of production. The kitchen brigade system is a hierarchy found in restaurants and hotels employing extensive staff, many of which use the word ""chef"" in their titles. Underneath the chefs are the kitchen assistants. A chef's standard uniform includes a hat (called a toque), neckerchief, double-breasted jacket, apron and sturdy shoes (that may include steel or plastic toe-caps)."
Glitch,42.0,80.0,"Code, collaborate, and ship in seconds from your browser","A glitch is a short-lived fault in a system, such as a transient fault that corrects itself, making it difficult to troubleshoot. The term is particularly common in the computing and electronics industries, in circuit bending, as well as among players of video games. More generally, all types of systems including human organizations and nature experience glitches.
A glitch, which is slight and often temporary, differs from a more serious bug which is a genuine functionality-breaking problem. Alex Pieschel, writing for Arcade Review, said: ""'bug' is often cast as the weightier and more blameworthy pejorative, while 'glitch' suggests something more mysterious and unknowable inflicted by surprise inputs or stuff outside the realm of code."" The word itself is sometimes humorously described as being short for ""gremlins lurking in the computer hardware."""
TimescaleDB,44.0,202.0,Scalable and reliable time-series SQL database optimized for fast ingest and complex queries. Built on...,"TimescaleDB is an open-source time series database developed by Timescale Inc. It is written in C and extends PostgreSQL. TimescaleDB  is a relational database and supports standard SQL queries.  Additional SQL functions and table structures provide support for time series data oriented towards storage, performance, and analysis facilities for data-at-scale.One of the key features of TimescaleDB is its performance, which has been compared to InfluxDB. Time-based data partitioning provides for improved query execution and performance when used for time oriented applications. More granular partition definition is achieved through the use of user defined attributes.TimescaleDB is offered as open source software under the Apache 2.0 license. Additional features are offered in a community edition as source available software under the Timescale License Agreement (TLS)."
KDevelop,6.0,13.0,"A free, open source, and cross platform IDE","KDevelop is a free and open-source integrated development environment (IDE) for Unix-like computer operating systems and Windows. It provides editing, navigation and debugging features for several programming languages, and integration with build automation and version-control systems, using a plugin-based architecture.KDevelop 5 has parser backends for C, C++, Objective-C, OpenCL and JavaScript/QML, with plugins supporting PHP, Python 3 and Ruby. Basic syntax highlighting and code folding are available for dozens of other source-code and markup formats, but without semantic analysis.
KDevelop is part of the KDE project, and is based on KDE Frameworks and Qt. The C/C++ backend uses Clang to provide accurate information even for very complex codebases."
Zadarma,0.0,4.0,An internet-based phone system that enables clients to make and receive calls,
tus.io,0.0,10.0,Open protocol and implementations for resumable file uploads,
Microsoft Visio,7.0,130.0,Diagramming made simple,"Microsoft Visio ( VIZ-ee-oh) (formerly Microsoft Office Visio) is a diagramming and vector graphics application and is part of the Microsoft 365 family. The product was first introduced in 1992 by former American software company Visio Corporation, and its latest version is Visio 2021. Microsoft acquired the assets of Visio Corporation in 2000 and thus also inherited the licensing agreements for the Visio application. A lightweight version of Visio is now included with all commercial SKU of Microsoft 365 and is known as Visio in Microsoft 365. It has two other subscription based SKUs. Visio Plan 1 includes the Visio web app whereas Visio Plan 2 provides access to both the web app as well as the Desktop application."
jsDelivr,50.0,84.0,A free Open Source CDN for webmasters and developers with full JS ESM support,
Azure Blob Storage,0.0,14.0,Massively scalable and secure object storage,
Kinsta Static Site Hosting,0.0,1.0,"Host your static sites for free, lightning fast websites deployed directly to the edge",
Remix,0.0,110.0,A framework focused on web fundamentals and modern UX,"A remix (or reorchestration) is a piece of media which has been altered or contorted from its original state by adding, removing, or changing pieces of the item. A song, piece of artwork, book, video, poem, or photograph can all be remixes. The only characteristic of a remix is that it appropriates and changes other materials to create something new.
Most commonly, remixes are a subset of audio mixing in music and song recordings. Songs may be remixed for a large variety of reasons:

to adapt or revise a song for radio or nightclub play
to create a stereo or surround sound version of a song where none was previously available
to improve the fidelity of an older song for which the original master has been lost or degraded
to alter a song to suit a specific music genre or radio format
to use some of the original song's materials in a new context, allowing the original song to reach a different audience
to alter a song for artistic purposes
to provide additional versions of a song for use as bonus tracks or for a B-side, for example, in times when a CD single might carry a total of 4 tracks
to create a connection between a smaller artist and a more successful one, as was the case with Fatboy Slim's remix of ""Brimful of Asha"" by Cornershop
to improve the first or demo mix of the song, generally to ensure a professional product.
to improve a song from its original stateRemixes should not be confused with edits, which usually involve shortening a final stereo master for marketing or broadcasting purposes. Another distinction should be made between a remix, which recombines audio pieces from a recording to create an altered version of a song, and a cover: a re-recording of someone else's song.
While audio mixing is one of the most popular and recognized forms of remixing, this is not the only media form which is remixed in numerous examples. Literature, film, technology, and social systems can all be argued as a form of remix."
Ruvy,0.0,0.0,Convert Ruby code to WebAssembly (By Shopify),
Optimizely,100.0,3980.0,"Experimentation platform for marketing, product, and engineering teams, with feature flags and persona...","Optimizely is an American company that provides digital experience platform software as a service. Optimizely provides A/B testing and multivariate testing tools, website personalization, and feature toggle capabilities, as well as web content management and digital commerce.The company was acquired by Episerver in October 2020 and in January of 2021 Episerver announced that they were branding the combined company as ""Optimizely""."
NPOI,0.0,4.0,.NET library that can read/write Office formats,"The Navy Precision Optical Interferometer (NPOI) is an American astronomical interferometer, with the world's largest baselines, operated by the Naval Observatory Flagstaff Station (NOFS) in collaboration with the Naval Research Laboratory (NRL) and Lowell Observatory.  The NPOI primarily produces space imagery and astrometry, the latter a major component required for the safe position and navigation of all manner of vehicles for the DoD. The facility is located at Lowell's Anderson Mesa Station on Anderson Mesa about 25 kilometers (16 mi) southeast of Flagstaff, Arizona (US).  Until November 2011, the facility was known as the Navy Prototype Optical Interferometer (NPOI). Subsequently, the instrument was temporarily renamed the Navy Optical Interferometer, and now permanently, the Kenneth J. Johnston Navy Precision Optical Interferometer (NPOI) – reflecting both the operational maturity of the facility, and paying tribute to its principal driver and retired founder, Kenneth J. Johnston.The NPOI project was initiated by the United States Naval Observatory (USNO) in 1987.  Lowell joined the project the following year when the USNO decided to build the NPOI at Anderson Mesa.  The first phase of construction was completed in 1994, which allowed the interferometer to see its first fringes, or light combined from multiple sources, that year.  The Navy began regular science operations in 1997.  The NPOI has been continuously upgraded and expanded since then, and has been operational for a decade. The workings of NPOI as a classic interferometer, are described at Scholarpedia, and at the NPOI site."
Google Cloud Functions,25.0,467.0,A serverless environment to build and connect cloud services,"Google Cloud Platform (GCP), offered by Google, is a suite of cloud computing services that provides a series of modular cloud services including computing, data storage, data analytics and machine learning, alongside a set of management tools. It runs on the same infrastructure that Google uses internally for its end-user products, such as Google Search, Gmail, and Google Docs, according to Verma, et.al. Registration requires a credit card or bank account details.Google Cloud Platform provides infrastructure as a service, platform as a service, and serverless computing environments.
In April 2008, Google announced App Engine, a platform for developing and hosting web applications in Google-managed data centers, which was the first cloud computing service from the company. The service became generally available in November 2011. Since the announcement of App Engine, Google added multiple cloud services to the platform.
Google Cloud Platform is a part of Google Cloud, which includes the Google Cloud Platform public cloud infrastructure, as well as Google Workspace (G Suite), enterprise versions of Android and ChromeOS, and application programming interfaces (APIs) for machine learning and enterprise mapping services."
Google App Maker,0.0,175.0,Low-code application development for G Suite,"Google App Maker was a low-code application development tool, developed by Google Inc. as part of the G Suite family.  It allowed developers or its users to build and deploy custom business apps on the web.Launched in 2016, it was accessible to its users with any G Suite Business and Enterprise subscription and G Suite for Education edition.Google App Maker allowed users to drag and drop widgets into a visual editor with built-in templates. The apps could be customized using HTML, CSS, JavaScript, JQuery and Google's own material design visual framework.PC Magazine rated Google App Maker 3.5/5.Following Google's acquisition of AppSheet, the App Maker editor and user apps was shut down on January 19, 2021. New app creation was disabled on April 15, 2020."
Amazon Lex,17.0,94.0,"Build conversational voice and text interfaces, using the same deep learning technologies as Alexa","Amazon Lex is a service for building conversational interfaces into any application using voice and text. It powers the Amazon Alexa virtual assistant. In April 2017, the platform was released to the developer community, and suggested that it could be used for conversational interfaces (chatbots or otherwise) including Web, mobile apps, robots, toys, drones, and more. Amazon already had launched Alexa Voice Services, which developers can use to integrate Alexa into their own devices, like smart speakers, alarm clocks, etc.; however, Lex will not require that end users interact with the Alexa assistant per se, but rather any type of assistant or interface. As of February 2018, users can now define a response for Amazon Lex chatbots directly from the AWS management console."
Flair,1.0,15.0,A simple framework for natural language processing,"Flair can refer to:

Flair, a short-lived magazine edited by Fleur Cowles
Flair (miniseries), a 1990 Australian miniseries
Flair (pens), a brand of felt tip pens
Flair (horse), a Thoroughbred racehorse
The Flair family of American professional wrestlers (actual family name Fliehr):
Ric Flair (born 1949), family patriarch
David Flair (born 1979), older son
Charlotte Flair (born 1986), ring name of daughter Ashley
Reid Flair (1988–2013), younger son
The Flairs, an American doo-wop group in the 1950s
Flair Records, a record label
Flair bartending
Fluid-attenuated inversion recovery (FLAIR), an MRI imaging technique
Flair Software, a British video game developer and publisher
Flair Airlines, a Canadian low-fare airline
Decorative buttons adorning wait staff uniforms in the movie Office Space"
Codacy,247.0,284.0,Automate and Standardize Code Reviews for 40+ languages,
Azure Databricks,0.0,226.0,"Fast, easy, and collaborative Apache Spark–based analytics service",
Solidity Language,0.0,15.0,High-level language for implementing smart contracts,
PrimeReact,13.0,24.0,A collection of rich UI components for React,
React Sketch.app,0.0,75.0,Render React components to Sketch ⚛️💎,
tus.io,0.0,10.0,Open protocol and implementations for resumable file uploads,
Harbor,11.0,156.0,Manage and serve container images in a secure environment (created at VMware),"A harbor (American English), harbour (British English; see spelling differences), or haven is a sheltered body of water where ships, boats, and barges can be docked. The term harbor is often used interchangeably with port, which is a man-made facility built for loading and unloading vessels and dropping off and picking up passengers. Harbors usually include one or more ports. Alexandria Port in Egypt is an example of a harbor with two ports.
Harbors may be natural or artificial. An artificial harbor can have deliberately constructed breakwaters, sea walls, or jettys or they can be constructed by dredging, which requires maintenance by further periodic dredging. An example of an artificial harbor is Long Beach Harbor, California, United States, which was an array of salt marshes and tidal flats too shallow for modern merchant ships before it was first dredged in the early 20th century. In contrast, a natural harbor is surrounded on several sides by land. Examples of natural harbors include Sydney Harbour, New South Wales,  Australia, Halifax Harbour in Halifax, Nova Scotia, Canada and Trincomalee Harbour in Sri Lanka."
Atlassian Stash,0.0,79.0,Centralized solution to manage Git repositories,Bitbucket is a Git-based source code repository hosting service owned by Atlassian.  Bitbucket offers both commercial plans and free accounts with an unlimited number of private repositories.
Ethereum,13.0,819.0,Open source platform to write and distribute decentralized applications,"Ethereum is a decentralized blockchain with smart contract functionality. Ether (Abbreviation: ETH;  sign: Ξ) is the native cryptocurrency of the platform. Among cryptocurrencies, ether is second only to bitcoin in market capitalization. It is open-source software.
Ethereum was conceived in 2013 by programmer Vitalik Buterin. Additional founders of Ethereum included Gavin Wood, Charles Hoskinson, Anthony Di Iorio and Joseph Lubin. In 2014, development work began and was crowdfunded, and the network went live on 30 July 2015. Ethereum allows anyone to deploy permanent and immutable decentralized applications onto it, with which users can interact. Decentralized finance (DeFi) applications provide financial instruments which do not directly rely on financial intermediaries like brokerages, exchanges, or banks. This facilitates borrowing against cryptocurrency holdings or lending them out for interest. Ethereum also allows users to create and exchange non-fungible tokens (NFTs), which are tokens that can be tied to unique digital assets, such as images. Additionally, many other cryptocurrencies utilize the ERC-20 token standard on top of the Ethereum blockchain and have utilized the platform for initial coin offerings.
On 15 September 2022, Ethereum transitioned its consensus mechanism from proof-of-work (PoW) to proof-of-stake (PoS) in an upgrade process known as ""the Merge"". This has cut Ethereum's energy usage by 99%."
TimescaleDB,44.0,202.0,Scalable and reliable time-series SQL database optimized for fast ingest and complex queries. Built on...,"TimescaleDB is an open-source time series database developed by Timescale Inc. It is written in C and extends PostgreSQL. TimescaleDB  is a relational database and supports standard SQL queries.  Additional SQL functions and table structures provide support for time series data oriented towards storage, performance, and analysis facilities for data-at-scale.One of the key features of TimescaleDB is its performance, which has been compared to InfluxDB. Time-based data partitioning provides for improved query execution and performance when used for time oriented applications. More granular partition definition is achieved through the use of user defined attributes.TimescaleDB is offered as open source software under the Apache 2.0 license. Additional features are offered in a community edition as source available software under the Timescale License Agreement (TLS)."
JFreeChart,2.0,25.0,A free Java chart library,"JFreeChart is an open-source framework for the programming language Java, which allows the creation of a wide variety of both interactive and non-interactive charts.
JFreeChart, developed by David Gilbert, is available under the terms of the LGPL license."
KDevelop,6.0,13.0,"A free, open source, and cross platform IDE","KDevelop is a free and open-source integrated development environment (IDE) for Unix-like computer operating systems and Windows. It provides editing, navigation and debugging features for several programming languages, and integration with build automation and version-control systems, using a plugin-based architecture.KDevelop 5 has parser backends for C, C++, Objective-C, OpenCL and JavaScript/QML, with plugins supporting PHP, Python 3 and Ruby. Basic syntax highlighting and code folding are available for dozens of other source-code and markup formats, but without semantic analysis.
KDevelop is part of the KDE project, and is based on KDE Frameworks and Qt. The C/C++ backend uses Clang to provide accurate information even for very complex codebases."
Draggable JS,0.0,53.0,"A lightweight, responsive, modern drag-and-drop library (by Shopify)",
Azure Databricks,0.0,226.0,"Fast, easy, and collaborative Apache Spark–based analytics service",
Amazon Lex,17.0,94.0,"Build conversational voice and text interfaces, using the same deep learning technologies as Alexa","Amazon Lex is a service for building conversational interfaces into any application using voice and text. It powers the Amazon Alexa virtual assistant. In April 2017, the platform was released to the developer community, and suggested that it could be used for conversational interfaces (chatbots or otherwise) including Web, mobile apps, robots, toys, drones, and more. Amazon already had launched Alexa Voice Services, which developers can use to integrate Alexa into their own devices, like smart speakers, alarm clocks, etc.; however, Lex will not require that end users interact with the Alexa assistant per se, but rather any type of assistant or interface. As of February 2018, users can now define a response for Amazon Lex chatbots directly from the AWS management console."
Google Cloud Functions,25.0,467.0,A serverless environment to build and connect cloud services,"Google Cloud Platform (GCP), offered by Google, is a suite of cloud computing services that provides a series of modular cloud services including computing, data storage, data analytics and machine learning, alongside a set of management tools. It runs on the same infrastructure that Google uses internally for its end-user products, such as Google Search, Gmail, and Google Docs, according to Verma, et.al. Registration requires a credit card or bank account details.Google Cloud Platform provides infrastructure as a service, platform as a service, and serverless computing environments.
In April 2008, Google announced App Engine, a platform for developing and hosting web applications in Google-managed data centers, which was the first cloud computing service from the company. The service became generally available in November 2011. Since the announcement of App Engine, Google added multiple cloud services to the platform.
Google Cloud Platform is a part of Google Cloud, which includes the Google Cloud Platform public cloud infrastructure, as well as Google Workspace (G Suite), enterprise versions of Android and ChromeOS, and application programming interfaces (APIs) for machine learning and enterprise mapping services."
Microsoft Visio,7.0,130.0,Diagramming made simple,"Microsoft Visio ( VIZ-ee-oh) (formerly Microsoft Office Visio) is a diagramming and vector graphics application and is part of the Microsoft 365 family. The product was first introduced in 1992 by former American software company Visio Corporation, and its latest version is Visio 2021. Microsoft acquired the assets of Visio Corporation in 2000 and thus also inherited the licensing agreements for the Visio application. A lightweight version of Visio is now included with all commercial SKU of Microsoft 365 and is known as Visio in Microsoft 365. It has two other subscription based SKUs. Visio Plan 1 includes the Visio web app whereas Visio Plan 2 provides access to both the web app as well as the Desktop application."
tus.io,0.0,10.0,Open protocol and implementations for resumable file uploads,
Atlassian Stash,0.0,79.0,Centralized solution to manage Git repositories,Bitbucket is a Git-based source code repository hosting service owned by Atlassian.  Bitbucket offers both commercial plans and free accounts with an unlimited number of private repositories.
KDevelop,6.0,13.0,"A free, open source, and cross platform IDE","KDevelop is a free and open-source integrated development environment (IDE) for Unix-like computer operating systems and Windows. It provides editing, navigation and debugging features for several programming languages, and integration with build automation and version-control systems, using a plugin-based architecture.KDevelop 5 has parser backends for C, C++, Objective-C, OpenCL and JavaScript/QML, with plugins supporting PHP, Python 3 and Ruby. Basic syntax highlighting and code folding are available for dozens of other source-code and markup formats, but without semantic analysis.
KDevelop is part of the KDE project, and is based on KDE Frameworks and Qt. The C/C++ backend uses Clang to provide accurate information even for very complex codebases."
React Sketch.app,0.0,75.0,Render React components to Sketch ⚛️💎,
TimescaleDB,44.0,202.0,Scalable and reliable time-series SQL database optimized for fast ingest and complex queries. Built on...,"TimescaleDB is an open-source time series database developed by Timescale Inc. It is written in C and extends PostgreSQL. TimescaleDB  is a relational database and supports standard SQL queries.  Additional SQL functions and table structures provide support for time series data oriented towards storage, performance, and analysis facilities for data-at-scale.One of the key features of TimescaleDB is its performance, which has been compared to InfluxDB. Time-based data partitioning provides for improved query execution and performance when used for time oriented applications. More granular partition definition is achieved through the use of user defined attributes.TimescaleDB is offered as open source software under the Apache 2.0 license. Additional features are offered in a community edition as source available software under the Timescale License Agreement (TLS)."
Harbor,11.0,156.0,Manage and serve container images in a secure environment (created at VMware),"A harbor (American English), harbour (British English; see spelling differences), or haven is a sheltered body of water where ships, boats, and barges can be docked. The term harbor is often used interchangeably with port, which is a man-made facility built for loading and unloading vessels and dropping off and picking up passengers. Harbors usually include one or more ports. Alexandria Port in Egypt is an example of a harbor with two ports.
Harbors may be natural or artificial. An artificial harbor can have deliberately constructed breakwaters, sea walls, or jettys or they can be constructed by dredging, which requires maintenance by further periodic dredging. An example of an artificial harbor is Long Beach Harbor, California, United States, which was an array of salt marshes and tidal flats too shallow for modern merchant ships before it was first dredged in the early 20th century. In contrast, a natural harbor is surrounded on several sides by land. Examples of natural harbors include Sydney Harbour, New South Wales,  Australia, Halifax Harbour in Halifax, Nova Scotia, Canada and Trincomalee Harbour in Sri Lanka."
PrimeReact,13.0,24.0,A collection of rich UI components for React,
Ethereum,13.0,819.0,Open source platform to write and distribute decentralized applications,"Ethereum is a decentralized blockchain with smart contract functionality. Ether (Abbreviation: ETH;  sign: Ξ) is the native cryptocurrency of the platform. Among cryptocurrencies, ether is second only to bitcoin in market capitalization. It is open-source software.
Ethereum was conceived in 2013 by programmer Vitalik Buterin. Additional founders of Ethereum included Gavin Wood, Charles Hoskinson, Anthony Di Iorio and Joseph Lubin. In 2014, development work began and was crowdfunded, and the network went live on 30 July 2015. Ethereum allows anyone to deploy permanent and immutable decentralized applications onto it, with which users can interact. Decentralized finance (DeFi) applications provide financial instruments which do not directly rely on financial intermediaries like brokerages, exchanges, or banks. This facilitates borrowing against cryptocurrency holdings or lending them out for interest. Ethereum also allows users to create and exchange non-fungible tokens (NFTs), which are tokens that can be tied to unique digital assets, such as images. Additionally, many other cryptocurrencies utilize the ERC-20 token standard on top of the Ethereum blockchain and have utilized the platform for initial coin offerings.
On 15 September 2022, Ethereum transitioned its consensus mechanism from proof-of-work (PoW) to proof-of-stake (PoS) in an upgrade process known as ""the Merge"". This has cut Ethereum's energy usage by 99%."
Ember-cli,0.0,261.0,The command line interface for ambitious web applications,
JFreeChart,2.0,25.0,A free Java chart library,"JFreeChart is an open-source framework for the programming language Java, which allows the creation of a wide variety of both interactive and non-interactive charts.
JFreeChart, developed by David Gilbert, is available under the terms of the LGPL license."
Zadarma,0.0,4.0,An internet-based phone system that enables clients to make and receive calls,
Draggable JS,0.0,53.0,"A lightweight, responsive, modern drag-and-drop library (by Shopify)",
Headway,0.0,20.0,Easiest way to keep your customers in the loop about your product.,"Headway is the distance or duration between vehicles in a transit system measured in space or time. The minimum headway is the shortest such distance or time achievable by a system without a reduction in the speed of vehicles. The precise definition varies depending on the application, but it is most commonly measured as the distance from the tip (front end) of one vehicle to the tip of the next one behind it. It can be expressed as the distance between vehicles, or as time it will take for the trailing vehicle to cover that distance. A ""shorter"" headway signifies closer spacing between the vehicles. Airplanes operate with headways measured in hours or days, freight trains and commuter rail systems might have headways measured in parts of an hour, metro and light rail systems operate with headways on the order of 90 seconds to 20 minutes, and vehicles on a freeway can have as little as 2 seconds headway between them.
Headway is a key input in calculating the overall route capacity of any transit system. A system that requires large headways has more empty space than passenger capacity, which lowers the total number of passengers or cargo quantity being transported for a given length of line (railroad or highway, for instance). In this case, the capacity has to be improved through the use of larger vehicles. On the other end of the scale, a system with short headways, like cars on a freeway, can offer relatively large capacities even though the vehicles carry few passengers.
The term is most often applied to rail transport and bus transport, where low headways are often needed to move large numbers of people in mass transit railways and bus rapid transit systems. A lower headway requires more infrastructure, making lower headways expensive to achieve. Modern large cities require passenger rail systems with tremendous capacity, and low headways allow passenger demand to be met in all but the busiest cities. Newer signalling systems and moving block controls have significantly reduced headways in modern systems compared to the same lines only a few years ago. In principle, automated personal rapid transit systems and automobile platoons could reduce headways to as little as fractions of a second."
Netlify CMS,6.0,496.0,Open source content management for your Git workflow,"Netlify is a remote-first cloud computing company that offers a development platform that includes build, deploy, and serverless backend services for web applications and dynamic websites. The platform is built on open web standards, making it possible to integrate build tools, web frameworks, APIs, and various web technologies into a unified developer workflow.The company enables building, deploying, and scaling websites whose source files are stored in the version control system Git and then generated into static web content files served via a content delivery network. The platform also provides services and features of serverless computing and edge computing, offering serverless functions that are version-controlled, built, and deployed alongside frontend code. Netlify Functions are used in building dynamic websites with interactive features. The Netlify platform integrates with the most popular plugins and application programming interfaces (APIs) to unlock new capabilities and use cases for web projects on Netlify."
AWS Elastic Beanstalk,241.0,2080.0,Quickly deploy and manage applications in the AWS cloud.,"AWS Elastic Beanstalk is an orchestration service offered by Amazon Web Services for deploying applications which orchestrates various AWS services, including EC2, S3, Simple Notification Service (SNS), CloudWatch, autoscaling, and Elastic Load Balancers. Elastic Beanstalk provides an additional layer of abstraction over the bare server and OS; users instead see a pre-built combination of OS and platform, such as ""64bit Amazon Linux 2014.03 v1.1.0 running Ruby 2.0 (Puma)"" or ""64bit Debian jessie v2.0.7 running Python 3.4 (Preconfigured - Docker)"". Deployment requires a number of components to be defined: an  'application'  as a logical container for the project, a  'version'  which is a deployable build of the application executable, a  'configuration template'  that contains configuration information for both the Beanstalk environment and for the product. Finally an  'environment'  combines a  'version'  with a  'configuration'  and deploys them. Executables themselves are uploaded as archive files to S3 beforehand and the  'version'  is just a pointer to this."
SpaCy,14.0,213.0,Industrial-Strength Natural Language Processing in Python,"spaCy ( spay-SEE) is an open-source software library for advanced natural language processing, written in the programming languages Python and Cython. The library is published under the MIT license and its main developers are Matthew Honnibal and Ines Montani, the founders of the software company Explosion.
Unlike NLTK, which is widely used for teaching and research, spaCy focuses on providing software for production usage. spaCy also supports deep learning workflows that allow connecting statistical models trained by popular machine learning libraries like TensorFlow, PyTorch or MXNet through its own machine learning library Thinc. Using Thinc as its backend, spaCy features convolutional neural network models for part-of-speech tagging, dependency parsing, text categorization and named entity recognition (NER). Prebuilt statistical neural network models to perform these tasks are available for 23 languages, including English, Portuguese, Spanish, Russian and Chinese, and there is also a multi-language NER model. Additional support for tokenization for more than 65 languages allows users to train custom models on their own datasets as well."
zx,0.0,46.0,A tool for writing better scripts (By Google),ZX may refer to:
Ably,74.0,48.0,"The platform to power synchronized digital experiences in realtime, at scale.","Abilities are powers an agent has to perform various actions. They include common abilities, like walking, and rare abilities, like performing a double backflip. Abilities are intelligent powers: they are guided by the person's intention and executing them successfully results in an action, which is not true for all types of powers. They are closely related to but not identical with various other concepts, such as disposition, know-how, aptitude, talent, potential, and skill.
Theories of ability aim to articulate the nature of abilities. Traditionally, the conditional analysis has been the most popular approach. According to it, having an ability means one would perform the action in question if one tried to do so. On this view, Michael Phelps has the ability to swim 200 meters in under 2 minutes because he would do so if he tried to. This approach has been criticized in various ways. Some counterexamples involve cases in which the agent is physically able to do something but unable to try, due to a strong aversion. In order to avoid these and other counterexamples, various alternative approaches have been suggested. Modal theories of ability, for example, focus on what is possible for the agent to do. Other suggestions include defining abilities in terms of dispositions and potentials.
An important distinction among abilities is between general abilities and specific abilities. General abilities are abilities possessed by an agent independent of their situation while specific abilities concern what an agent can do in a specific situation. So while an expert piano player always has the general ability to play various piano pieces, they lack the corresponding specific ability in a situation where no piano is present. Another distinction concerns the question of whether successfully performing an action by accident counts as having the corresponding ability. In this sense, an amateur hacker may have the effective ability to hack his boss's email account, because they may be lucky and guess the password correctly, but not the corresponding transparent ability, since they are unable to reliably do so.
The concept of abilities and how they are to be understood is relevant for various related fields. Free will, for example, is often understood as the ability to do otherwise. The debate between compatibilism and incompatibilism concerns the question whether this ability can exist in a world governed by deterministic laws of nature. Autonomy is a closely related concept, which can be defined as the ability of individual or collective agents to govern themselves. Whether an agent has the ability to perform a certain action is important for whether they have a moral obligation to perform this action. If they possess it, they may be morally responsible for performing it or for failing to do so. Like in the free will debate, it is also relevant whether they had the ability to do otherwise. A prominent theory of concepts and concept possession understands these terms in relation to abilities. According to it, it is required that the agent possess both the ability to discriminate between positive and negative cases and the ability to draw inferences to related concepts."
Scout,21.0,83.0,"Application Performance Monitoring Built for Developers, by Developers",Scout may refer to:
Try,0.0,3.0,Run a command and inspect its effects before changing your live system,Try or TRY may refer to:
Nuclio,11.0,15.0,Real-time serverless platform,
Ember-cli,0.0,261.0,The command line interface for ambitious web applications,
Ethereum,13.0,819.0,Open source platform to write and distribute decentralized applications,"Ethereum is a decentralized blockchain with smart contract functionality. Ether (Abbreviation: ETH;  sign: Ξ) is the native cryptocurrency of the platform. Among cryptocurrencies, ether is second only to bitcoin in market capitalization. It is open-source software.
Ethereum was conceived in 2013 by programmer Vitalik Buterin. Additional founders of Ethereum included Gavin Wood, Charles Hoskinson, Anthony Di Iorio and Joseph Lubin. In 2014, development work began and was crowdfunded, and the network went live on 30 July 2015. Ethereum allows anyone to deploy permanent and immutable decentralized applications onto it, with which users can interact. Decentralized finance (DeFi) applications provide financial instruments which do not directly rely on financial intermediaries like brokerages, exchanges, or banks. This facilitates borrowing against cryptocurrency holdings or lending them out for interest. Ethereum also allows users to create and exchange non-fungible tokens (NFTs), which are tokens that can be tied to unique digital assets, such as images. Additionally, many other cryptocurrencies utilize the ERC-20 token standard on top of the Ethereum blockchain and have utilized the platform for initial coin offerings.
On 15 September 2022, Ethereum transitioned its consensus mechanism from proof-of-work (PoW) to proof-of-stake (PoS) in an upgrade process known as ""the Merge"". This has cut Ethereum's energy usage by 99%."
Headway,0.0,20.0,Easiest way to keep your customers in the loop about your product.,"Headway is the distance or duration between vehicles in a transit system measured in space or time. The minimum headway is the shortest such distance or time achievable by a system without a reduction in the speed of vehicles. The precise definition varies depending on the application, but it is most commonly measured as the distance from the tip (front end) of one vehicle to the tip of the next one behind it. It can be expressed as the distance between vehicles, or as time it will take for the trailing vehicle to cover that distance. A ""shorter"" headway signifies closer spacing between the vehicles. Airplanes operate with headways measured in hours or days, freight trains and commuter rail systems might have headways measured in parts of an hour, metro and light rail systems operate with headways on the order of 90 seconds to 20 minutes, and vehicles on a freeway can have as little as 2 seconds headway between them.
Headway is a key input in calculating the overall route capacity of any transit system. A system that requires large headways has more empty space than passenger capacity, which lowers the total number of passengers or cargo quantity being transported for a given length of line (railroad or highway, for instance). In this case, the capacity has to be improved through the use of larger vehicles. On the other end of the scale, a system with short headways, like cars on a freeway, can offer relatively large capacities even though the vehicles carry few passengers.
The term is most often applied to rail transport and bus transport, where low headways are often needed to move large numbers of people in mass transit railways and bus rapid transit systems. A lower headway requires more infrastructure, making lower headways expensive to achieve. Modern large cities require passenger rail systems with tremendous capacity, and low headways allow passenger demand to be met in all but the busiest cities. Newer signalling systems and moving block controls have significantly reduced headways in modern systems compared to the same lines only a few years ago. In principle, automated personal rapid transit systems and automobile platoons could reduce headways to as little as fractions of a second."
zx,0.0,46.0,A tool for writing better scripts (By Google),ZX may refer to:
Draggable JS,0.0,53.0,"A lightweight, responsive, modern drag-and-drop library (by Shopify)",
Scout,21.0,83.0,"Application Performance Monitoring Built for Developers, by Developers",Scout may refer to:
Netlify CMS,6.0,496.0,Open source content management for your Git workflow,"Netlify is a remote-first cloud computing company that offers a development platform that includes build, deploy, and serverless backend services for web applications and dynamic websites. The platform is built on open web standards, making it possible to integrate build tools, web frameworks, APIs, and various web technologies into a unified developer workflow.The company enables building, deploying, and scaling websites whose source files are stored in the version control system Git and then generated into static web content files served via a content delivery network. The platform also provides services and features of serverless computing and edge computing, offering serverless functions that are version-controlled, built, and deployed alongside frontend code. Netlify Functions are used in building dynamic websites with interactive features. The Netlify platform integrates with the most popular plugins and application programming interfaces (APIs) to unlock new capabilities and use cases for web projects on Netlify."
JFreeChart,2.0,25.0,A free Java chart library,"JFreeChart is an open-source framework for the programming language Java, which allows the creation of a wide variety of both interactive and non-interactive charts.
JFreeChart, developed by David Gilbert, is available under the terms of the LGPL license."
Ably,74.0,48.0,"The platform to power synchronized digital experiences in realtime, at scale.","Abilities are powers an agent has to perform various actions. They include common abilities, like walking, and rare abilities, like performing a double backflip. Abilities are intelligent powers: they are guided by the person's intention and executing them successfully results in an action, which is not true for all types of powers. They are closely related to but not identical with various other concepts, such as disposition, know-how, aptitude, talent, potential, and skill.
Theories of ability aim to articulate the nature of abilities. Traditionally, the conditional analysis has been the most popular approach. According to it, having an ability means one would perform the action in question if one tried to do so. On this view, Michael Phelps has the ability to swim 200 meters in under 2 minutes because he would do so if he tried to. This approach has been criticized in various ways. Some counterexamples involve cases in which the agent is physically able to do something but unable to try, due to a strong aversion. In order to avoid these and other counterexamples, various alternative approaches have been suggested. Modal theories of ability, for example, focus on what is possible for the agent to do. Other suggestions include defining abilities in terms of dispositions and potentials.
An important distinction among abilities is between general abilities and specific abilities. General abilities are abilities possessed by an agent independent of their situation while specific abilities concern what an agent can do in a specific situation. So while an expert piano player always has the general ability to play various piano pieces, they lack the corresponding specific ability in a situation where no piano is present. Another distinction concerns the question of whether successfully performing an action by accident counts as having the corresponding ability. In this sense, an amateur hacker may have the effective ability to hack his boss's email account, because they may be lucky and guess the password correctly, but not the corresponding transparent ability, since they are unable to reliably do so.
The concept of abilities and how they are to be understood is relevant for various related fields. Free will, for example, is often understood as the ability to do otherwise. The debate between compatibilism and incompatibilism concerns the question whether this ability can exist in a world governed by deterministic laws of nature. Autonomy is a closely related concept, which can be defined as the ability of individual or collective agents to govern themselves. Whether an agent has the ability to perform a certain action is important for whether they have a moral obligation to perform this action. If they possess it, they may be morally responsible for performing it or for failing to do so. Like in the free will debate, it is also relevant whether they had the ability to do otherwise. A prominent theory of concepts and concept possession understands these terms in relation to abilities. According to it, it is required that the agent possess both the ability to discriminate between positive and negative cases and the ability to draw inferences to related concepts."
Try,0.0,3.0,Run a command and inspect its effects before changing your live system,Try or TRY may refer to:
Qemu,3.0,93.0,A generic and open source machine emulator and virtualizer,"QEMU (Quick Emulator) is a free and open-source emulator. It emulates a computer's processor through dynamic binary translation and provides a set of different hardware and device models for the machine, enabling it to run a variety of guest operating systems. It can interoperate with Kernel-based Virtual Machine (KVM) to run virtual machines at near-native speed. QEMU can also do emulation for user-level processes, allowing applications compiled for one architecture to run on another.QEMU supports the emulation of various architectures, including x86, ARM, PowerPC, RISC-V, and others."
BrowserStack,447.0,2700.0,BrowserStack is a software testing platform for developers to comprehensively test websites and mobile...,"BrowserStack is a cloud web and mobile testing platform that provides developers with the ability to test their websites and mobile applications across on-demand browsers, operating systems and real mobile devices.  The company is based in India."
RAML,39.0,125.0,RESTful API Modeling Language (RAML) makes it easy to manage the whole API lifecycle from design to sh...,"RAML or Raml may refer to:

RAML (software) (RESTful API Modeling Language), a YAML based language for describing RESTful APIs
Michael Raml (born 1987), Austrian politician"
FreeIPA,3.0,42.0,"Manage Linux users and client hosts in your realm from one central location with CLI, Web UI or RPC ac...",FreeIPA is a free and open source identity management system. FreeIPA is the upstream open-source project for Red Hat Identity Management.
Google Cloud Vision API,16.0,130.0,Understand the content of an image by encapsulating powerful machine learning models,"Google Cloud Platform (GCP), offered by Google, is a suite of cloud computing services that provides a series of modular cloud services including computing, data storage, data analytics and machine learning, alongside a set of management tools. It runs on the same infrastructure that Google uses internally for its end-user products, such as Google Search, Gmail, and Google Docs, according to Verma, et.al. Registration requires a credit card or bank account details.Google Cloud Platform provides infrastructure as a service, platform as a service, and serverless computing environments.
In April 2008, Google announced App Engine, a platform for developing and hosting web applications in Google-managed data centers, which was the first cloud computing service from the company. The service became generally available in November 2011. Since the announcement of App Engine, Google added multiple cloud services to the platform.
Google Cloud Platform is a part of Google Cloud, which includes the Google Cloud Platform public cloud infrastructure, as well as Google Workspace (G Suite), enterprise versions of Android and ChromeOS, and application programming interfaces (APIs) for machine learning and enterprise mapping services."
Java EE,2.0,525.0,The standard in community-driven enterprise software,"Jakarta EE, formerly Java Platform, Enterprise Edition (Java EE) and Java 2 Platform, Enterprise Edition (J2EE), is a set of specifications, extending Java SE with specifications for enterprise features such as distributed computing and web services. Jakarta EE applications are run on reference runtimes, which can be microservices or application servers, which handle transactions, security, scalability, concurrency and management of the components they are deploying.
Jakarta EE is defined by its specification. The specification defines APIs (application programming interface) and their interactions. As with other Java Community Process specifications, providers must meet certain conformance requirements in order to declare their products as Jakarta EE compliant.
Examples of contexts in which Jakarta EE referencing runtimes are used are: e-commerce, accounting, banking information systems."
Webpacker,0.0,105.0,Use Webpack to manage app-like JavaScript modules in Rails (by Rails),
LiteSpeed,0.0,2250.0,"A drop-in Apache replacement and the leading high-performance, high-scalability server","LiteSpeed Web Server (LSWS) is proprietary web server software. It is the 4th most popular web server, estimated to be used by 10% of websites as of July 2021. LSWS is developed by privately held LiteSpeed Technologies. The software uses the same configuration format as Apache HTTP Server and is compatible with most Apache features. An open source variant is also available.LSWS was released in 2003, and in August 2008 it became the 16th most popular web server. In November 2016, LiteSpeed's market share grew from 0.39% to 3.29%, increasing its position from 10th to 4th most popular web server according to Netcraft. In 2017, a team from Hong Kong Polytechnic University found it to be one of the six most popular web servers, and it was estimated by a team at RWTH Aachen University to be running 9.2% of all HTTP/2-enabled websites. As of April 2020, LSWS was used by 69.3% of websites using QUIC and 47.6% of websites using HTTP/3.According to a Netcraft web server survey, LiteSpeed had not grown beyond 3% of global market shares as of 2021.LiteSpeed Cache plugin, also known as LSCache, is a cache and performance management plugin for websites developed specifically for LiteSpeed Web Server. You can download this plugin from WordPress."
Akamai,0.0,1910.0,"The leading platform for cloud, mobile, media and security across any device, anywhere.","Akamai Technologies, Inc. is an American company that provides content delivery network (CDN), cybersecurity, DDoS mitigation, and cloud services. Akamai is headquartered in Cambridge, Massachusetts. The company operates a network of servers worldwide, renting the capacity of the servers to customers running websites or other web services, in order to provide greater speed or availability to the end user by using an Akamai owned server that is located closer to the user."
Veeva,0.0,13.0,A CRM application for biotechnology and pharmaceutical industries,"Veeva Systems Inc. is an American cloud-computing company focused on pharmaceutical and life sciences industry applications. Headquartered in Pleasanton, California, it was founded in 2007 by Peter Gassner and Matt Wallach. It works with software as a service (SaaS) in the life-science industry.
The company went public in October 2013. As of May 5, 2022, it has a market capitalization of US$27.5 billion.On February 1, 2021, Veeva became a  public benefit corporation. This made it the first publicly-traded company to convert to a public benefit corporation."
JBoss,0.0,303.0,An open source Java EE-based application server,"WildFly, formerly known as JBoss AS, or simply JBoss, is an application server written by JBoss, now developed by Red Hat. WildFly is written in Java and implements the Java Platform, Enterprise Edition (Java EE) specification. It runs on multiple platforms.
WildFly is free and open-source software, subject to the requirements of the GNU Lesser General Public License (LGPL), version 2.1."
Buildkite,115.0,210.0,"Fast, secure and scalable CI/CD for all your software projects",
MassTransit,0.0,81.0,Lightweight message bus for creating distributed applications,"MassTransit may refer to:

Mass transit, public transportion
MassTransit, Massachusetts Bay Transportation Authority, an eastern-Massachusetts mass-transit agency
MassTransit-Project, open-source, .NET-based software
MassTransit, converter software between mass-spectrometry-data formats"
Conductor,0.0,63.0,A microservices orchestration engine that runs in the cloud,Conductor or conduction may refer to:
Cloudflare Workers,0.0,132.0,Build serverless applications on Cloudflare's global cloud network,
JBoss,0.0,303.0,An open source Java EE-based application server,"WildFly, formerly known as JBoss AS, or simply JBoss, is an application server written by JBoss, now developed by Red Hat. WildFly is written in Java and implements the Java Platform, Enterprise Edition (Java EE) specification. It runs on multiple platforms.
WildFly is free and open-source software, subject to the requirements of the GNU Lesser General Public License (LGPL), version 2.1."
FreeIPA,3.0,42.0,"Manage Linux users and client hosts in your realm from one central location with CLI, Web UI or RPC ac...",FreeIPA is a free and open source identity management system. FreeIPA is the upstream open-source project for Red Hat Identity Management.
Google Cloud Vision API,16.0,130.0,Understand the content of an image by encapsulating powerful machine learning models,"Google Cloud Platform (GCP), offered by Google, is a suite of cloud computing services that provides a series of modular cloud services including computing, data storage, data analytics and machine learning, alongside a set of management tools. It runs on the same infrastructure that Google uses internally for its end-user products, such as Google Search, Gmail, and Google Docs, according to Verma, et.al. Registration requires a credit card or bank account details.Google Cloud Platform provides infrastructure as a service, platform as a service, and serverless computing environments.
In April 2008, Google announced App Engine, a platform for developing and hosting web applications in Google-managed data centers, which was the first cloud computing service from the company. The service became generally available in November 2011. Since the announcement of App Engine, Google added multiple cloud services to the platform.
Google Cloud Platform is a part of Google Cloud, which includes the Google Cloud Platform public cloud infrastructure, as well as Google Workspace (G Suite), enterprise versions of Android and ChromeOS, and application programming interfaces (APIs) for machine learning and enterprise mapping services."
MassTransit,0.0,81.0,Lightweight message bus for creating distributed applications,"MassTransit may refer to:

Mass transit, public transportion
MassTransit, Massachusetts Bay Transportation Authority, an eastern-Massachusetts mass-transit agency
MassTransit-Project, open-source, .NET-based software
MassTransit, converter software between mass-spectrometry-data formats"
SAP HANA,27.0,154.0,"An in-memory, column-oriented, relational database management system","SAP HANA (HochleistungsANalyseAnwendung or High-performance ANalytic Application) is an in-memory, column-oriented, relational database management system developed and marketed by SAP SE. Its primary function as the software running a database server is to store and retrieve data as requested by the applications. In addition, it performs advanced analytics (predictive analytics, spatial data processing, text analytics, text search, streaming analytics, graph data processing) and includes extract, transform, load (ETL) capabilities as well as an application server."
Cloudflare Workers,0.0,132.0,Build serverless applications on Cloudflare's global cloud network,
LiteSpeed,0.0,2250.0,"A drop-in Apache replacement and the leading high-performance, high-scalability server","LiteSpeed Web Server (LSWS) is proprietary web server software. It is the 4th most popular web server, estimated to be used by 10% of websites as of July 2021. LSWS is developed by privately held LiteSpeed Technologies. The software uses the same configuration format as Apache HTTP Server and is compatible with most Apache features. An open source variant is also available.LSWS was released in 2003, and in August 2008 it became the 16th most popular web server. In November 2016, LiteSpeed's market share grew from 0.39% to 3.29%, increasing its position from 10th to 4th most popular web server according to Netcraft. In 2017, a team from Hong Kong Polytechnic University found it to be one of the six most popular web servers, and it was estimated by a team at RWTH Aachen University to be running 9.2% of all HTTP/2-enabled websites. As of April 2020, LSWS was used by 69.3% of websites using QUIC and 47.6% of websites using HTTP/3.According to a Netcraft web server survey, LiteSpeed had not grown beyond 3% of global market shares as of 2021.LiteSpeed Cache plugin, also known as LSCache, is a cache and performance management plugin for websites developed specifically for LiteSpeed Web Server. You can download this plugin from WordPress."
Veeva,0.0,13.0,A CRM application for biotechnology and pharmaceutical industries,"Veeva Systems Inc. is an American cloud-computing company focused on pharmaceutical and life sciences industry applications. Headquartered in Pleasanton, California, it was founded in 2007 by Peter Gassner and Matt Wallach. It works with software as a service (SaaS) in the life-science industry.
The company went public in October 2013. As of May 5, 2022, it has a market capitalization of US$27.5 billion.On February 1, 2021, Veeva became a  public benefit corporation. This made it the first publicly-traded company to convert to a public benefit corporation."
Stencil,0.0,85.0,A reusable web component generator,"Stencilling produces an image or pattern on a surface, by applying pigment to a surface through an intermediate object, with designed holes in the intermediate object. The holes allow the pigment to reach only some parts of the surface creating the design. The stencil is both the resulting image or pattern and the intermediate object; the context in which stencil is used makes clear which meaning is intended. In practice, the (object) stencil is usually a thin sheet of material, such as paper, plastic, wood or metal, with letters or a design cut from it, used to produce the letters or design on an underlying surface by applying pigment through the cut-out holes in the material.
The key advantage of a stencil is that it can be reused to repeatedly and rapidly produce the same letters or design. Although aerosol or painting stencils can be made for one-time use, typically they are made with the intention of being reused. To be reusable, they must remain intact after a design is produced and the stencil is removed from the work surface. With some designs, this is done by connecting stencil islands (sections of material that are inside cut-out ""holes"" in the stencil) to other parts of the stencil with bridges (narrow sections of material that are not cut out).
Stencil technique in visual art is also referred to as pochoir.  A related technique (which has found applicability in some surrealist compositions) is aerography, in which spray-painting is done around a  three-dimensional object to create a negative of the object instead of a positive of a stencil design. This technique was used in cave paintings dating to 10,000 BC, where human hands were used in painting handprint outlines among paintings of animals and other objects. The artist sprayed pigment around his hand by using a hollow bone, blown by mouth to direct a stream of pigment.
Screen printing also uses a stencil process, as does mimeography. The masters from which mimeographed pages are printed are often called ""stencils"". Stencils can be made with one or many colour layers using different techniques, with most stencils designed to be applied as solid colours. During screen printing and mimeography, the images for stenciling are broken down into color layers. Multiple layers of stencils are used on the same surface to produce multi-colored images."
Webpacker,0.0,105.0,Use Webpack to manage app-like JavaScript modules in Rails (by Rails),
AutoGen,0.0,0.0,Enable next-gen large language model applications (By Microsoft),
Flair,1.0,15.0,A simple framework for natural language processing,"Flair can refer to:

Flair, a short-lived magazine edited by Fleur Cowles
Flair (miniseries), a 1990 Australian miniseries
Flair (pens), a brand of felt tip pens
Flair (horse), a Thoroughbred racehorse
The Flair family of American professional wrestlers (actual family name Fliehr):
Ric Flair (born 1949), family patriarch
David Flair (born 1979), older son
Charlotte Flair (born 1986), ring name of daughter Ashley
Reid Flair (1988–2013), younger son
The Flairs, an American doo-wop group in the 1950s
Flair Records, a record label
Flair bartending
Fluid-attenuated inversion recovery (FLAIR), an MRI imaging technique
Flair Software, a British video game developer and publisher
Flair Airlines, a Canadian low-fare airline
Decorative buttons adorning wait staff uniforms in the movie Office Space"
Unicorn,295.0,491.0,Rack HTTP server for fast clients and Unix,"The unicorn is a legendary creature that has been described since antiquity as a beast with a single large, pointed, spiraling horn projecting from its forehead.
In European literature and art, the unicorn has for the last thousand years or so been depicted as a white horse-like or goat-like animal with a long straight horn with spiralling grooves, cloven hooves, and sometimes a goat's beard. In the Middle Ages and Renaissance, it was commonly described as an extremely wild woodland creature, a symbol of purity and grace, which could be captured only by a virgin. In encyclopedias, its horn was described as having the power to render poisoned water potable and to heal sickness. In medieval and Renaissance times, the tusk of the narwhal was sometimes sold as a unicorn horn.
A bovine type of unicorn is thought by some scholars to have been depicted in seals of the Bronze Age Indus Valley civilization, the interpretation remaining controversial. An equine form of the unicorn was mentioned by the ancient Greeks in accounts of natural history by various writers, including Ctesias, Strabo, Pliny the Younger, Aelian, and Cosmas Indicopleustes. The Bible also describes an animal, the re'em, which some translations render as unicorn.The unicorn continues to hold a place in popular culture. It is often used as a symbol of fantasy or rarity."
PlayCanvas,0.0,29.0,Collaboratively build stunning HTML5 games and visualizations,"PlayCanvas is an open-source 3D game engine/interactive 3D application engine alongside a proprietary cloud-hosted creation platform that allows for simultaneous editing from multiple computers via a browser-based interface. It runs in modern browsers that support WebGL, including Mozilla Firefox and Google Chrome. The engine is capable of rigid-body physics simulation, handling three-dimensional audio and 3D animations.
PlayCanvas has gained the support of ARM, Activision and Mozilla.The PlayCanvas engine was open-sourced on June 4, 2014.In April 2019, BusinessInsider.com reported that the company was acquired by Snap Inc. in 2017."
Notion API,0.0,59.0,Connect Notion to the tools you use every day,
Contentful,70.0,808.0,Contentful is a cloud-based API-first content platform,"Contentful is a headless content management system (CMS), founded in 2013 in Berlin, Germany by Sascha Konietzke and Paolo Negri. The company and the platform are both called Contentful. As of June 2021, the company is headquartered in San Francisco, California, with offices in Denver, Colorado and Berlin."
Plotly.js,69.0,325.0,"A high-level, declarative charting library",
Heap,125.0,674.0,Automatically capture every user action in your app and measure it all,Heap or HEAP may refer to:
Webflow,52.0,704.0,Build responsive websites visually,"Webflow, Inc. is an American company, based in San Francisco, that provides software as a service for website building and hosting. Their online visual editor platform allows users to design, build, and launch websites. According to W3Techs, Webflow is used by 0.6% of the top 10 million websites."
Backstage.io,0.0,39.0,An open platform for building developer portals,
Mode,17.0,121.0,"SQL-based analytics tool that helps analysts query, visualize, and share data.","Mode (Latin: modus meaning ""manner, tune, measure, due measure, rhythm, melody"") may refer to:"
Apache Mesos,31.0,310.0,Develop and run resource-efficient distributed systems,"Apache Mesos is an open-source  project to manage computer clusters. It was developed at the University of California, Berkeley."
ipinfo.io,0.0,17.0,IP address information lookup API,
Cockpit,17.0,54.0,Add content management functionality to any site - plug & play CMS,"A cockpit or flight deck is the area, usually near the front of an aircraft or spacecraft, from which a pilot controls the aircraft.

The cockpit of an aircraft contains flight instruments on an instrument panel, and the controls that enable the pilot to fly the aircraft. In most airliners, a door separates the cockpit from the aircraft cabin. After the September 11, 2001 attacks, all major airlines fortified their cockpits against access by hijackers."
OCaml,28.0,275.0,A general purpose industrial-strength programming language,"OCaml ( oh-KAM-əl, formerly Objective Caml) is a general-purpose, high-level, multi-paradigm programming language which extends the Caml dialect of ML with object-oriented features. OCaml was created in 1996 by Xavier Leroy, Jérôme Vouillon, Damien Doligez, Didier Rémy, Ascánder Suárez, and others.
The OCaml toolchain includes an interactive top-level interpreter, a bytecode compiler, an optimizing native code compiler, a reversible debugger, and a package manager (OPAM).  OCaml was initially developed in the context of automated theorem proving, and has an outsize presence in static analysis and formal methods software. Beyond these areas, it has found serious use in systems programming, web development, and specific financial utilities, among other application domains.
The acronym CAML originally stood for Categorical Abstract Machine Language, but OCaml omits this abstract machine. OCaml is a free and open-source software project managed and principally maintained by the French Institute for Research in Computer Science and Automation (Inria). In the early 2000s, elements from OCaml were adopted by many languages, notably F# and Scala."
TestCafe,26.0,187.0,A Node.js tool to automate end-to-end web testing,
ClojureScript,2.0,308.0,A Clojure compiler targeting JavaScript,"Clojure (, like closure) is a dynamic and functional dialect of the Lisp programming language on the Java platform.Like most other Lisps, Clojure's syntax is built on S-expressions that are first parsed into data structures by a reader before being compiled. Clojure's reader supports literal syntax for maps, sets and vectors along with lists, and these are compiled to the mentioned structures directly. Clojure treats code as data and has a Lisp macro system. Clojure is a Lisp-1 and is not intended to be code-compatible with other dialects of Lisp, since it uses its own set of data structures incompatible with other Lisps.Clojure advocates immutability and immutable data structures and encourages programmers to be explicit about managing identity and its states. This focus on programming with immutable values and explicit progression-of-time constructs is intended to facilitate developing more robust, especially concurrent, programs that are simple and fast. While its type system is entirely dynamic, recent efforts have also sought the implementation of a dependent type system.The language was created by Rich Hickey in the mid-2000's, originally for the Java platform; the language has since been ported to other platforms, such as the Common Language Runtime (.NET). Hickey continues to lead development of the language as its benevolent dictator for life."
Novu,0.0,3.0,The open-source notification infrastructure for developers,
Typekit,0.0,4210.0,An online service offering high-quality fonts,"Adobe Fonts (formerly Typekit) is an online service that provides its subscribers with access to its font library, under a single licensing agreement. The fonts may be used directly on websites, or synced via Adobe Creative Cloud to applications on the subscriber's computers.Adobe Fonts was launched as Typekit in November 2009 by Small Batch, Inc., a company run by creators of the Google Analytics service. In October 2011, the service was acquired by Adobe. On 15 October 2018, Typekit changed its name to Adobe Fonts."
Webpacker,0.0,105.0,Use Webpack to manage app-like JavaScript modules in Rails (by Rails),
Plotly.js,69.0,325.0,"A high-level, declarative charting library",
Google Charts,0.0,119.0,A Web service that creates graphical charts,"Google Charts is an interactive Web service that creates graphical charts from user-supplied information. The user supplies data and a formatting specification expressed in JavaScript embedded in a Web page; in response, the service sends an image of the chart."
Heap,125.0,674.0,Automatically capture every user action in your app and measure it all,Heap or HEAP may refer to:
Notion API,0.0,59.0,Connect Notion to the tools you use every day,
Webflow,52.0,704.0,Build responsive websites visually,"Webflow, Inc. is an American company, based in San Francisco, that provides software as a service for website building and hosting. Their online visual editor platform allows users to design, build, and launch websites. According to W3Techs, Webflow is used by 0.6% of the top 10 million websites."
Conductor,0.0,63.0,A microservices orchestration engine that runs in the cloud,Conductor or conduction may refer to:
Contentful,70.0,808.0,Contentful is a cloud-based API-first content platform,"Contentful is a headless content management system (CMS), founded in 2013 in Berlin, Germany by Sascha Konietzke and Paolo Negri. The company and the platform are both called Contentful. As of June 2021, the company is headquartered in San Francisco, California, with offices in Denver, Colorado and Berlin."
PlayCanvas,0.0,29.0,Collaboratively build stunning HTML5 games and visualizations,"PlayCanvas is an open-source 3D game engine/interactive 3D application engine alongside a proprietary cloud-hosted creation platform that allows for simultaneous editing from multiple computers via a browser-based interface. It runs in modern browsers that support WebGL, including Mozilla Firefox and Google Chrome. The engine is capable of rigid-body physics simulation, handling three-dimensional audio and 3D animations.
PlayCanvas has gained the support of ARM, Activision and Mozilla.The PlayCanvas engine was open-sourced on June 4, 2014.In April 2019, BusinessInsider.com reported that the company was acquired by Snap Inc. in 2017."
ipinfo.io,0.0,17.0,IP address information lookup API,
WebGL,0.0,170.0,A JavaScript API for rendering 3D graphics within any compatible web browser,"WebGL (short for Web Graphics Library) is a JavaScript API for rendering interactive 2D and 3D graphics within any compatible web browser without the use of plug-ins. WebGL is fully integrated with other web standards, allowing GPU-accelerated usage of physics, image processing, and effects in the HTML canvas. WebGL elements can be mixed with other HTML elements and composited with other parts of the page or page background.WebGL programs consist of control code written in JavaScript, and shader code written in OpenGL ES Shading Language (GLSL ES), a language similar to C or C++. WebGL code is executed on a computer's GPU. 
WebGL is designed and maintained by the non-profit Khronos Group. On February 9, 2022, Khronos Group announced WebGL 2.0 support from all major browsers."
Backstage.io,0.0,39.0,An open platform for building developer portals,
OCaml,28.0,275.0,A general purpose industrial-strength programming language,"OCaml ( oh-KAM-əl, formerly Objective Caml) is a general-purpose, high-level, multi-paradigm programming language which extends the Caml dialect of ML with object-oriented features. OCaml was created in 1996 by Xavier Leroy, Jérôme Vouillon, Damien Doligez, Didier Rémy, Ascánder Suárez, and others.
The OCaml toolchain includes an interactive top-level interpreter, a bytecode compiler, an optimizing native code compiler, a reversible debugger, and a package manager (OPAM).  OCaml was initially developed in the context of automated theorem proving, and has an outsize presence in static analysis and formal methods software. Beyond these areas, it has found serious use in systems programming, web development, and specific financial utilities, among other application domains.
The acronym CAML originally stood for Categorical Abstract Machine Language, but OCaml omits this abstract machine. OCaml is a free and open-source software project managed and principally maintained by the French Institute for Research in Computer Science and Automation (Inria). In the early 2000s, elements from OCaml were adopted by many languages, notably F# and Scala."
Slick,0.0,9200.0,Database query and access library for Scala,Slick may refer to:
Cockpit,17.0,54.0,Add content management functionality to any site - plug & play CMS,"A cockpit or flight deck is the area, usually near the front of an aircraft or spacecraft, from which a pilot controls the aircraft.

The cockpit of an aircraft contains flight instruments on an instrument panel, and the controls that enable the pilot to fly the aircraft. In most airliners, a door separates the cockpit from the aircraft cabin. After the September 11, 2001 attacks, all major airlines fortified their cockpits against access by hijackers."
PlantUML,0.0,64.0,Generate diagrams from textual description,"PlantUML is an open-source tool allowing users to create diagrams from a plain text language. Besides various UML diagrams, PlantUML has support for various other software development related formats (such as Archimate, Block diagram, BPMN, C4, Computer network diagram, ERD, Gantt chart, Mind map, and WBD), as well as visualisation of JSON and YAML files.
The language of PlantUML is an example of a domain-specific language. Besides its own DSL, PlantUML also understands AsciiMath, Creole, DOT, and LaTeX. It uses Graphviz software to lay out its diagrams and Tikz for LaTeX support. Images can be output as PNG, SVG, LaTeX and even ASCII art.  PlantUML has also been used to allow blind people to design and read UML diagrams."
Bitrise,74.0,335.0,Automate your mobile app development from building through testing to deployment,
Apache CloudStack,94.0,66.0,Apache CloudStack is an opensource Infrastructure as a Service (IaaS) cloud computing platform,"CloudStack is open-source Infrastructure-as-a-Service cloud computing software for creating, managing, and deploying infrastructure cloud services. It uses existing hypervisor platforms for virtualization, such as KVM, VMware vSphere, including ESXi and vCenter, XenServer/XCP and XCP-ng. In addition to its own API, CloudStack also supports the Amazon Web Services (AWS) API and the Open Cloud Computing Interface from the Open Grid Forum."
Codeanywhere,121.0,100.0,"Online code editor, available on iOS, Android and more. Integrates with GitHub and Dropbox","Codeanywhere is a cross-platform cloud integrated development environment (IDE) created by Codeanywhere, Inc. Codeanywhere enables users to write, edit, collaborate, and run web development projects from a web browser or mobile device.Codeanywhere is written in JavaScript. The editor is based on CodeMirror and uses OpenVZ containers for the development environments. Codeanywhere is platform agnostic, enabling the user to run code in Codeanywhere's environments called DevBoxes or connect to their own VMs via SSH or FTP protocol and also connect to Dropbox and Google Drive. The environment supports more than 75 programming languages, including HTML, JavaScript, Node.js, io.js PHP, Ruby, Python, and Go.In 2017, the company acquired Codebender, another cloud IDE. Codebender is used to develop for Arduino devices."
Google Lighthouse,0.0,32.0,Automated tool for measuring the quality of web pages,"Google Lighthouse is an open-source, automated tool for measuring the quality of web pages. It can be run against any web page, public or, requiring authentication. Google Lighthouse audits performance, accessibility, and search engine optimization factors of web pages, this is the major difference from Google PageSpeed, the Google Lighthouse provides more detail information. It also includes the ability to test progressive web applications for compliance with standards and best practices. Google Lighthouse is developed by Google and aims to help web developers, the tool can be run by using Chrome browser extension or by using terminal (command) for batch auditing a list of URLs. Google's recommendation is for using the online version of Page Speed Insights as of 15th May 2015.Google Lighthouse [Version 10 - May 2023] includes a metric for Progressive Web Applications to ensure that PWA's are fast and reliable, installable and optimised for modern 7th and 8th generation mobile technology. Google Lighthouse can audit webpage in desktop version and mobile version. In command mode (cmd in Windows), the developer is able to select the factors that need to be audited and other options by using the command line.
Recent versions of Google Lighthouse offer insights into how to optimize the Core Web Vitals metrics (which is one of the signals used by Google's algorithm to rank pages), as announced by Google engineer Addy Osmani in 2021. As of now, Google uses three parameters to measure Core Web Vitals compliance, which are:

Largest Contentful Paint (LCP)
Cumulative Layout Shift (CLS)
Total Blocking Time (TBT) as a proxy for First Input Delay (FID)On 10th May 2023, Google announced that INP will replace FID as the metric measuring responsiveness of a page. The move is aimed at getting a better handle on the total time taken for user interactions, rather than just the first interaction. These changes will start affecting page results from March 2024."
navi,0.0,27.0,An interactive cheatsheet tool for the command-line,Navi may refer to:
Redash,12.0,340.0,"Easily query an existing database, share the dataset and visualize it in different ways",
PlantUML,0.0,64.0,Generate diagrams from textual description,"PlantUML is an open-source tool allowing users to create diagrams from a plain text language. Besides various UML diagrams, PlantUML has support for various other software development related formats (such as Archimate, Block diagram, BPMN, C4, Computer network diagram, ERD, Gantt chart, Mind map, and WBD), as well as visualisation of JSON and YAML files.
The language of PlantUML is an example of a domain-specific language. Besides its own DSL, PlantUML also understands AsciiMath, Creole, DOT, and LaTeX. It uses Graphviz software to lay out its diagrams and Tikz for LaTeX support. Images can be output as PNG, SVG, LaTeX and even ASCII art.  PlantUML has also been used to allow blind people to design and read UML diagrams."
OCaml,28.0,275.0,A general purpose industrial-strength programming language,"OCaml ( oh-KAM-əl, formerly Objective Caml) is a general-purpose, high-level, multi-paradigm programming language which extends the Caml dialect of ML with object-oriented features. OCaml was created in 1996 by Xavier Leroy, Jérôme Vouillon, Damien Doligez, Didier Rémy, Ascánder Suárez, and others.
The OCaml toolchain includes an interactive top-level interpreter, a bytecode compiler, an optimizing native code compiler, a reversible debugger, and a package manager (OPAM).  OCaml was initially developed in the context of automated theorem proving, and has an outsize presence in static analysis and formal methods software. Beyond these areas, it has found serious use in systems programming, web development, and specific financial utilities, among other application domains.
The acronym CAML originally stood for Categorical Abstract Machine Language, but OCaml omits this abstract machine. OCaml is a free and open-source software project managed and principally maintained by the French Institute for Research in Computer Science and Automation (Inria). In the early 2000s, elements from OCaml were adopted by many languages, notably F# and Scala."
Mode,17.0,121.0,"SQL-based analytics tool that helps analysts query, visualize, and share data.","Mode (Latin: modus meaning ""manner, tune, measure, due measure, rhythm, melody"") may refer to:"
Cockpit,17.0,54.0,Add content management functionality to any site - plug & play CMS,"A cockpit or flight deck is the area, usually near the front of an aircraft or spacecraft, from which a pilot controls the aircraft.

The cockpit of an aircraft contains flight instruments on an instrument panel, and the controls that enable the pilot to fly the aircraft. In most airliners, a door separates the cockpit from the aircraft cabin. After the September 11, 2001 attacks, all major airlines fortified their cockpits against access by hijackers."
Codeanywhere,121.0,100.0,"Online code editor, available on iOS, Android and more. Integrates with GitHub and Dropbox","Codeanywhere is a cross-platform cloud integrated development environment (IDE) created by Codeanywhere, Inc. Codeanywhere enables users to write, edit, collaborate, and run web development projects from a web browser or mobile device.Codeanywhere is written in JavaScript. The editor is based on CodeMirror and uses OpenVZ containers for the development environments. Codeanywhere is platform agnostic, enabling the user to run code in Codeanywhere's environments called DevBoxes or connect to their own VMs via SSH or FTP protocol and also connect to Dropbox and Google Drive. The environment supports more than 75 programming languages, including HTML, JavaScript, Node.js, io.js PHP, Ruby, Python, and Go.In 2017, the company acquired Codebender, another cloud IDE. Codebender is used to develop for Arduino devices."
Protomaps,0.0,0.0,A free and open source map of the world,
navi,0.0,27.0,An interactive cheatsheet tool for the command-line,Navi may refer to:
Bitrise,74.0,335.0,Automate your mobile app development from building through testing to deployment,
Apache Mesos,31.0,310.0,Develop and run resource-efficient distributed systems,"Apache Mesos is an open-source  project to manage computer clusters. It was developed at the University of California, Berkeley."
Backstage.io,0.0,39.0,An open platform for building developer portals,
Contentful,70.0,808.0,Contentful is a cloud-based API-first content platform,"Contentful is a headless content management system (CMS), founded in 2013 in Berlin, Germany by Sascha Konietzke and Paolo Negri. The company and the platform are both called Contentful. As of June 2021, the company is headquartered in San Francisco, California, with offices in Denver, Colorado and Berlin."
aptly,0.0,19.0,Swiss army knife for Debian repository management,
Google Lighthouse,0.0,32.0,Automated tool for measuring the quality of web pages,"Google Lighthouse is an open-source, automated tool for measuring the quality of web pages. It can be run against any web page, public or, requiring authentication. Google Lighthouse audits performance, accessibility, and search engine optimization factors of web pages, this is the major difference from Google PageSpeed, the Google Lighthouse provides more detail information. It also includes the ability to test progressive web applications for compliance with standards and best practices. Google Lighthouse is developed by Google and aims to help web developers, the tool can be run by using Chrome browser extension or by using terminal (command) for batch auditing a list of URLs. Google's recommendation is for using the online version of Page Speed Insights as of 15th May 2015.Google Lighthouse [Version 10 - May 2023] includes a metric for Progressive Web Applications to ensure that PWA's are fast and reliable, installable and optimised for modern 7th and 8th generation mobile technology. Google Lighthouse can audit webpage in desktop version and mobile version. In command mode (cmd in Windows), the developer is able to select the factors that need to be audited and other options by using the command line.
Recent versions of Google Lighthouse offer insights into how to optimize the Core Web Vitals metrics (which is one of the signals used by Google's algorithm to rank pages), as announced by Google engineer Addy Osmani in 2021. As of now, Google uses three parameters to measure Core Web Vitals compliance, which are:

Largest Contentful Paint (LCP)
Cumulative Layout Shift (CLS)
Total Blocking Time (TBT) as a proxy for First Input Delay (FID)On 10th May 2023, Google announced that INP will replace FID as the metric measuring responsiveness of a page. The move is aimed at getting a better handle on the total time taken for user interactions, rather than just the first interaction. These changes will start affecting page results from March 2024."
Alfred,0.0,173.0,Productivity app for macOS,Alfred may refer to:
Rocky Linux,0.0,24.0,"A community-driven effort to bring you enterprise-grade, production-ready Linux","Rocky Linux is a Linux distribution developed by Rocky Enterprise Software Foundation, which is a privately owned benefit corporation that describes itself as a ""self-imposed not-for-profit"". It is intended to be a downstream, complete binary-compatible release using the Red Hat Enterprise Linux (RHEL) operating system source code. The project's aim is to provide a community-supported, production-grade enterprise operating system.  Rocky Linux, along with RHEL and SUSE Linux Enterprise (SLE), has become popular for enterprise operating system use.The first release candidate version of Rocky Linux was released on April 30, 2021, and its first general availability version was released on June 21, 2021. Rocky Linux 8 will be supported through May 2029 and Rocky Linux 9 through May 2032."
FigJam,0.0,127.0,An online whiteboard from Figma designed for teams,"FIGJAM may refer to:

FIGJAM (acronym), standing for ""Fuck I'm Good, Just Ask Me""
""Figjam"", a 2005 single by Australian band Butterfingers which refers to the above acronym
FigJam, an online collaboration product developed by Figma"
Apache CloudStack,94.0,66.0,Apache CloudStack is an opensource Infrastructure as a Service (IaaS) cloud computing platform,"CloudStack is open-source Infrastructure-as-a-Service cloud computing software for creating, managing, and deploying infrastructure cloud services. It uses existing hypervisor platforms for virtualization, such as KVM, VMware vSphere, including ESXi and vCenter, XenServer/XCP and XCP-ng. In addition to its own API, CloudStack also supports the Amazon Web Services (AWS) API and the Open Cloud Computing Interface from the Open Grid Forum."
BullMQ,0.0,18.0,A library that implements a fast and robust queue system,
Tauri,0.0,66.0,"A framework for building tiny, blazing fast binaries for all major desktop platforms","The Tauri (; Ταῦροι in Ancient Greek), or Taurians, also Scythotauri, Tauri Scythae, Tauroscythae (Pliny, H. N. 4.85) were an ancient people settled on the southern coast of the Crimea peninsula, inhabiting the Crimean Mountains in the 1st millennium BC and the narrow strip of land between the mountains and the Black Sea. According to the sources, the Tauri (Tawri, Tanwri) were the first inhabitants of the Crimean peninsula and never abandoned its borders. They gave their name to the peninsula, which was known in ancient times as Taurica, Taurida and Tauris."
Azure Application Gateway,0.0,9.0,"Build secure, scalable, highly available web front ends in Azure",
Solid.js,0.0,59.0,A declarative Javascript library for creating user interfaces,
Kurtosis,0.0,0.0,A composable build system for reproducible environments,"In probability theory and statistics, kurtosis (from Greek: κυρτός, kyrtos or kurtos, meaning ""curved, arching"") is a measure of the ""tailedness"" of the probability distribution of a real-valued random variable. Like skewness, kurtosis describes a particular aspect of a probability distribution. There are different ways to quantify kurtosis for a theoretical distribution, and there are corresponding ways of estimating it using a sample from a population. Different measures of kurtosis may have different interpretations.
The standard measure of a distribution's kurtosis, originating with Karl Pearson, is a scaled version of the fourth moment of the distribution. This number is related to the tails of the distribution, not its peak; hence, the sometimes-seen characterization of kurtosis as ""peakedness"" is incorrect. For this measure, higher kurtosis corresponds to greater extremity of deviations (or outliers), and not the configuration of data near the mean.
It is common to compare the excess kurtosis (defined below) of a distribution to 0. This value 0 is the excess kurtosis of any univariate normal distribution. Distributions with negative excess kurtosis are said to be platykurtic, although this does not imply the distribution is ""flat-topped"" as is sometimes stated. Rather, it means the distribution produces fewer and/or less extreme outliers than the normal distribution. An example of a platykurtic distribution is the uniform distribution, which does not produce outliers.  Distributions with a positive excess kurtosis are said to be leptokurtic.  An example of a leptokurtic distribution is the Laplace distribution, which has tails that asymptotically approach zero more slowly than a Gaussian, and therefore produces more outliers than the normal distribution. It is common practice to use excess kurtosis, which is defined as Pearson's kurtosis minus 3, to provide a simple comparison to the normal distribution.  Some authors and software packages use ""kurtosis"" by itself to refer to the excess kurtosis. For clarity and generality, however, this article explicitly indicates where non-excess kurtosis is meant.
Alternative measures of kurtosis are: the L-kurtosis, which is a scaled version of the fourth L-moment; measures based on four population or sample quantiles. These are analogous to the alternative measures of skewness that are not based on ordinary moments."
SST,0.0,19.0,A live development environment for AWS Lambda,SST may refer to:
Squarespace,85.0,2050.0,Everything You Need To Create An Exceptional Website,"Squarespace, Inc. is an American website building and hosting company which is based in New York City. It provides software as a service for website building and hosting, and allows users to use pre-built website templates and drag-and-drop elements to create and modify webpages.
In 2003, Anthony Casalena founded Squarespace as a blog hosting service while attending the University of Maryland, College Park. He was its only employee until 2006 when it reached $1 million in revenue. The company grew from 30 employees in 2010 to 550 by 2015. By 2014, it raised a total of $78.5 million in venture capital; added e-commerce tools, domain name services, and analytics; and replaced its coding backend with drag-and-drop features. It began trading on the New York Stock Exchange on May 19, 2021. According to W3Techs, Squarespace is used by 1.9% of the top 10 million websites."
Hotjar,0.0,1450.0,"See how visitors are really using your website, collect user feedback and turn more visitors into cust...",
Rocky Linux,0.0,24.0,"A community-driven effort to bring you enterprise-grade, production-ready Linux","Rocky Linux is a Linux distribution developed by Rocky Enterprise Software Foundation, which is a privately owned benefit corporation that describes itself as a ""self-imposed not-for-profit"". It is intended to be a downstream, complete binary-compatible release using the Red Hat Enterprise Linux (RHEL) operating system source code. The project's aim is to provide a community-supported, production-grade enterprise operating system.  Rocky Linux, along with RHEL and SUSE Linux Enterprise (SLE), has become popular for enterprise operating system use.The first release candidate version of Rocky Linux was released on April 30, 2021, and its first general availability version was released on June 21, 2021. Rocky Linux 8 will be supported through May 2029 and Rocky Linux 9 through May 2032."
FigJam,0.0,127.0,An online whiteboard from Figma designed for teams,"FIGJAM may refer to:

FIGJAM (acronym), standing for ""Fuck I'm Good, Just Ask Me""
""Figjam"", a 2005 single by Australian band Butterfingers which refers to the above acronym
FigJam, an online collaboration product developed by Figma"
SST,0.0,19.0,A live development environment for AWS Lambda,SST may refer to:
Kurtosis,0.0,0.0,A composable build system for reproducible environments,"In probability theory and statistics, kurtosis (from Greek: κυρτός, kyrtos or kurtos, meaning ""curved, arching"") is a measure of the ""tailedness"" of the probability distribution of a real-valued random variable. Like skewness, kurtosis describes a particular aspect of a probability distribution. There are different ways to quantify kurtosis for a theoretical distribution, and there are corresponding ways of estimating it using a sample from a population. Different measures of kurtosis may have different interpretations.
The standard measure of a distribution's kurtosis, originating with Karl Pearson, is a scaled version of the fourth moment of the distribution. This number is related to the tails of the distribution, not its peak; hence, the sometimes-seen characterization of kurtosis as ""peakedness"" is incorrect. For this measure, higher kurtosis corresponds to greater extremity of deviations (or outliers), and not the configuration of data near the mean.
It is common to compare the excess kurtosis (defined below) of a distribution to 0. This value 0 is the excess kurtosis of any univariate normal distribution. Distributions with negative excess kurtosis are said to be platykurtic, although this does not imply the distribution is ""flat-topped"" as is sometimes stated. Rather, it means the distribution produces fewer and/or less extreme outliers than the normal distribution. An example of a platykurtic distribution is the uniform distribution, which does not produce outliers.  Distributions with a positive excess kurtosis are said to be leptokurtic.  An example of a leptokurtic distribution is the Laplace distribution, which has tails that asymptotically approach zero more slowly than a Gaussian, and therefore produces more outliers than the normal distribution. It is common practice to use excess kurtosis, which is defined as Pearson's kurtosis minus 3, to provide a simple comparison to the normal distribution.  Some authors and software packages use ""kurtosis"" by itself to refer to the excess kurtosis. For clarity and generality, however, this article explicitly indicates where non-excess kurtosis is meant.
Alternative measures of kurtosis are: the L-kurtosis, which is a scaled version of the fourth L-moment; measures based on four population or sample quantiles. These are analogous to the alternative measures of skewness that are not based on ordinary moments."
Azure Application Gateway,0.0,9.0,"Build secure, scalable, highly available web front ends in Azure",
Solid.js,0.0,59.0,A declarative Javascript library for creating user interfaces,
BullMQ,0.0,18.0,A library that implements a fast and robust queue system,
Heroku Postgres,38.0,419.0,"Heroku's Database-as-a-Service. Based on the most powerful open-source database, PostgreSQL",
Squarespace,85.0,2050.0,Everything You Need To Create An Exceptional Website,"Squarespace, Inc. is an American website building and hosting company which is based in New York City. It provides software as a service for website building and hosting, and allows users to use pre-built website templates and drag-and-drop elements to create and modify webpages.
In 2003, Anthony Casalena founded Squarespace as a blog hosting service while attending the University of Maryland, College Park. He was its only employee until 2006 when it reached $1 million in revenue. The company grew from 30 employees in 2010 to 550 by 2015. By 2014, it raised a total of $78.5 million in venture capital; added e-commerce tools, domain name services, and analytics; and replaced its coding backend with drag-and-drop features. It began trading on the New York Stock Exchange on May 19, 2021. According to W3Techs, Squarespace is used by 1.9% of the top 10 million websites."
MediatR,0.0,31.0,In-process messaging with no dependencies,
Tauri,0.0,66.0,"A framework for building tiny, blazing fast binaries for all major desktop platforms","The Tauri (; Ταῦροι in Ancient Greek), or Taurians, also Scythotauri, Tauri Scythae, Tauroscythae (Pliny, H. N. 4.85) were an ancient people settled on the southern coast of the Crimea peninsula, inhabiting the Crimean Mountains in the 1st millennium BC and the narrow strip of land between the mountains and the Black Sea. According to the sources, the Tauri (Tawri, Tanwri) were the first inhabitants of the Crimean peninsula and never abandoned its borders. They gave their name to the peninsula, which was known in ancient times as Taurica, Taurida and Tauris."
BlazeMeter,13.0,64.0,The Load Testing Platform for Developers,"BlazeMeter is a continuous testing platform that was acquired in 2021 by Perforce Software, which is based in Minneapolis, Minnesota. It provides enterprise-level GUI functional testing, performance testing, API functional testing, mock services, test data management, API monitoring, and reporting."
Mantine,9.0,59.0,React components library with native dark theme support,"The second generation (Generation II) of the Pokémon franchise features 100 fictional species of creatures introduced to the core video game series in the 1999 Game Boy Color games Pokémon Gold and Silver, set in the Johto region. Some Pokémon in this generation were introduced in animated adaptations of the franchise before Gold and Silver, such as Ho-Oh in the first episode of the Pokémon anime series in 1998 and 1999, Togepi, which was a recurring character in the anime owned by Misty, Donphan in the Pokémon first movie in 1998, Snubbull in the first Pikachu short movie in 1998, and Marill, which also debuted in that short film and was a recurring character in the anime owned by Tracey Sketchit in 1998 and 1999. Elekid, Bellossom, Ledyba, and Hoothoot debuted in Pikachu's Rescue Adventure and Lugia and Slowking debuted in Pokémon 2000.
The following list details the 100 Pokémon of Generation II in order of their National Pokédex number. The first Pokémon, Chikorita, is number 152 and the last, Celebi, is number 251. Alternate forms that result in type changes are included for convenience. Mega evolutions and regional forms are included on the pages for the generation in which they were introduced."
Graylog,70.0,556.0,Open source log management that actually works,"Graylog, Inc is a log management and security analytics software company based in Houston, Texas. Their main product is a log management software which is also called Graylog (styled as graylog)."
ArangoDB,192.0,271.0,"A distributed open-source database with a flexible data model for documents, graphs, and key-values.","ArangoDB is a graph database system developed by ArangoDB Inc. ArangoDB is a multi-model database system since it supports three data models (graphs, JSON documents, key/value) with one database core and a unified query language AQL (ArangoDB Query Language). AQL is mainly a declarative language and allows the combination of different data access patterns in a single query.ArangoDB is a NoSQL database system but AQL is similar in many ways to SQL, it uses RocksDB as a storage engine."
GRID,0.0,83.0,The friendly data tool for your team,"Grid, The Grid, or GRID may refer to:"
Temporal,0.0,20.0,A microservice orchestration platform which enables developers to build scalable applications,Temporal may refer to:
Configure8,0.0,13.0,An enterprise-grade Internal developer portal solution.,
Inshellisense,0.0,0.0,IDE style shell autocomplete (By Microsoft),
Tabnine,0.0,23.0,AI Assistant For Software Developers,"Artificial intelligence (AI) has been used in applications to alleviate certain problems throughout industry and academia. AI, like electricity or computers, is a general-purpose technology that has a multitude of applications. It has been used in fields of language translation, image recognition, credit scoring, e-commerce and other domains."
AWS CodeArtifact,0.0,14.0,A fully managed software artifact repository service,
Genesys,0.0,23.0,Cloud and on-premises customer experience solutions,"Genesys may refer to:

Genesys (company), a customer experience and contact center technology company
Genesys (RPG), a tabletop role-playing game released by Fantasy Flight Games in 2017
Genesys (video game), an educational video game released in 2000
Genesys (website), a portal to information about plant genetic resources for food and agriculture
Genesys, a brand of music synthesizers produced by Generalmusic
Genesys Wealth Advisers or Avanti Racing Team, an Australian UCI Continental cycling team"
Redpanda,0.0,27.0,A streaming platform for mission critical workloads,"The red panda (Ailurus fulgens), also known as the lesser panda, is a small mammal native to the eastern Himalayas and southwestern China. It has dense reddish-brown fur with a black belly and legs, white-lined ears, a mostly white muzzle and a ringed tail. Its head-to-body length is 51–63.5 cm (20.1–25.0 in) with a 28–48.5 cm (11.0–19.1 in) tail, and it weighs between 3.2 and 15 kg (7.1 and 33.1 lb). It is well adapted to climbing due to its flexible joints and curved semi-retractile claws.
The red panda was formally described in 1825. The two currently recognised subspecies, the Himalayan and the Chinese red panda, genetically diverged about 250,000 years ago. The red panda's place on the evolutionary tree has been debated, but modern genetic evidence places it in close affinity with raccoons, weasels, and skunks. It is not closely related to the giant panda, which is a bear, though both possess elongated wrist bones or ""false thumbs"" used for grasping bamboo. The evolutionary lineage of the red panda (Ailuridae) stretches back around 25 to 18 million years ago, as indicated by extinct fossil relatives found in Eurasia and North America.
The red panda inhabits coniferous forests as well as temperate broadleaf and mixed forests, favouring steep slopes with dense bamboo cover close to water sources. It is solitary and largely arboreal. It feeds mainly on bamboo shoots and leaves, but also on fruits and blossoms. Red pandas mate in early spring, with the females giving birth to litters of up to four cubs in summer. It is threatened by poaching as well as destruction and fragmentation of habitat due to deforestation. The species has been listed as Endangered on the IUCN Red List since 2015. It is protected in all range countries.
Community-based conservation programmes have been initiated in Nepal, Bhutan and northeastern India; in China, it benefits from nature conservation projects. Regional captive breeding programmes for the red panda have been established in zoos around the world. It is featured in animated movies, video games, comic books and as the namesake of companies and music bands."
Watchtower,6.0,18.0,A process for automating Docker container base image updates,"A watchtower or watch tower is a type of fortification used in many parts of the world. It differs from a regular tower in that its primary use is military and from a turret in that it is usually a freestanding structure. Its main purpose is to provide a high, safe place from which a sentinel or guard may observe the surrounding area. In some cases, non-military towers, such as religious towers, may also be used as watchtowers."
GRID,0.0,83.0,The friendly data tool for your team,"Grid, The Grid, or GRID may refer to:"
Graylog,70.0,556.0,Open source log management that actually works,"Graylog, Inc is a log management and security analytics software company based in Houston, Texas. Their main product is a log management software which is also called Graylog (styled as graylog)."
Inshellisense,0.0,0.0,IDE style shell autocomplete (By Microsoft),
Mantine,9.0,59.0,React components library with native dark theme support,"The second generation (Generation II) of the Pokémon franchise features 100 fictional species of creatures introduced to the core video game series in the 1999 Game Boy Color games Pokémon Gold and Silver, set in the Johto region. Some Pokémon in this generation were introduced in animated adaptations of the franchise before Gold and Silver, such as Ho-Oh in the first episode of the Pokémon anime series in 1998 and 1999, Togepi, which was a recurring character in the anime owned by Misty, Donphan in the Pokémon first movie in 1998, Snubbull in the first Pikachu short movie in 1998, and Marill, which also debuted in that short film and was a recurring character in the anime owned by Tracey Sketchit in 1998 and 1999. Elekid, Bellossom, Ledyba, and Hoothoot debuted in Pikachu's Rescue Adventure and Lugia and Slowking debuted in Pokémon 2000.
The following list details the 100 Pokémon of Generation II in order of their National Pokédex number. The first Pokémon, Chikorita, is number 152 and the last, Celebi, is number 251. Alternate forms that result in type changes are included for convenience. Mega evolutions and regional forms are included on the pages for the generation in which they were introduced."
MediatR,0.0,31.0,In-process messaging with no dependencies,
Configure8,0.0,13.0,An enterprise-grade Internal developer portal solution.,
Pusher,234.0,588.0,Hosted APIs to build realtime apps with less code,Pusher may refer to:
Tabnine,0.0,23.0,AI Assistant For Software Developers,"Artificial intelligence (AI) has been used in applications to alleviate certain problems throughout industry and academia. AI, like electricity or computers, is a general-purpose technology that has a multitude of applications. It has been used in fields of language translation, image recognition, credit scoring, e-commerce and other domains."
Temporal,0.0,20.0,A microservice orchestration platform which enables developers to build scalable applications,Temporal may refer to:
Redpanda,0.0,27.0,A streaming platform for mission critical workloads,"The red panda (Ailurus fulgens), also known as the lesser panda, is a small mammal native to the eastern Himalayas and southwestern China. It has dense reddish-brown fur with a black belly and legs, white-lined ears, a mostly white muzzle and a ringed tail. Its head-to-body length is 51–63.5 cm (20.1–25.0 in) with a 28–48.5 cm (11.0–19.1 in) tail, and it weighs between 3.2 and 15 kg (7.1 and 33.1 lb). It is well adapted to climbing due to its flexible joints and curved semi-retractile claws.
The red panda was formally described in 1825. The two currently recognised subspecies, the Himalayan and the Chinese red panda, genetically diverged about 250,000 years ago. The red panda's place on the evolutionary tree has been debated, but modern genetic evidence places it in close affinity with raccoons, weasels, and skunks. It is not closely related to the giant panda, which is a bear, though both possess elongated wrist bones or ""false thumbs"" used for grasping bamboo. The evolutionary lineage of the red panda (Ailuridae) stretches back around 25 to 18 million years ago, as indicated by extinct fossil relatives found in Eurasia and North America.
The red panda inhabits coniferous forests as well as temperate broadleaf and mixed forests, favouring steep slopes with dense bamboo cover close to water sources. It is solitary and largely arboreal. It feeds mainly on bamboo shoots and leaves, but also on fruits and blossoms. Red pandas mate in early spring, with the females giving birth to litters of up to four cubs in summer. It is threatened by poaching as well as destruction and fragmentation of habitat due to deforestation. The species has been listed as Endangered on the IUCN Red List since 2015. It is protected in all range countries.
Community-based conservation programmes have been initiated in Nepal, Bhutan and northeastern India; in China, it benefits from nature conservation projects. Regional captive breeding programmes for the red panda have been established in zoos around the world. It is featured in animated movies, video games, comic books and as the namesake of companies and music bands."
ArangoDB,192.0,271.0,"A distributed open-source database with a flexible data model for documents, graphs, and key-values.","ArangoDB is a graph database system developed by ArangoDB Inc. ArangoDB is a multi-model database system since it supports three data models (graphs, JSON documents, key/value) with one database core and a unified query language AQL (ArangoDB Query Language). AQL is mainly a declarative language and allows the combination of different data access patterns in a single query.ArangoDB is a NoSQL database system but AQL is similar in many ways to SQL, it uses RocksDB as a storage engine."
Angular Material,32.0,619.0,Easy to use material design for angular,"Angular (also referred to as ""Angular 2+"") is a TypeScript-based, free and open-source single-page web application framework led by the Angular Team at Google and by a community of individuals and corporations. Angular is a complete rewrite from the same team that built AngularJS."
Ansible Semaphore,0.0,12.0,Modern UI for Ansible,
Go-Fiber,0.0,50.0,An Express-inspired web framework written in Go,
Cube,30.0,81.0,Bring context to your data apps,"In geometry, a cube is a three-dimensional solid object bounded by six square faces, facets, or sides, with three meeting at each vertex. Viewed from a corner, it is a hexagon and its net is usually depicted as a cross.The cube is the  only regular hexahedron and is one of the five Platonic solids. It has 6 faces, 12 edges, and 8 vertices.
The cube is also a square parallelepiped, an equilateral cuboid, a right rhombohedron, and a 3-zonohedron. It is a regular square prism in three orientations, and a trigonal trapezohedron in four orientations.
The cube is dual to the octahedron. It has cubical or octahedral symmetry.

   B The cube is the only convex polyhedron whose faces are all squares.

Its generalization for higher dimensional spaces is called a hypercube."
LINE,0.0,127.0,Get engaged in interactive conversations with LINE users,"Line most often refers to:

Line (geometry), object that has zero thickness and curvature and stretches to infinity
Telephone line, a single-user circuit on a telephone communication systemLine, lines, The Line, or LINE may also refer to:"
Lobe.ai,0.0,7.0,A simple tool for training machine learning models,
ReportPortal,0.0,9.0,AI-powered Test Automation Dashboard,
Jotai,0.0,5.0,Primitive and flexible state management for React,
Raspberry Pi,0.0,518.0,"It is a tiny and affordable computer that you can use to learn programming through fun, practical proj...","Raspberry Pi () is a series of small single-board computers (SBCs) developed in the United Kingdom by the Raspberry Pi Foundation in association with Broadcom. The Raspberry Pi project originally leaned toward the promotion of teaching basic computer science in schools. The original model became more popular than anticipated, selling outside its target market for uses such as robotics. It is widely used in many areas, such as for weather monitoring, because of its low cost, modularity, and open design. It is typically used by computer and electronic hobbyists, due to its adoption of the HDMI and USB standards.
After the release of the second board type, the Raspberry Pi Foundation set up a new entity, named Raspberry Pi (Trading) Ltd, and installed Eben Upton as CEO, with the responsibility for developing their computers. The Foundation was rededicated as an educational charity for promoting the teaching of basic computer science in schools and developing countries. Most Raspberry Pis are made in a Sony factory in Pencoed, Wales, while others are made in China and Japan.In 2015, the Raspberry Pi surpassed the ZX Spectrum in unit sales, becoming the best-selling British computer.In 2021, Raspberry Pi (Trading) Ltd changed its name to Raspberry Pi Ltd."
PagerDuty,119.0,1010.0,"Incident management with powerful visibility, reliable alerting, and improved collaboration","PagerDuty is an American cloud computing company specializing in a SaaS incident response platform for IT departments.PagerDuty is headquartered in San Francisco with operations in Toronto, Atlanta, the United Kingdom, and Australia. Its platform is designed to alert clients to disruptions and outages. The software operates as a standalone service or can be integrated into existing IT systems.The company was ranked 41st on Forbes's ""Cloud 100"" list in 2017."
GPT Engineer,0.0,4.0,Platform for devs to tinker with AI programming tools,
Azure Front Door,0.0,17.0,Scalable and secure entry point for fast delivery of your global applications,
Doppler,12.0,45.0,Easily manage your env vars and secrets,"The Doppler effect (also Doppler shift) is the change in the frequency of a wave in relation to an observer who is moving relative to the source of the wave. The Doppler effect is named after the physicist Christian Doppler, who described the phenomenon in 1842. A common example of Doppler shift is the change of pitch heard when a vehicle sounding a horn approaches and recedes from an observer. Compared to the emitted frequency, the received frequency is higher during the approach, identical at the instant of passing by, and lower during the recession.When the source of the sound wave is moving towards the observer, each successive cycle of the wave is emitted from a position closer to the observer than the previous cycle.  Hence, the time between cycles is reduced, meaning the frequency is increased. Conversely, if the source of the sound wave is moving away from the observer, each cycle of the wave is emitted from a position farther from the observer than the previous cycle, so the arrival time between successive cycles is increased, thus reducing the frequency.
For waves that propagate in a medium, such as sound waves, the velocity of the observer and of the source are relative to the medium in which the waves are transmitted. The total Doppler effect may therefore result from motion of the source, motion of the observer, motion of the medium, or any combination thereof. For waves propagating in vacuum, such as electromagnetic waves or gravitational waves, only the difference in velocity between the observer and the source needs to be considered. If this relative speed is not negligible compared to the speed of light, a more complicated relativistic Doppler effect arises."
Oracle PL/SQL,8.0,713.0,It is a combination of SQL along with the procedural features of programming languages,
LINE,0.0,127.0,Get engaged in interactive conversations with LINE users,"Line most often refers to:

Line (geometry), object that has zero thickness and curvature and stretches to infinity
Telephone line, a single-user circuit on a telephone communication systemLine, lines, The Line, or LINE may also refer to:"
Ansible Semaphore,0.0,12.0,Modern UI for Ansible,
Raspberry Pi,0.0,518.0,"It is a tiny and affordable computer that you can use to learn programming through fun, practical proj...","Raspberry Pi () is a series of small single-board computers (SBCs) developed in the United Kingdom by the Raspberry Pi Foundation in association with Broadcom. The Raspberry Pi project originally leaned toward the promotion of teaching basic computer science in schools. The original model became more popular than anticipated, selling outside its target market for uses such as robotics. It is widely used in many areas, such as for weather monitoring, because of its low cost, modularity, and open design. It is typically used by computer and electronic hobbyists, due to its adoption of the HDMI and USB standards.
After the release of the second board type, the Raspberry Pi Foundation set up a new entity, named Raspberry Pi (Trading) Ltd, and installed Eben Upton as CEO, with the responsibility for developing their computers. The Foundation was rededicated as an educational charity for promoting the teaching of basic computer science in schools and developing countries. Most Raspberry Pis are made in a Sony factory in Pencoed, Wales, while others are made in China and Japan.In 2015, the Raspberry Pi surpassed the ZX Spectrum in unit sales, becoming the best-selling British computer.In 2021, Raspberry Pi (Trading) Ltd changed its name to Raspberry Pi Ltd."
GenAI Stack,0.0,0.0,Get started with building your own GenAI application in no time (By Docker),
Temporal,0.0,20.0,A microservice orchestration platform which enables developers to build scalable applications,Temporal may refer to:
GPT Engineer,0.0,4.0,Platform for devs to tinker with AI programming tools,
Cube,30.0,81.0,Bring context to your data apps,"In geometry, a cube is a three-dimensional solid object bounded by six square faces, facets, or sides, with three meeting at each vertex. Viewed from a corner, it is a hexagon and its net is usually depicted as a cross.The cube is the  only regular hexahedron and is one of the five Platonic solids. It has 6 faces, 12 edges, and 8 vertices.
The cube is also a square parallelepiped, an equilateral cuboid, a right rhombohedron, and a 3-zonohedron. It is a regular square prism in three orientations, and a trigonal trapezohedron in four orientations.
The cube is dual to the octahedron. It has cubical or octahedral symmetry.

   B The cube is the only convex polyhedron whose faces are all squares.

Its generalization for higher dimensional spaces is called a hypercube."
Go-Fiber,0.0,50.0,An Express-inspired web framework written in Go,
Angular Material,32.0,619.0,Easy to use material design for angular,"Angular (also referred to as ""Angular 2+"") is a TypeScript-based, free and open-source single-page web application framework led by the Angular Team at Google and by a community of individuals and corporations. Angular is a complete rewrite from the same team that built AngularJS."
AWS Amplify,14.0,446.0,"JavaScript Open Source Library with React, React Native Extensions",
Gogs,182.0,168.0,A self-hosted Git service written in Go,"Gogs!, or simply Gogs, is a Welsh claymation-style animated television series which took the form of a sitcom, originally aired on S4C in 1993, and aired in the rest of the UK on the BBC in 1996. Gogs has since been aired internationally and still enjoys re-runs on occasion. Last appearing on S4C in February 2016, with the shows airing at 8:15am and 5:15pm.Gogs revolves around a family clan of dumb, primitive and socially inept cavemen in a fantasy prehistoric Stone Age setting, and contained much dark comedy, various toilet humour-based gags and gross out situations; such as the cavemen losing control of their bodily functions. It also featured their often comedic daily struggle for survival, and attempts to advance their technology and society, such as creating fire, often failing miserably, comically and absurdly in the act.
In the Welsh language, the term 'Gogs' is slang for 'Gogledd' which translates as 'North' and 'gogs' as 'Northerners'. The Welsh creators of the show (Deiniol Morris, Sion Jones and Michael Mort) decided that the single syllable word 'Gog' had just the right sound and a simple, direct quality which seemed to lend itself well to the primitive nature of the cave family.
According to the BBC, the show is aimed at children; however, it does contain humour that adults can enjoy much like other claymation shows, such as The Trap Door or Wallace and Gromit. 
The original series contained only five episodes each of around five to six minutes long. After winning numerous awards a second series was commissioned with episodes running at a similar length, bringing the total number of episodes of the two series to thirteen in number. In 1998, the last installment of Gogs, a 30-minute-long special, Gogwana, was aired, which was also critically well received and won numerous awards."
Pingdom,579.0,2430.0,Uptime and performance monitoring made easy,"Pingdom AB is a Swedish website monitoring software as a service company launched in Stockholm and later acquired by the Austin, Texas-based SolarWinds. The company releases annual reports on global internet use, which are frequently cited in academic publications and by media organizations as a source of Internet-related statistics."
Detectify,3.0,26.0,Simulate automated hacker attacks on your website,
Zope,1.0,86.0,A free and open source web application server written in the object-oriented programming language “Pyt...,"Zope is a family of free and open-source web application servers written in Python, and their associated online community. Zope stands for ""Z Object Publishing Environment"", and was the first system using the now common object publishing methodology for the Web. Zope has been called a Python killer app, an application that helped put Python in the spotlight.Over the last few years, the Zope community has spawned several additional web frameworks with disparate aims and principles, but sharing philosophy, people, and source code. Zope 2 is still the most widespread of these frameworks, largely thanks to the Plone content management system, which runs on Zope 2. BlueBream (earlier called Zope 3) is less widespread but underlies several large sites, including Launchpad. Grok was started as a more programmer-friendly framework, ""Zope 3 for cavemen"", and in 2009 Pyramid gained popularity in the Zope community as a minimalistic framework based on Zope principles."
4smart Sonarqube,0.0,2.0,SaaS solution to aggregate results from multiple Sonarqube projects,
Oracle PL/SQL,8.0,713.0,It is a combination of SQL along with the procedural features of programming languages,
Doppler,12.0,45.0,Easily manage your env vars and secrets,"The Doppler effect (also Doppler shift) is the change in the frequency of a wave in relation to an observer who is moving relative to the source of the wave. The Doppler effect is named after the physicist Christian Doppler, who described the phenomenon in 1842. A common example of Doppler shift is the change of pitch heard when a vehicle sounding a horn approaches and recedes from an observer. Compared to the emitted frequency, the received frequency is higher during the approach, identical at the instant of passing by, and lower during the recession.When the source of the sound wave is moving towards the observer, each successive cycle of the wave is emitted from a position closer to the observer than the previous cycle.  Hence, the time between cycles is reduced, meaning the frequency is increased. Conversely, if the source of the sound wave is moving away from the observer, each cycle of the wave is emitted from a position farther from the observer than the previous cycle, so the arrival time between successive cycles is increased, thus reducing the frequency.
For waves that propagate in a medium, such as sound waves, the velocity of the observer and of the source are relative to the medium in which the waves are transmitted. The total Doppler effect may therefore result from motion of the source, motion of the observer, motion of the medium, or any combination thereof. For waves propagating in vacuum, such as electromagnetic waves or gravitational waves, only the difference in velocity between the observer and the source needs to be considered. If this relative speed is not negligible compared to the speed of light, a more complicated relativistic Doppler effect arises."
Ossec,0.0,47.0,A Host-based Intrusion Detection System,"OSSEC (Open Source HIDS SECurity) is a free, open-source host-based intrusion detection system (HIDS). It performs log analysis, integrity checking, Windows registry monitoring, rootkit detection, time-based alerting, and active response. It provides intrusion detection for most operating systems, including Linux, OpenBSD, FreeBSD, OS X, Solaris and Windows. OSSEC has a centralized, cross-platform architecture allowing multiple systems to be easily monitored and managed. OSSEC has a log analysis engine that is able to correlate and analyze logs from multiple devices and formats."
Navicat,8.0,118.0,"A comprehensive DB tool for MySQL, MariaDB, SQL Server, SQLite, Oracle and PostgreSQL development and ...","Navicat is a series of graphical database management and development software produced by  CyberTech Ltd. for MySQL, MariaDB, Redis, MongoDB, Oracle, SQLite, PostgreSQL and Microsoft SQL Server. It has an Explorer-like graphical user interface and supports multiple database connections for local and remote databases. Its design is made to meet the needs of a variety of audiences, from database administrators and programmers to various businesses/companies that serve clients and share information with partners."
Chkk,0.0,0.0,Keep complex Kubernetes environments up and running,
Azure Front Door,0.0,17.0,Scalable and secure entry point for fast delivery of your global applications,
ElementUI,8.0,67.0,A Desktop UI toolkit for Vue.js,
AppHub,0.0,5.0,Use git push to instantly update React Native apps in production,
Fivetran,0.0,94.0,"Simple, reliable data integration for analytics teams",
ArangoDB,192.0,271.0,"A distributed open-source database with a flexible data model for documents, graphs, and key-values.","ArangoDB is a graph database system developed by ArangoDB Inc. ArangoDB is a multi-model database system since it supports three data models (graphs, JSON documents, key/value) with one database core and a unified query language AQL (ArangoDB Query Language). AQL is mainly a declarative language and allows the combination of different data access patterns in a single query.ArangoDB is a NoSQL database system but AQL is similar in many ways to SQL, it uses RocksDB as a storage engine."
AWS Amplify,14.0,446.0,"JavaScript Open Source Library with React, React Native Extensions",
Temporal,0.0,20.0,A microservice orchestration platform which enables developers to build scalable applications,Temporal may refer to:
ElementUI,8.0,67.0,A Desktop UI toolkit for Vue.js,
Navicat,8.0,118.0,"A comprehensive DB tool for MySQL, MariaDB, SQL Server, SQLite, Oracle and PostgreSQL development and ...","Navicat is a series of graphical database management and development software produced by  CyberTech Ltd. for MySQL, MariaDB, Redis, MongoDB, Oracle, SQLite, PostgreSQL and Microsoft SQL Server. It has an Explorer-like graphical user interface and supports multiple database connections for local and remote databases. Its design is made to meet the needs of a variety of audiences, from database administrators and programmers to various businesses/companies that serve clients and share information with partners."
Watchtower,6.0,18.0,A process for automating Docker container base image updates,"A watchtower or watch tower is a type of fortification used in many parts of the world. It differs from a regular tower in that its primary use is military and from a turret in that it is usually a freestanding structure. Its main purpose is to provide a high, safe place from which a sentinel or guard may observe the surrounding area. In some cases, non-military towers, such as religious towers, may also be used as watchtowers."
navi,0.0,27.0,An interactive cheatsheet tool for the command-line,Navi may refer to:
Compose Multiplatform,0.0,12.0,A modern UI framework for Kotlin that makes building performant and beautiful user interfaces easy (By...,
JSFiddle,0.0,40.0,An online code editor,"JSFiddle is an online IDE service and online community for testing and showcasing user-created and collaborational HTML, CSS and JavaScript code snippets, known as 'fiddles'. It allows for simulated AJAX calls. In 2019, JSFiddle was ranked the second most popular online IDE by the PopularitY of Programming Language (PYPL) index based on the number of times it was searched, directly behind Cloud9 IDE, worldwide and in the USA."
Angular Material,32.0,619.0,Easy to use material design for angular,"Angular (also referred to as ""Angular 2+"") is a TypeScript-based, free and open-source single-page web application framework led by the Angular Team at Google and by a community of individuals and corporations. Angular is a complete rewrite from the same team that built AngularJS."
BlazeSQL,0.0,0.0,ChatGPT for your SQL database,
Chkk,0.0,0.0,Keep complex Kubernetes environments up and running,
Jsonnet,2.0,128.0,A data templating language for app and tool developers,
Deno,84.0,340.0,A secure runtime for JavaScript and TypeScript,Deno  may refer to:
Joomla!,37.0,1510.0,A content management system helping both novice users and expert developers to create powerful website...,"Joomla (), also spelled Joomla! (with an exclamation mark) and sometimes abbreviated as J!, is a free and open-source content management system (CMS) for publishing web content on websites.  Web content applications include discussion forums, photo galleries, e-Commerce and user communities and numerous other web-based applications. Joomla is developed by a community of volunteers supported with the legal, organisational and financial resources of Open Source Matters, Inc.
Joomla is written in Hypertext Preprocessor (PHP), uses object-oriented programming techniques and software design patterns, and stores data in a Structured Query Language (MySQL) database. It has a software dependency on the Symfony PHP framework. Joomla includes features such as page caching, RSS feeds, blogs, search, and support for language internationalisation.  It is built on a model–view–controller web application framework that can be used independently of the CMS.
Around 6,000 extensions are available from the Joomla website, and more are available from other sources. As of 2022, it was estimated to be the fifth most used CMS on the Internet, after WordPress, Shopify, Wix and Squarespace."
Instana,17.0,84.0,Automatic Application and Infrastructure Monitoring,Instana is a German-American software firm based in Solingen as well as Chicago and San Francisco. It specialises in developing application performance management (APM) software.
Azure Machine Learning,0.0,237.0,A fully-managed cloud service for predictive analytics,"Microsoft Azure, often referred to as Azure (/ˈæʒər, ˈeɪʒər/ AZH-ər, AY-zhər, UK also /ˈæzjʊər, ˈeɪzjʊər/ AZ-ure, AY-zure), is a cloud computing platform run by Microsoft. It offers access, management, and the development of applications and services through global data centers. It also provides a range of capabilities, including software as a service (SaaS), platform as a service (PaaS), and infrastructure as a service (IaaS). Microsoft Azure supports many programming languages, tools, and frameworks, including Microsoft-specific and third-party software and systems.
Azure was first introduced at the Professional Developers Conference (PDC) in October 2008 under the codename ""Project Red Dog."" It was officially launched as Windows Azure in February 2010 and later renamed Microsoft Azure on March 25, 2014."
Azure API Management,0.0,56.0,"Hybrid, multi-cloud management platform for APIs across all environments",
Azure Front Door,0.0,17.0,Scalable and secure entry point for fast delivery of your global applications,
Lago,0.0,0.0,Open-source alternative to Stripe Billing and Chargebee,"Lago, which means ""lake"" in Italian, Portuguese, Spanish and Galician, may refer to:"
Radius Platform,0.0,0.0,"Open-source, cloud-native, and portable application platform (By Microsoft Azure)",
Kirimase,0.0,0.0,Build full-stack Next.js apps faster,
Resend,0.0,3.0,Email API for developers using React,"Retransmission, essentially identical with automatic repeat request (ARQ), is the resending of packets which have been either damaged or lost. Retransmission is one of the basic mechanisms used by protocols operating over a packet switched computer network to provide reliable communication (such as that provided by a reliable byte stream, for example TCP).
Such networks are usually ""unreliable"", meaning they offer no guarantees that they will not delay, damage, or lose packets, or deliver them out of order.  Protocols which provide reliable communication over such networks use a combination of acknowledgments (i.e. an explicit receipt from the destination of the data), retransmission of missing or damaged packets (usually initiated by a time-out), and checksums to provide that reliability."
TiDB,22.0,72.0,A distributed NewSQL database compatible with MySQL protocol,"TiDB (/’taɪdiːbi:/, ""Ti"" stands for Titanium) is an open-source NewSQL database that supports Hybrid Transactional and Analytical Processing (HTAP) workloads. It is MySQL compatible and can provide horizontal scalability, strong consistency, and high availability. It is developed and supported primarily by PingCAP and licensed under Apache 2.0. TiDB drew its initial design inspiration from Google's Spanner and F1 papers."
Alamofire,0.0,159.0,HTTP networking library for iOS and macOS,
AWS Copilot,0.0,11.0,"A tool for developers to build, release and operate production ready containerized applications",
Angular Material,32.0,619.0,Easy to use material design for angular,"Angular (also referred to as ""Angular 2+"") is a TypeScript-based, free and open-source single-page web application framework led by the Angular Team at Google and by a community of individuals and corporations. Angular is a complete rewrite from the same team that built AngularJS."
Instana,17.0,84.0,Automatic Application and Infrastructure Monitoring,Instana is a German-American software firm based in Solingen as well as Chicago and San Francisco. It specialises in developing application performance management (APM) software.
Jsonnet,2.0,128.0,A data templating language for app and tool developers,
Ansible Semaphore,0.0,12.0,Modern UI for Ansible,
Lago,0.0,0.0,Open-source alternative to Stripe Billing and Chargebee,"Lago, which means ""lake"" in Italian, Portuguese, Spanish and Galician, may refer to:"
Radius Platform,0.0,0.0,"Open-source, cloud-native, and portable application platform (By Microsoft Azure)",
Showdown,0.0,74.0,JavaScript port of Markdown,A showdown is a duel. The term may also refer to:
Azure Front Door,0.0,17.0,Scalable and secure entry point for fast delivery of your global applications,
TiDB,22.0,72.0,A distributed NewSQL database compatible with MySQL protocol,"TiDB (/’taɪdiːbi:/, ""Ti"" stands for Titanium) is an open-source NewSQL database that supports Hybrid Transactional and Analytical Processing (HTAP) workloads. It is MySQL compatible and can provide horizontal scalability, strong consistency, and high availability. It is developed and supported primarily by PingCAP and licensed under Apache 2.0. TiDB drew its initial design inspiration from Google's Spanner and F1 papers."
Kirimase,0.0,0.0,Build full-stack Next.js apps faster,
AWS Copilot,0.0,11.0,"A tool for developers to build, release and operate production ready containerized applications",
Gradio,0.0,9.0,GUIs for Faster ML Prototyping and Sharing,
Azure API Management,0.0,56.0,"Hybrid, multi-cloud management platform for APIs across all environments",
Resend,0.0,3.0,Email API for developers using React,"Retransmission, essentially identical with automatic repeat request (ARQ), is the resending of packets which have been either damaged or lost. Retransmission is one of the basic mechanisms used by protocols operating over a packet switched computer network to provide reliable communication (such as that provided by a reliable byte stream, for example TCP).
Such networks are usually ""unreliable"", meaning they offer no guarantees that they will not delay, damage, or lose packets, or deliver them out of order.  Protocols which provide reliable communication over such networks use a combination of acknowledgments (i.e. an explicit receipt from the destination of the data), retransmission of missing or damaged packets (usually initiated by a time-out), and checksums to provide that reliability."
Countly,23.0,46.0,Product Analytics and Innovation. Build better customer journeys.,
Imgur,1.0,36.0,"Discover, upload, or create images","Imgur ( IM-ij-ər, stylized as imgur) is an American online image sharing and image hosting service with a focus on social gossip that was founded by Alan Schaaf in 2009. The service has hosted viral images and memes, particularly those posted on Reddit."
AWS WAF,0.0,157.0,Control which traffic to allow or block to your web application by defining customizable web security ...,
Alamofire,0.0,159.0,HTTP networking library for iOS and macOS,
Android Room,3.0,213.0,Save data in a local database,
DoltgreSQL,0.0,0.0,"Version-Controlled DB, Like Git and PostgreSQL had a baby",
ServiceNow.com,0.0,132.0,A service management software,
FreshDesk,8.0,457.0,"Refreshing the way thousands of help desk agents support their customers everyday, world wide",
QueryDSL,0.0,86.0,Unified queries for Java,
Go-Fiber,0.0,50.0,An Express-inspired web framework written in Go,
Courier,0.0,17.0,Deliver your notifications to the best channel for each user,"A courier is a person or organization that delivers a message, package or letter from one place or person to another place or person. Typically, a courier provides their courier service on a commercial contract basis; however, some couriers are government or state agency employees (for example: a diplomatic courier)."
DoltgreSQL,0.0,0.0,"Version-Controlled DB, Like Git and PostgreSQL had a baby",
Webpacker,0.0,105.0,Use Webpack to manage app-like JavaScript modules in Rails (by Rails),
Temporal,0.0,20.0,A microservice orchestration platform which enables developers to build scalable applications,Temporal may refer to:
FreshDesk,8.0,457.0,"Refreshing the way thousands of help desk agents support their customers everyday, world wide",
AWS Copilot,0.0,11.0,"A tool for developers to build, release and operate production ready containerized applications",
Radius Platform,0.0,0.0,"Open-source, cloud-native, and portable application platform (By Microsoft Azure)",
Imgur,1.0,36.0,"Discover, upload, or create images","Imgur ( IM-ij-ər, stylized as imgur) is an American online image sharing and image hosting service with a focus on social gossip that was founded by Alan Schaaf in 2009. The service has hosted viral images and memes, particularly those posted on Reddit."
Azure API Management,0.0,56.0,"Hybrid, multi-cloud management platform for APIs across all environments",
Android Room,3.0,213.0,Save data in a local database,
AWS WAF,0.0,157.0,Control which traffic to allow or block to your web application by defining customizable web security ...,
ServiceNow.com,0.0,132.0,A service management software,
QueryDSL,0.0,86.0,Unified queries for Java,
CouchDB,139.0,472.0,HTTP + JSON document database with Map Reduce views and peer-based replication,"Apache CouchDB is an open-source document-oriented NoSQL database, implemented in Erlang.
CouchDB uses multiple formats and protocols to store, transfer, and process its data. It uses JSON to store data, JavaScript as its query language using MapReduce, and HTTP for an API.CouchDB was first released in 2005 and later became an Apache Software Foundation project in 2008.
Unlike a relational database, a CouchDB database does not store data and relationships in tables. Instead, each database is a collection of independent documents. Each document maintains its own data and self-contained schema. An application may access multiple databases, such as one stored on a user's mobile phone and another on a server. Document metadata contains revision information, making it possible to merge any differences that may have occurred while the databases were disconnected.
CouchDB implements a form of multiversion concurrency control (MVCC) so it does not lock the database file during writes. Conflicts are left to the application to resolve. Resolving a conflict generally involves first merging data into one of the documents, then deleting the stale one.Other features include document-level ACID semantics with eventual consistency, (incremental) MapReduce, and (incremental) replication. One of CouchDB's distinguishing features is multi-master replication, which allows it to scale across machines to build high-performance systems.  A built-in Web application called Fauxton (formerly Futon) helps with administration."
Code Climate,285.0,625.0,Automated Ruby Code Review,
IcePanel,0.0,5.0,Align on technical decisions across your software engineering and product teams,
react-three-fiber,0.0,44.0,A React renderer for Three.js (web and react-native),
Apportable,0.0,12.0,Objective-C for Android,
Alamofire,0.0,159.0,HTTP networking library for iOS and macOS,
Optimizely,100.0,3980.0,"Experimentation platform for marketing, product, and engineering teams, with feature flags and persona...","Optimizely is an American company that provides digital experience platform software as a service. Optimizely provides A/B testing and multivariate testing tools, website personalization, and feature toggle capabilities, as well as web content management and digital commerce.The company was acquired by Episerver in October 2020 and in January of 2021 Episerver announced that they were branding the combined company as ""Optimizely""."
Play,495.0,725.0,The High Velocity Web Framework For Java and Scala,"Play most commonly refers to: 

Play (activity), an activity done for enjoyment
Play (theatre), a work of dramaPlay may refer also to:"
Nitro,0.0,5.0,Professional Online Translation Service,Nitro may refer to:
RocksDB,11.0,125.0,"Embeddable persistent key-value store for fast storage, developed and maintained by Facebook Database ...","RocksDB is a high performance embedded database for key-value data. It is a fork of Google's LevelDB optimized to exploit multi-core processors (CPUs), and make efficient use of fast storage, such as solid-state drives (SSD), for input/output (I/O) bound workloads. It is based on a log-structured merge-tree (LSM tree) data structure. It is written in C++ and provides official language bindings for C++, C, and Java. Many third-party language bindings exist. RocksDB is free and open-source software, released originally under a BSD 3-clause license. However, in July 2017 the project was migrated to a dual license of both Apache 2.0 and GPLv2 license. This change helped its adoption in Apache Software Foundation's projects after blacklist of the previous BSD+Patents license clause.RocksDB is used in production systems at various web-scale enterprises including Facebook, Yahoo!, and LinkedIn."
Homebrew,2.0,561.0,The Missing Package Manager for macOS,"Homebrewing mainly refers to small-scale, non-commercial manufacture of a drink, typically beer.
Homebrew or home brew may also refer to:"
EasyOCR,0.0,7.0,Ready-to-use OCR with 40 languages,
Tailscale,0.0,30.0,Private networks made easy,"Tailscale Inc. is a software company based in Toronto, Canada. Tailscale develops a partially open-source software-defined mesh virtual private network (VPN) and a web-based management service. The company provides a zero config VPN as a service under the same name."
AWS WAF,0.0,157.0,Control which traffic to allow or block to your web application by defining customizable web security ...,
RocksDB,11.0,125.0,"Embeddable persistent key-value store for fast storage, developed and maintained by Facebook Database ...","RocksDB is a high performance embedded database for key-value data. It is a fork of Google's LevelDB optimized to exploit multi-core processors (CPUs), and make efficient use of fast storage, such as solid-state drives (SSD), for input/output (I/O) bound workloads. It is based on a log-structured merge-tree (LSM tree) data structure. It is written in C++ and provides official language bindings for C++, C, and Java. Many third-party language bindings exist. RocksDB is free and open-source software, released originally under a BSD 3-clause license. However, in July 2017 the project was migrated to a dual license of both Apache 2.0 and GPLv2 license. This change helped its adoption in Apache Software Foundation's projects after blacklist of the previous BSD+Patents license clause.RocksDB is used in production systems at various web-scale enterprises including Facebook, Yahoo!, and LinkedIn."
QueryDSL,0.0,86.0,Unified queries for Java,
Apex,0.0,305.0,Serverless Architecture with AWS Lambda,The apex is the highest point of something. The word may also refer to:
Homebrew,2.0,561.0,The Missing Package Manager for macOS,"Homebrewing mainly refers to small-scale, non-commercial manufacture of a drink, typically beer.
Homebrew or home brew may also refer to:"
IcePanel,0.0,5.0,Align on technical decisions across your software engineering and product teams,
react-three-fiber,0.0,44.0,A React renderer for Three.js (web and react-native),
Alamofire,0.0,159.0,HTTP networking library for iOS and macOS,
SAP,0.0,189.0,An ERP software used for effective business operations,"SAP SE (; German pronunciation: [ɛsʔaːˈpeː] ) is a German multinational software company based in Walldorf, Baden-Württemberg. It develops enterprise software to manage business operations and customer relations. The company is the world's leading enterprise resource planning (ERP) software vendor. SAP is the largest non-American software company by revenue and the world's third-largest publicly traded software company by revenue. Apart from ERP software, the company also sells database software and technology (particularly its own brands), cloud-engineered systems, and other ERP software products, such as human capital management (HCM) software, customer relationship management (CRM) software (also known as customer experience), enterprise performance management (EPM) software, product lifecycle management (PLM) software, supplier relationship management (SRM) software, supply chain management (SCM) software, business technology platform (BTP) software  and programming environment SAP AppGyver for business.
Historical references include Systems, Applications, and Products in Data Processing, SAP AG and SAP SE."
Nitro,0.0,5.0,Professional Online Translation Service,Nitro may refer to:
ServiceNow.com,0.0,132.0,A service management software,
Spark NLP,0.0,27.0,State of the Art Natural Language Processing,"Spark NLP is an open-source text processing library for advanced natural language processing for the Python, Java and Scala programming languages. The library is built on top of Apache Spark and its Spark ML library.Its purpose is to provide an API for natural language processing pipelines that implement recent academic research results as production-grade, scalable, and trainable software. The library offers pre-trained neural network models, pipelines, and embeddings, as well as support for training custom models."
Poetry,0.0,93.0,Python dependency management and packaging made easy,"Poetry (a term derived from the Greek word poiesis, ""making""), also called verse, is a form of literature that uses aesthetic and often rhythmic qualities of language − such as phonaesthetics, sound symbolism, and metre − to evoke meanings in addition to, or in place of, a prosaic ostensible meaning. A poem is a literary composition, written by a poet, using this principle.
Poetry has a long and varied history, evolving differentially across the globe. It dates back at least to prehistoric times with hunting poetry in Africa and to panegyric and elegiac court poetry of the empires of the Nile, Niger, and Volta River valleys. Some of the earliest written poetry in Africa occurs among the Pyramid Texts written during the 25th century BCE. The earliest surviving Western Asian epic poem, the Epic of Gilgamesh, was written in the Sumerian language.
Early poems in the Eurasian continent evolved from folk songs such as the Chinese Shijing as well as from religious hymns (the Sanskrit Rigveda, the Zoroastrian Gathas, the Hurrian songs, and the Hebrew Psalms); or from a need to retell oral epics, as with the Egyptian Story of Sinuhe, Indian epic poetry, and the Homeric epics, the Iliad and the Odyssey. 
Ancient Greek attempts to define poetry, such as Aristotle's Poetics, focused on the uses of speech in rhetoric, drama, song, and comedy. Later attempts concentrated on features such as repetition, verse form, and rhyme, and emphasized the aesthetics which distinguish poetry from more objectively-informative prosaic writing.
Poetry uses forms and conventions to suggest differential interpretations of words, or to evoke emotive responses. Devices such as assonance, alliteration, onomatopoeia, and rhythm may convey musical or incantatory effects. The use of ambiguity, symbolism, irony, and other stylistic elements of poetic diction often leaves a poem open to multiple interpretations. Similarly, figures of speech such as metaphor, simile, and metonymy establish a resonance between otherwise disparate images—a layering of meanings, forming connections previously not perceived. Kindred forms of resonance may exist, between individual verses, in their patterns of rhyme or rhythm.
Some poetry types are unique to particular cultures and genres and respond to characteristics of the language in which the poet writes. Readers accustomed to identifying poetry with Dante, Goethe, Mickiewicz, or Rumi may think of it as written in lines based on rhyme and regular meter. There are, however, traditions, such as Biblical poetry, that use other means to create rhythm and euphony. Much modern poetry reflects a critique of poetic tradition, testing the principle of euphony itself or altogether forgoing rhyme or set rhythm.Poets – as, from the Greek, ""makers"" of language – have contributed to the evolution of the linguistic, expressive, and utilitarian qualities of their languages. In an increasingly globalized world, poets often adapt forms, styles, and techniques from diverse cultures and languages. 
A Western cultural tradition (extending at least from Homer to Rilke) associates the production of poetry with inspiration – often by a Muse (either classical or contemporary), or through other (often canonised) poets' work which sets some kind of example or challenge. 
 In first-person poems, the lyrics are spoken by an ""I"", a character who may be termed the speaker, distinct from the poet (the author). Thus if, for example, a poem asserts, ""I killed my enemy in Reno"", it is the speaker, not the poet, who is the killer (unless this ""confession"" is a form of metaphor which needs to be considered in closer context – via close reading)."
Courier,0.0,17.0,Deliver your notifications to the best channel for each user,"A courier is a person or organization that delivers a message, package or letter from one place or person to another place or person. Typically, a courier provides their courier service on a commercial contract basis; however, some couriers are government or state agency employees (for example: a diplomatic courier)."
DuckDB,0.0,13.0,SQLite for Analytics,This article is a list of column-oriented database management system software.
Mediasoup,0.0,15.0,Cutting Edge WebRTC Video Conferencing,
EasyOCR,0.0,7.0,Ready-to-use OCR with 40 languages,
KubeVirt,0.0,5.0,Virtual Machine Management on Kubernetes,
Tokio,0.0,39.0,Runtime for writing reliable asynchronous applications with Rust,"Tokio may refer to:

Tokyo (東京, Tōkyō), the capital of Japan, used primarily in non-English-speaking countriesTokio (トキオ) may also refer to:"
Owin,0.0,159.0,A standard interface between .NET web servers and web applications,
Azure Cognitive Search,1.0,29.0,AI-powered cloud search service for mobile and web app development,"Microsoft Azure Cognitive Search, formerly known as Azure Search, is a component of the Microsoft Azure Cloud Platform providing indexing and querying capabilities for data uploaded to Microsoft servers. The Search as a service framework is intended to provide developers with complex search capabilities for mobile and web development while hiding infrastructure requirements and search algorithm complexities. Azure Search is a recent addition to Microsoft's Infrastructure as a Service (IaaS) approach."
Back4app AI Agent,0.0,0.0,Your AI DevOps assistant,
Microsoft Bot Framework,21.0,173.0,"Connect intelligent bots that interact via text/sms, Skype, Slack, Office 365 mail and other popular s...",
Tailscale,0.0,30.0,Private networks made easy,"Tailscale Inc. is a software company based in Toronto, Canada. Tailscale develops a partially open-source software-defined mesh virtual private network (VPN) and a web-based management service. The company provides a zero config VPN as a service under the same name."
Leantime,0.0,7.0,Open source project management system for small teams and startups,
react-three-fiber,0.0,44.0,A React renderer for Three.js (web and react-native),
EasyOCR,0.0,7.0,Ready-to-use OCR with 40 languages,
Tailscale,0.0,30.0,Private networks made easy,"Tailscale Inc. is a software company based in Toronto, Canada. Tailscale develops a partially open-source software-defined mesh virtual private network (VPN) and a web-based management service. The company provides a zero config VPN as a service under the same name."
Alamofire,0.0,159.0,HTTP networking library for iOS and macOS,
Back4app AI Agent,0.0,0.0,Your AI DevOps assistant,
DuckDB,0.0,13.0,SQLite for Analytics,This article is a list of column-oriented database management system software.
Poetry,0.0,93.0,Python dependency management and packaging made easy,"Poetry (a term derived from the Greek word poiesis, ""making""), also called verse, is a form of literature that uses aesthetic and often rhythmic qualities of language − such as phonaesthetics, sound symbolism, and metre − to evoke meanings in addition to, or in place of, a prosaic ostensible meaning. A poem is a literary composition, written by a poet, using this principle.
Poetry has a long and varied history, evolving differentially across the globe. It dates back at least to prehistoric times with hunting poetry in Africa and to panegyric and elegiac court poetry of the empires of the Nile, Niger, and Volta River valleys. Some of the earliest written poetry in Africa occurs among the Pyramid Texts written during the 25th century BCE. The earliest surviving Western Asian epic poem, the Epic of Gilgamesh, was written in the Sumerian language.
Early poems in the Eurasian continent evolved from folk songs such as the Chinese Shijing as well as from religious hymns (the Sanskrit Rigveda, the Zoroastrian Gathas, the Hurrian songs, and the Hebrew Psalms); or from a need to retell oral epics, as with the Egyptian Story of Sinuhe, Indian epic poetry, and the Homeric epics, the Iliad and the Odyssey. 
Ancient Greek attempts to define poetry, such as Aristotle's Poetics, focused on the uses of speech in rhetoric, drama, song, and comedy. Later attempts concentrated on features such as repetition, verse form, and rhyme, and emphasized the aesthetics which distinguish poetry from more objectively-informative prosaic writing.
Poetry uses forms and conventions to suggest differential interpretations of words, or to evoke emotive responses. Devices such as assonance, alliteration, onomatopoeia, and rhythm may convey musical or incantatory effects. The use of ambiguity, symbolism, irony, and other stylistic elements of poetic diction often leaves a poem open to multiple interpretations. Similarly, figures of speech such as metaphor, simile, and metonymy establish a resonance between otherwise disparate images—a layering of meanings, forming connections previously not perceived. Kindred forms of resonance may exist, between individual verses, in their patterns of rhyme or rhythm.
Some poetry types are unique to particular cultures and genres and respond to characteristics of the language in which the poet writes. Readers accustomed to identifying poetry with Dante, Goethe, Mickiewicz, or Rumi may think of it as written in lines based on rhyme and regular meter. There are, however, traditions, such as Biblical poetry, that use other means to create rhythm and euphony. Much modern poetry reflects a critique of poetic tradition, testing the principle of euphony itself or altogether forgoing rhyme or set rhythm.Poets – as, from the Greek, ""makers"" of language – have contributed to the evolution of the linguistic, expressive, and utilitarian qualities of their languages. In an increasingly globalized world, poets often adapt forms, styles, and techniques from diverse cultures and languages. 
A Western cultural tradition (extending at least from Homer to Rilke) associates the production of poetry with inspiration – often by a Muse (either classical or contemporary), or through other (often canonised) poets' work which sets some kind of example or challenge. 
 In first-person poems, the lyrics are spoken by an ""I"", a character who may be termed the speaker, distinct from the poet (the author). Thus if, for example, a poem asserts, ""I killed my enemy in Reno"", it is the speaker, not the poet, who is the killer (unless this ""confession"" is a form of metaphor which needs to be considered in closer context – via close reading)."
Spark NLP,0.0,27.0,State of the Art Natural Language Processing,"Spark NLP is an open-source text processing library for advanced natural language processing for the Python, Java and Scala programming languages. The library is built on top of Apache Spark and its Spark ML library.Its purpose is to provide an API for natural language processing pipelines that implement recent academic research results as production-grade, scalable, and trainable software. The library offers pre-trained neural network models, pipelines, and embeddings, as well as support for training custom models."
Nitro,0.0,5.0,Professional Online Translation Service,Nitro may refer to:
Owin,0.0,159.0,A standard interface between .NET web servers and web applications,
KubeVirt,0.0,5.0,Virtual Machine Management on Kubernetes,
Tokio,0.0,39.0,Runtime for writing reliable asynchronous applications with Rust,"Tokio may refer to:

Tokyo (東京, Tōkyō), the capital of Japan, used primarily in non-English-speaking countriesTokio (トキオ) may also refer to:"
Microsoft Bot Framework,21.0,173.0,"Connect intelligent bots that interact via text/sms, Skype, Slack, Office 365 mail and other popular s...",
Courier,0.0,17.0,Deliver your notifications to the best channel for each user,"A courier is a person or organization that delivers a message, package or letter from one place or person to another place or person. Typically, a courier provides their courier service on a commercial contract basis; however, some couriers are government or state agency employees (for example: a diplomatic courier)."
Azure Cognitive Search,1.0,29.0,AI-powered cloud search service for mobile and web app development,"Microsoft Azure Cognitive Search, formerly known as Azure Search, is a component of the Microsoft Azure Cloud Platform providing indexing and querying capabilities for data uploaded to Microsoft servers. The Search as a service framework is intended to provide developers with complex search capabilities for mobile and web development while hiding infrastructure requirements and search algorithm complexities. Azure Search is a recent addition to Microsoft's Infrastructure as a Service (IaaS) approach."
Leantime,0.0,7.0,Open source project management system for small teams and startups,
VSCodium,57.0,94.0,Free/Libre Open Source Software Binaries of VSCode,"Visual Studio Code, also commonly referred to as VS Code, is a source-code editor developed by Microsoft for Windows, Linux and macOS. Features include support for debugging, syntax highlighting, intelligent code completion, snippets, code refactoring, and embedded Git. Users can change the theme, keyboard shortcuts, preferences, and install extensions that add functionality.
In the Stack Overflow 2023 Developer Survey, Visual Studio Code was ranked the most popular developer environment tool among 86,544 respondents, with 73.71% reporting that they use it. The survey also found Visual Studio Code to be used more by those learning to code than by professional developers (78% vs. 74%)."
Kind,0.0,27.0,Run local Kubernetes clusters using Docker,Kind or KIND may refer to:
ChatterBot,0.0,20.0,A conversational dialog engine for creating chat bots,
Coda,0.0,104.0,"A new type of document that blends the flexibility of documents, the power of spreadsheets, and the ut...",Coda or CODA may refer to:
JetBrains Space,4.0,52.0,The integrated team environment,
BFE,0.0,2.0,Open-source layer 7 load balancer (by Baidu),"BFE may refer to:

Bacterial Filtration Efficiency, a measurement of filtration efficiency of filtration systems such as surgical face masks
Base Flood Elevation, a level set by the Federal Emergency Management Agency based on 100 year flood models; see Flood opening
Bastard Film Encounter, a US-based film festival
Beweissicherungs- und Festnahmeeinheiten or arrest units, police support groups in Germany
British Film Editors, a not-for profit honorary society of professional British Film and Television Editors
Brooklyn Funk Essentials, a music collective
Serious Sam 3: BFE, a video game
BFE, the National Rail station code for Bere Ferrers railway station, Devon, England"
Decentralized Internet,0.0,5.0,Tool for building decentralization applications,
Pipedream,0.0,28.0,"Develop any workflow, on any trigger, with auth and no infra","Pipe dream, a phrase describing a wild or unattainable plan, may refer to:"
Julia,166.0,526.0,"A high-level, high-performance dynamic programming language for technical computing",Julia may refer to:
Decentralized Internet,0.0,5.0,Tool for building decentralization applications,
BFE,0.0,2.0,Open-source layer 7 load balancer (by Baidu),"BFE may refer to:

Bacterial Filtration Efficiency, a measurement of filtration efficiency of filtration systems such as surgical face masks
Base Flood Elevation, a level set by the Federal Emergency Management Agency based on 100 year flood models; see Flood opening
Bastard Film Encounter, a US-based film festival
Beweissicherungs- und Festnahmeeinheiten or arrest units, police support groups in Germany
British Film Editors, a not-for profit honorary society of professional British Film and Television Editors
Brooklyn Funk Essentials, a music collective
Serious Sam 3: BFE, a video game
BFE, the National Rail station code for Bere Ferrers railway station, Devon, England"
Microsoft Bot Framework,21.0,173.0,"Connect intelligent bots that interact via text/sms, Skype, Slack, Office 365 mail and other popular s...",
Pg_stat_monitor,0.0,0.0,Better insights into query performance in PostgreSQL,
Pipedream,0.0,28.0,"Develop any workflow, on any trigger, with auth and no infra","Pipe dream, a phrase describing a wild or unattainable plan, may refer to:"
Julia,166.0,526.0,"A high-level, high-performance dynamic programming language for technical computing",Julia may refer to:
Genesys,0.0,23.0,Cloud and on-premises customer experience solutions,"Genesys may refer to:

Genesys (company), a customer experience and contact center technology company
Genesys (RPG), a tabletop role-playing game released by Fantasy Flight Games in 2017
Genesys (video game), an educational video game released in 2000
Genesys (website), a portal to information about plant genetic resources for food and agriculture
Genesys, a brand of music synthesizers produced by Generalmusic
Genesys Wealth Advisers or Avanti Racing Team, an Australian UCI Continental cycling team"
Owin,0.0,159.0,A standard interface between .NET web servers and web applications,
Compose Multiplatform,0.0,12.0,A modern UI framework for Kotlin that makes building performant and beautiful user interfaces easy (By...,
Watchtower,6.0,18.0,A process for automating Docker container base image updates,"A watchtower or watch tower is a type of fortification used in many parts of the world. It differs from a regular tower in that its primary use is military and from a turret in that it is usually a freestanding structure. Its main purpose is to provide a high, safe place from which a sentinel or guard may observe the surrounding area. In some cases, non-military towers, such as religious towers, may also be used as watchtowers."
HTTP/2,0.0,18.0,How people build software,"HTTP/2 (originally named HTTP/2.0) is a major revision of the HTTP network protocol used by the World Wide Web. It was derived from the earlier experimental SPDY protocol, originally developed by Google. HTTP/2 was developed by the HTTP Working Group (also called httpbis, where ""bis"" means ""twice"") of the Internet Engineering Task Force (IETF). HTTP/2 is the first new version of HTTP since HTTP/1.1, which was standardized in RFC 2068 in 1997. The Working Group presented HTTP/2 to the Internet Engineering Steering Group (IESG) for consideration as a Proposed Standard in December 2014, and IESG approved it to publish as Proposed Standard on February 17, 2015 (and was updated in February 2020 in regard to TLS 1.3). The HTTP/2 specification was published as RFC 7540 on May 14, 2015.The standardization effort was supported by Chrome, Opera, Firefox, Internet Explorer 11, Safari, Amazon Silk, and Edge browsers. Most major browsers had added HTTP/2 support by the end of 2015. About  97% of web browsers used have the capability (and  100% of ""tracked desktop"" web browsers). As of July 2023, 36% (after topping out at just over 50%) of the top 10 million websites support HTTP/2.Its successor is HTTP/3, a major revision that builds on the concepts established by HTTP/2."
Qbaka,0.0,2.0,"Smart frontend error monitoring and analytics, JavaScript error tracking",
Leanplum,0.0,42.0,"The most complete mobile marketing platform, designed for intelligent action",
AWS CloudTrail,14.0,290.0,Record AWS API calls for your account and have log files delivered to you,
GitNews,0.0,0.0,"Mobile app for trending repositories from GitHub, HackerNews & Reddit",
LogicMonitor,20.0,35.0,"SaaS-based, automated IT performance monitoring platform for On-Premise, Hybrid, and Cloud infrastruct...",
Caddy,20.0,295.0,The Ultimate Server with Automatic HTTPS,"Caddy may refer to:

Caddie, also spelled caddy, a golfer's assistant
A shopping caddy
A box or bin, such as a ""green bin"" for food waste
Caddy (bridge), an assistant to a tournament director
Caddy (surname)
Caddy (given name)
Caddy (tea), a receptacle used to store tea
Caddy (hardware), a protective case for an electronic module
Catty or Caddy, an Asian unit of weight
Caddy, nickname of Cadborosaurus, a sea serpent in folklore
Caddy, Shetland term for a home reared orphan animal
Caddy (barbell), a 45 pound barbell weight
Caddy (web server), an open-source web server"
HTTP Toolkit,0.0,8.0,"Beautiful & open-source tools to debug, test and develop with HTTP(S)",
Jet Admin,0.0,2.0,Create internal tools without engineering effort,
Njalla,3.0,3.0,Privacy aware domain service,"Njalla is an anonymous domain name registrar, hosting provider and VPN provider, established by The Pirate Bay founder Peter Sunde."
Vue File Agent,0.0,1.0,Full featured drag & drop enabled Vue file upload component,
Google Cloud Code,0.0,4.0,"Everything you need to write, debug, and deploy your code",
Starship (Shell Prompt),8.0,22.0,Extremely customizable prompt for any shell,
CloudCheckr,6.0,16.0,"Analyze your AWS deployment to track resources, control costs, maintain security, and predict future n...",
testmail.app,0.0,4.0,Automate end-to-end email tests,
V Programming Language,0.0,17.0,A compiled language for developing maintainable software,
ORY Hydra,8.0,23.0,Secure access to your applications and APIs,
Hogo,0.0,3.0,Document Security Solution,
Flynn,16.0,13.0,Next generation open source platform as a service,"Flynn is an Irish surname or first name, an anglicised form of the Irish Ó Floinn, meaning ""descendant of Flann"" (a byname meaning ""reddish (complexion)"" or ""ruddy""). The name is more commonly used as a surname rather than a first name.According to John O'Donovan's 1849 works, the modern descendants of Lugaid mac Con include the O'Driscolls, O'Learys, Coffeys, Hennessys and Flynns of County Cork. According to historian C. Thomas Cairney, the O'Flynns, along with the O'Coffeys, O'Dinneens, O'Driscolls, O'Heas, O'Hennessys and O'Learys, were chiefly families of the Corca Laoghdne tribe who in turn came from the Erainn tribe who were the second wave of Celts to settle in Ireland from 500 to 100 BC."
Cloud Foundry,5.0,187.0,Deploy and scale applications in seconds on your choice of private or public cloud,"Cloud Foundry is an open source, multi-cloud application platform as a service (PaaS) governed by the Cloud Foundry Foundation, a 501(c)(6) organization.The software was originally developed by VMware, transferred to Pivotal Software (a joint venture by EMC, VMware and General Electric), who then transferred the software to the Cloud Foundry Foundation upon its inception in 2015."
NCrunch,0.0,5.0,Best continuous testing tool for .Net/.Net Core,
Mux Video,0.0,21.0,The API to video,
Team O'clock,0.0,1.0,Empower teams with focused and stress free meetings,
GoCardless,0.0,54.0,The UK's #1 for online Direct Debit,"GoCardless is a fintech company that specialises in bank payments including recurring payments, Direct Debit processing and Open Banking. GoCardless is headquartered in London.GoCardless provides a payment gateway that enables businesses to set up and manage payments, subscriptions and invoices with automated payment processing.As of 2022, GoCardless reportedly processes $30 billion worth of transactions annually and operates in the UK, European Union, Australia, New Zealand, Canada and the United States."
Sheetsu,8.0,17.0,Turn a Google Spreadsheet into an API,
Useberry,0.0,5.0,Codeless Prototype Analytics,
DataStax Astra,0.0,29.0,Cloud-Native Cassandra as a Service,
Avocado,0.0,6.0,An interaction design toolbox,"The avocado (Persea americana) is a medium-sized, evergreen tree in the laurel family (Lauraceae). It is native to the Americas and was first domesticated in Mesoamerica more than 5,000 years ago. Then as now it was prized for its large and unusually oily fruit. The tree likely originated in the highlands bridging south-central Mexico and Guatemala. Its fruit, sometimes also referred to as an alligator pear or avocado pear, is botanically a large berry containing a single large seed. Sequencing of its genome showed that the evolution of avocados was shaped by polyploidy events and that commercial varieties have an hybrid origin. Avocado trees are partly self-pollinating, and are often propagated through grafting to maintain consistent fruit output. Avocados are presently cultivated in the tropical and Mediterranean climates of many countries. Mexico is the world's leading producer of avocados as of 2020, supplying nearly 30% of the global harvest in that year.The fruit of domestic varieties have smooth, buttery, golden-green flesh when ripe. Depending on the cultivar, avocados have green, brown, purplish, or black skin, and may be pear-shaped, egg-shaped, or spherical. For commercial purposes the fruits are picked while unripe and ripened after harvesting. The nutrient density and extremely high fat content of avocado flesh are useful to a variety of cuisines and are often eaten to enrich vegetarian diets.In major production regions like Chile, Mexico and California the water demands of avocado farms place strain on local resources. Avocado production is also implicated in other externalities, including deforestation and human rights concerns associated with the partial control of their production in Mexico by organized crime. Global warming is expected to result in significant changes to the suitable growing zones for avocados, and place additional pressures on the locales in which they are produced due to heat waves and drought."
pdfmake,0.0,15.0,Client/server side PDF printing in pure JavaScript,
Neptune,2.0,14.0,The most lightweight experiment tracking tool for machine learning,"Neptune is the eighth and farthest planet from the Sun. It is the fourth-largest planet in the Solar System by diameter, the third-most-massive planet, and the densest giant planet. It is 17 times the mass of Earth, and slightly more massive than its near-twin Uranus. Neptune is denser and physically smaller than Uranus because its greater mass causes more gravitational compression of its atmosphere. Being composed primarily of gases and liquids, it has no well-defined solid surface. The planet orbits the Sun once every 164.8 years at an orbital distance of 30.1 astronomical units (4.5 billion kilometres; 2.8 billion miles). It is named after the Roman god of the sea and has the astronomical symbol , representing Neptune's trident.Neptune is not visible to the unaided eye and is the only planet in the Solar System found by mathematical predictions rather than by empirical observation. Unexpected changes in the orbit of Uranus led Alexis Bouvard to hypothesise that its orbit was subject to gravitational perturbation by an unknown planet. After Bouvard's death, the position of Neptune was predicted from his observations, independently, by John Couch Adams and Urbain Le Verrier. Neptune was subsequently observed with a telescope on 23 September 1846 by Johann Galle within a degree of the position predicted by Le Verrier. Its largest moon, Triton, was discovered shortly thereafter, though none of the planet's remaining 14 known moons were located telescopically until the 20th century. The planet's distance from Earth gives it a very small apparent size, making it challenging to study with Earth-based telescopes. Neptune was visited by Voyager 2, when it flew by the planet on 25 August 1989; Voyager 2 remains the only spacecraft to have visited Neptune. The advent of the Hubble Space Telescope and large ground-based telescopes with adaptive optics has allowed for additional detailed observations from afar.
Like the gas giants (Jupiter and Saturn), Neptune's atmosphere is composed primarily of hydrogen and helium, along with traces of hydrocarbons and possibly nitrogen, but contains a higher proportion of ices such as water, ammonia and methane. Similar to Uranus, its interior is primarily composed of ices and rock; both planets are normally considered ""ice giants"" to distinguish them. Along with Rayleigh scattering, traces of methane in the outermost regions in part account for the planet's blue appearance. The blue colour is more saturated than the one present on Uranus due to the thinner haze of Neptune's more active atmosphere.In contrast to the hazy, relatively featureless atmosphere of Uranus, Neptune's atmosphere has active and visible weather patterns. For example, at the time of the Voyager 2 flyby in 1989, the planet's southern hemisphere had a Great Dark Spot comparable to the Great Red Spot on Jupiter. In 2018, a newer main dark spot and smaller dark spot were identified and studied. These weather patterns are driven by the strongest sustained winds of any planet in the Solar System, with recorded wind speeds as high as 2,100 km/h (580 m/s; 1,300 mph). Because of its great distance from the Sun, Neptune's outer atmosphere is one of the coldest places in the Solar System, with temperatures at its cloud tops approaching 55 K (−218 °C; −361 °F). Temperatures at the planet's centre are approximately 5,400 K (5,100 °C; 9,300 °F). Neptune has a faint and fragmented ring system (labelled ""arcs""), which was discovered in 1984, then later confirmed by Voyager 2."
Surge,60.0,87.0,Static web publishing for Front-End Developers,"Surge means a sudden transient rush or flood, and may refer to:"
LetsView,10.0,3.0,A free wireless screen mirroring tool,
Security Reviewer,0.0,0.0,Find App Vulnerabilities before Hackers do,
Ionic React,0.0,68.0,"A native React version of Ionic Framework that makes it easy to build apps for iOS, Android, Desktop, ...",
Origami,11.0,45.0,A free design prototyping toolkit for Quartz Composer,"Origami (折り紙, Japanese pronunciation: [oɾiɡami] or [oɾiꜜɡami], from ori meaning ""folding"", and kami meaning ""paper"" (kami changes to gami due to rendaku)) is the Japanese art of paper folding. In modern usage, the word ""origami"" is often used as an inclusive term for all folding practices, regardless of their culture of origin. The goal is to transform a flat square sheet of paper into a finished sculpture through folding and sculpting techniques. Modern origami practitioners generally discourage the use of cuts, glue, or markings on the paper. Origami folders often use the Japanese word kirigami to refer to designs which use cuts.
In the detailed Japanese classification, origami is divided into stylized ceremonial origami (儀礼折り紙, girei origami) and recreational origami (遊戯折り紙, yūgi origami), and only recreational origami is generally recognized as origami.  In Japan, ceremonial origami is generally called ""origata"" (ja:折形) to distinguish it from recreational origami. The term ""origata"" is one of the old terms for origami.The small number of basic origami folds can be combined in a variety of ways to make intricate designs. The best-known origami model is the Japanese paper crane. In general, these designs begin with a square sheet of paper whose sides may be of different colors, prints, or patterns. Traditional Japanese origami, which has been practiced since the Edo period (1603–1867), has often been less strict about these conventions, sometimes cutting the paper or using nonsquare shapes to start with. The principles of origami are also used in stents, packaging, and other engineering applications."
runit,0.0,4.0,Cross-platform Unix init scheme with service supervision,"runit is an init and service management scheme for Unix-like operating systems that initializes, supervises, and ends processes throughout the operating system. Runit is a reimplementation of the daemontools process supervision toolkit that runs on many Linux-based operating systems, as well as BSD, and Solaris operating systems. Runit features parallelization of the start up of system services, which can speed up the boot time of the operating system.
When running as an init daemon, Runit is the direct or indirect ancestor of all other processes. It is the first process started during booting, and continues running until the system is shut down. It is often used with other init systems as a separate service manager. In the service manager role, it can be used by unprivileged users to orchestrate personal services, as well as by root to manage services not otherwise managed by the init system currently in use."
Njalla,3.0,3.0,Privacy aware domain service,"Njalla is an anonymous domain name registrar, hosting provider and VPN provider, established by The Pirate Bay founder Peter Sunde."
Hydra Framework,6.0,13.0,A framework that simplifies development of complex applications (by Facebook),
Jet Admin,0.0,2.0,Create internal tools without engineering effort,
BigCommerce,0.0,687.0,Ecommerce platform which allows you to create an online store,"BigCommerce is a NASDAQ-listed ecommerce platform that provides software as a service services to retailers. The company's platform includes online store creation, search engine optimization, hosting, and marketing and security from small to Enterprise sized businesses."
MEAN,594.0,342.0,"A Simple, Scalable and Easy starting point for full stack javascript web development","Mean is a term used in mathematics and statistics.
Mean may also refer to:"
SurveyMonkey,0.0,60.0,A web-based survey solutions,"SurveyMonkey Inc. (formerly Momentive Global Inc. for a short period) is an experience management company that offers cloud-based software  in brand insights, market insights, product experience, employee experience, customer experience, online survey development, and a suite of paid back-end programs.Along with a 200,000 square foot headquarter building in San Mateo, California, SurveyMonkey has offices in Portland, Seattle, Dublin, Ottawa, London, and Sydney. As of 2022, SurveyMonkey employed around 1,400 people.On June 9, 2021, SurveyMonkey announced its rebrand to Momentive with the intent to better represent their business-to-business product suite. SurveyMonkey will continue to operate as a subsidiary survey platform. The Momentive Inc. product portfolio includes Momentive, GetFeedback, and SurveyMonkey.Two years later in June 2023 the company rebranded itself back to SurveyMonkey after getting acquired by an investor group led by Symphony Technology Group."
NCrunch,0.0,5.0,Best continuous testing tool for .Net/.Net Core,
WordOps,0.0,8.0,An essential toolset that eases WordPress site and server administration,
V Programming Language,0.0,17.0,A compiled language for developing maintainable software,
ProcessWire,64.0,52.0,CMS with a jQuery inspired content API,"ProcessWire is a free and open source content management system (CMS), content management framework (CMF) and web application framework (WAF) written in the PHP programming language. It is distributed under the Mozilla Public License 2.0. ProcessWire is built around an API with usage and naming conventions similar to the JavaScript framework jQuery. The stated goal behind the API is to provide the level of accessibility and control to pages in a website that jQuery provides to the DOM. Content is managed either via the API or the web-based admin control panel. ProcessWire is largely used for development of web sites, web applications, services, content feeds and related applications."
CrowdFlower,0.0,3.0,"Instantly hire millions of people to collect, filter, and enhance your data.","Figure Eight (formerly known as Dolores Labs, CrowdFlower) was a human-in-the-loop machine learning and artificial intelligence company based in San Francisco.
Figure Eight technology uses human intelligence to do simple tasks such as transcribing text or annotating images to train machine learning algorithms. Figure Eight's software automates tasks for machine learning algorithms, which can be used to improve catalog search results, approve photos or support customers and the technology can be used in the development of self-driving cars, intelligent personal assistants and other technology that uses machine learning.The company was acquired by Appen in March 2019 for $300 million."
VerneMQ,6.0,30.0,VerneMQ is a distributed IoT/MQTT message broker.,
Orleans,41.0,59.0,An approach to building distributed applications in .NET,"Orléans (UK: ; US: , French: [ɔʁleɑ̃] ) is a city in north-central France, about 120 kilometres (74 miles) southwest of Paris. It is the prefecture of the department of Loiret and of the region of Centre-Val de Loire.
Orléans is located on the river Loire nestled in the heart of the Loire Valley, classified as a World Heritage Site, where the river curves south towards the Massif Central. In 2019, the city had 116,269 inhabitants within its municipal boundaries. Orléans is the center of Orléans Métropole that has a population of 288,229. The larger metropolitan area has a population of 451,373, the 20th largest in France.The city owes its development from antiquity to the commercial exchanges resulting from the river. An important river trade port, it was the headquarters of the community of merchants frequenting the Loire. It was the capital of the Kingdom of France during the Merovingian period and played an important role in the Hundred Years' War, particularly known for the role of Joan of Arc during the siege of Orléans. Every first week of May since 1432, the city pays homage to the ""Maid of Orléans"" during the Johannic Holidays which has been listed in the inventory of intangible cultural heritage in France. One of Europe's oldest universities was created in 1306 by Pope Clement V and re-founded in 1966 as the University of Orléans, hosting more than 20,000 students in 2019.The Île d'Orléans in Quebec, Canada, takes its name from Orléans, as do Orléans, Ontario and the former French colony of New Orleans, Louisiana."
Leaf PHP,20.0,4.0,"Create clean, simple but powerful web apps and APIs quickly",
Zulip,358.0,216.0,Powerful open source team chat,"Zulip is an open source chat and collaborative software created by Jeff Arnold, Waseem Daher, Jessica McKellar, and Tim Abbott in 2012. Today, it is one of the free and open source alternatives to Slack, with over 40,000 commits contributed by 660 people."
Bower,927.0,6390.0,A package manager for the web,Bower may refer to:
Rackspace Cloud Servers,107.0,291.0,Powerful Linux and Windows servers in minutes,"The Rackspace Cloud is a set of cloud computing products and services billed on a utility computing basis from the US-based company Rackspace. Offerings include Cloud Storage (""Cloud Files""), virtual private server (""Cloud Servers""), load balancers, databases, backup, and monitoring."
DataStax Astra,0.0,29.0,Cloud-Native Cassandra as a Service,
AddThis,0.0,6310.0,A content sharing platform,"AddThis was a free social bookmarking service that could be integrated into a website with the use of a web widget. Once the widget was added, visitors of a website using the service could bookmark or share an item using a variety of services, such as Facebook, MySpace, Pinterest, and Twitter. AddThis collected users' behavioural data, even if they do not share anything. The site reached 1.9 billion unique visitors monthly and is used by more than 15 million web publishers. The service operated under companies including AddThis, Inc., AddThis, LLC, and Clearspring Technologies, Inc. until the company's acquisition by Oracle Corporation on January 5, 2016. AddThis would continue to run until all services were terminated on May 31, 2023."
Vue CLI,3.0,437.0,Standard Tooling for Vue.js Development,
rdkafka,0.0,22.0,Modern and performant Kafka client library for Ruby,
1&1,3.0,60.0,Got a great idea? Get a great domain!,"1+1 is a mathematical expression that evaluates to:

2 (number) (in ordinary arithmetic)
1 (number) (in Boolean algebra with a notation where '+' denotes a logical disjunction)
0 (number) (in Boolean algebra with a notation where '+' denotes 'exclusive or' operation, or in a quotient ring of numbers modulo 2)The terms 1+1, One Plus One, or One and One may refer to:"
Ionic React,0.0,68.0,"A native React version of Ionic Framework that makes it easy to build apps for iOS, Android, Desktop, ...",
Kaldi,0.0,23.0,Toolkit for speech recognition,"Kaldi or Khalid was a legendary Arab Ethiopian goatherd who discovered the coffee plant around 850 CE, according to popular legend, after which it entered the Islamic world and then the rest of the world."
ProxyCrawl,0.0,5.0,It reduces time spent developing scrapers and crawlers,
Hydra Framework,6.0,13.0,A framework that simplifies development of complex applications (by Facebook),
LetsView,10.0,3.0,A free wireless screen mirroring tool,
Njalla,3.0,3.0,Privacy aware domain service,"Njalla is an anonymous domain name registrar, hosting provider and VPN provider, established by The Pirate Bay founder Peter Sunde."
Bonsai,2.0,27.0,"Fast, reliable full-text search, managed for you by experts.","Bonsai (Japanese: 盆栽, lit. 'tray planting', pronounced [boɰ̃sai] ) is the East Asian art (though popularly conceived as a Japanese artform) of growing and training miniature trees in containers, developed from the traditional Chinese art form of penjing (盆景).
Penjing and bonsai differ in that the former attempts to display ""wilder,"" more naturalistic scenes, often representing landscapes, including elements such as water, rocks, or figurines; on the other hand, bonsai typically focuses on a single tree or a group of trees of the same species, with a higher level of aesthetic refinement.
Similar versions of the art exist in other cultures, including the miniature living landscapes of Vietnamese Hòn non bộ.
During the Tang dynasty, when penjing was at its height, the art was first introduced in China.
The loanword ""bonsai"" has become an umbrella term in English, attached to many forms of diminutive potted plants, and also on occasion to other living and non-living things. According to Stephen Orr in The New York Times, ""the term should be reserved for plants that are grown in shallow containers following the precise tenets of bonsai pruning and training, resulting in an artful miniature replica of a full-grown tree in nature."" In the most restrictive sense, ""bonsai"" refers to miniaturized, container-grown trees adhering to Japanese tradition and principles.
Purposes of bonsai are primarily contemplation for the viewer, and the pleasant exercise of effort and ingenuity for the grower.  In contrast to other plant cultivation practices, bonsai are not grown for the production of food or for medicine.
A bonsai is created beginning with a specimen of source material. This may be a cutting, seedling, a tree from the wild (known as Yamadori) or small tree of a species suitable for bonsai development. Bonsai can be created from nearly any perennial woody-stemmed tree or shrub species that produces true branches and can be cultivated to remain small through pot confinement with crown and root pruning. Some species are popular as bonsai material because they have characteristics, such as small leaves or needles, that make them appropriate for the compact visual scope of bonsai.
The source specimen is shaped to be relatively small and to meet the aesthetic standards of bonsai, which emphasizes not the entirety of grand sceneries but rather, only the tree itself. When the candidate bonsai nears its planned final size, it is planted in a display pot, usually one designed for bonsai display in one of a few accepted shapes and proportions. From that point forward, its growth is restricted by the pot environment. Throughout the year, the bonsai is shaped to limit growth, redistribute foliar vigor to areas requiring further development, and meet the artist's detailed design.
The practice of bonsai is sometimes confused with dwarfing, but dwarfing generally refers to research, discovery, or creation of plants that are permanent, genetic miniatures of existing species. Plant dwarfing often uses selective breeding or genetic engineering to create dwarf cultivars. Bonsai does not require genetically-dwarfed trees but rather, depends on growing small trees from regular stock and seeds. Bonsai uses cultivation techniques like pruning, root reduction, potting, defoliation, and grafting to produce small trees that mimic the shape and style of mature, full-size trees."
Plai,1.0,1.0,Free OKR tool,"Plai may refer to several places in Romania:

Plai, a village in Avram Iancu Commune, Alba County
Plai, a village in Gârda de Sus Commune, Alba County
Plai, a village in Blăjeni Commune, Hunedoara County
Plai, a village in Breznița-Motru Commune, Mehedinți County
Plai, a village in Drajna Commune, Prahova County
Plai, a village in Fundu Moldovei Commune, Suceava County
Plai, a tributary of the Crișul Alb in Hunedoara County
Plai (Mureș), a tributary of the Mureș in Hunedoara County"
Bonsai,2.0,27.0,"Fast, reliable full-text search, managed for you by experts.","Bonsai (Japanese: 盆栽, lit. 'tray planting', pronounced [boɰ̃sai] ) is the East Asian art (though popularly conceived as a Japanese artform) of growing and training miniature trees in containers, developed from the traditional Chinese art form of penjing (盆景).
Penjing and bonsai differ in that the former attempts to display ""wilder,"" more naturalistic scenes, often representing landscapes, including elements such as water, rocks, or figurines; on the other hand, bonsai typically focuses on a single tree or a group of trees of the same species, with a higher level of aesthetic refinement.
Similar versions of the art exist in other cultures, including the miniature living landscapes of Vietnamese Hòn non bộ.
During the Tang dynasty, when penjing was at its height, the art was first introduced in China.
The loanword ""bonsai"" has become an umbrella term in English, attached to many forms of diminutive potted plants, and also on occasion to other living and non-living things. According to Stephen Orr in The New York Times, ""the term should be reserved for plants that are grown in shallow containers following the precise tenets of bonsai pruning and training, resulting in an artful miniature replica of a full-grown tree in nature."" In the most restrictive sense, ""bonsai"" refers to miniaturized, container-grown trees adhering to Japanese tradition and principles.
Purposes of bonsai are primarily contemplation for the viewer, and the pleasant exercise of effort and ingenuity for the grower.  In contrast to other plant cultivation practices, bonsai are not grown for the production of food or for medicine.
A bonsai is created beginning with a specimen of source material. This may be a cutting, seedling, a tree from the wild (known as Yamadori) or small tree of a species suitable for bonsai development. Bonsai can be created from nearly any perennial woody-stemmed tree or shrub species that produces true branches and can be cultivated to remain small through pot confinement with crown and root pruning. Some species are popular as bonsai material because they have characteristics, such as small leaves or needles, that make them appropriate for the compact visual scope of bonsai.
The source specimen is shaped to be relatively small and to meet the aesthetic standards of bonsai, which emphasizes not the entirety of grand sceneries but rather, only the tree itself. When the candidate bonsai nears its planned final size, it is planted in a display pot, usually one designed for bonsai display in one of a few accepted shapes and proportions. From that point forward, its growth is restricted by the pot environment. Throughout the year, the bonsai is shaped to limit growth, redistribute foliar vigor to areas requiring further development, and meet the artist's detailed design.
The practice of bonsai is sometimes confused with dwarfing, but dwarfing generally refers to research, discovery, or creation of plants that are permanent, genetic miniatures of existing species. Plant dwarfing often uses selective breeding or genetic engineering to create dwarf cultivars. Bonsai does not require genetically-dwarfed trees but rather, depends on growing small trees from regular stock and seeds. Bonsai uses cultivation techniques like pruning, root reduction, potting, defoliation, and grafting to produce small trees that mimic the shape and style of mature, full-size trees."
Team O'clock,0.0,1.0,Empower teams with focused and stress free meetings,
Harness.io,6.0,50.0,Continuous Delivery-as-a-Service & Cloud Cost Management,
YugabyteDB,0.0,47.0,"High-performance, distributed SQL database built for resilience and scale","YugabyteDB is a high-performance transactional distributed SQL database for cloud-native applications, developed by Yugabyte."
api.video,0.0,11.0,The API-first platform to build your own video product,
Swiftype,11.0,192.0,Powerful and scalable search for any application or website,"Swiftype is a search and index company based in San Francisco, California, that provides search software for organizations, websites, and computer programs. Notable customers include AT&T, Dr. Pepper, Hubspot and TechCrunch."
Mux Video,0.0,21.0,The API to video,
Ambassador,4.0,74.0,"Open source, Kubernetes-native API Gateway for Microservices built on Envoy","An ambassador is an official envoy, especially a high-ranking diplomat who represents a state and is usually accredited to another sovereign state or to an international organization as the resident representative of their own government or sovereign or appointed for a special and often temporary diplomatic assignment. The word is also used informally for people who are known, without national appointment, to represent certain professions, activities, and fields of endeavor, such as sales.
An ambassador is the ranking government representative stationed in a foreign capital or country. The host country typically allows the ambassador control of specific territory called an embassy, whose territory, staff, and vehicles are generally afforded diplomatic immunity in the host country. Under the Vienna Convention on Diplomatic Relations, an ambassador has the highest diplomatic rank. Countries may choose to maintain diplomatic relations at a lower level by appointing a chargé d'affaires in place of an ambassador.
The equivalent to an ambassador exchanged among members of the Commonwealth of Nations are known as High Commissioners. The ambassadors of the Holy See are known as Apostolic Nuncios."
Dactory,0.0,0.0,Golang GRPC microservice code generator,
Bull,4.0,58.0,Premium Queue package for handling jobs and messages in NodeJS,"A bull is an intact (i.e., not castrated) adult male of the species Bos taurus (cattle). More muscular and aggressive than the females of the same species (i.e. cows proper), bulls have long been an important symbol in many religions, including for sacrifices. These animals play a significant role in beef ranching, dairy farming, and a variety of sporting and cultural activities, including bullfighting and bull riding.
Due to their temperament, handling of bulls requires precautions."
Namecheap,46.0,2570.0,Cheap Domain Names Registration,"Namecheap is an ICANN-accredited domain name registrar and web hosting company, based in Phoenix, Arizona. The company was founded in 2000 by Richard Kirkendall and has since grown to become one of the largest independent domain registrars in the world, with over 10 million customers and over 17 million domains under management.Namecheap offers domain name services, including domain registration, transfer, and renewal, as well as domain privacy protection and other value-added services. In addition, Namecheap also offers shared hosting, VPS hosting, and dedicated servers.
Namecheap has been accepting Bitcoin as a payment method since March 2013.On 15 February 2023, Delhi High Court ordered Indian IT Ministry to block Namecheap and other domain registrars over cybersquatting and non-compliance with India's IT Rules, 2021."
Proxy Crawl,0.0,4.0,Crawling and scraping tools to access internet data,
Aircall,6.0,75.0,The phone system for modern business,
Leaf PHP,20.0,4.0,"Create clean, simple but powerful web apps and APIs quickly",
Kaldi,0.0,23.0,Toolkit for speech recognition,"Kaldi or Khalid was a legendary Arab Ethiopian goatherd who discovered the coffee plant around 850 CE, according to popular legend, after which it entered the Islamic world and then the rest of the world."
WordOps,0.0,8.0,An essential toolset that eases WordPress site and server administration,
V Programming Language,0.0,17.0,A compiled language for developing maintainable software,
ORY Hydra,8.0,23.0,Secure access to your applications and APIs,
VBScript,0.0,51.0,An Active Scripting language that is modeled on Visual Basic,"VBScript (""Microsoft Visual Basic Scripting Edition"") is a deprecated Active Scripting language developed by Microsoft that is modeled on Visual Basic. It allows Microsoft Windows system administrators to generate powerful tools for managing computers without error handling and with subroutines and other advanced programming constructs. It can give the user complete control over many aspects of their computing environment.
VBScript uses the Component Object Model to access elements of the environment within which it is running; for example, the FileSystemObject (FSO) is used to create, read, update and delete files. VBScript has been installed by default in every desktop release of Microsoft Windows since Windows 98; in Windows Server since Windows NT 4.0 Option Pack; and optionally with Windows CE (depending on the device it is installed on).
A VBScript script must be executed within a host environment, of which there are several provided with Microsoft Windows, including: Windows Script Host (WSH), Internet Explorer (IE), and Internet Information Services (IIS). Additionally, the VBScript hosting environment is embeddable in other programs, through technologies such as the Microsoft Script Control (msscript.ocx)."
Kopage Website Builder,1.0,5.0,Self-hosted Website Builder,
Aspose.Slides for .NET,0.0,0.0,"Create, modify and convert PowerPoint presentations",
Netflix FlameScope,0.0,6.0,A visualization tool for exploring different time ranges as Flame Graphs,
HelpStack,0.0,1.0,Open Source Mobile App Customer Support,
DataStax Astra,0.0,29.0,Cloud-Native Cassandra as a Service,
